2025-04-20 14:40:52-699 [background-preinit] INFO  o.h.validator.internal.util.Version - HV000001: Hibernate Validator 8.0.2.Final 
2025-04-20 14:40:52-740 [main] INFO  c.b.r.b.b.ResumeBalanceBotApplication - Starting ResumeBalanceBotApplication using Java 17.0.12 with PID 4704 (C:\Users\mgarcsar\Documents\Bootcamp\etregables\resume-balance-bot\target\classes started by mgarcsar in C:\Users\mgarcsar\Documents\Bootcamp\etregables\resume-balance-bot) 
2025-04-20 14:40:52-741 [main] INFO  c.b.r.b.b.ResumeBalanceBotApplication - The following 1 profile is active: "local" 
2025-04-20 14:40:52-772 [main] INFO  o.s.c.c.c.ConfigServerConfigDataLoader - Fetching config from server at : http://localhost:8888 
2025-04-20 14:40:52-773 [main] INFO  o.s.c.c.c.ConfigServerConfigDataLoader - Located environment: name=resume-balance-bot, profiles=[default], label=null, version=5a7a97dd55033225eab016a6e8a81b123bbbd9e0, state= 
2025-04-20 14:40:52-773 [main] INFO  o.s.c.c.c.ConfigServerConfigDataLoader - Fetching config from server at : http://localhost:8888 
2025-04-20 14:40:52-773 [main] INFO  o.s.c.c.c.ConfigServerConfigDataLoader - Located environment: name=resume-balance-bot, profiles=[local], label=null, version=5a7a97dd55033225eab016a6e8a81b123bbbd9e0, state= 
2025-04-20 14:40:53-745 [main] INFO  o.s.cloud.context.scope.GenericScope - BeanFactory id=558b01df-a481-3acf-835c-3805a4461b92 
2025-04-20 14:40:55-483 [main] INFO  o.s.b.a.e.web.EndpointLinksResolver - Exposing 2 endpoints beneath base path '/actuator' 
2025-04-20 14:40:56-024 [main] INFO  o.s.c.n.e.c.DiscoveryClientOptionalArgsConfiguration - Eureka HTTP Client uses RestTemplate. 
2025-04-20 14:40:56-114 [main] WARN  o.s.c.l.c.LoadBalancerCacheAutoConfiguration$LoadBalancerCaffeineWarnLogger - Spring Cloud LoadBalancer is currently working with the default cache. While this cache implementation is useful for development and tests, it's recommended to use Caffeine cache in production.You can switch to using Caffeine cache, by adding it and org.springframework.cache.caffeine.CaffeineCacheManager to the classpath. 
2025-04-20 14:40:56-204 [main] INFO  o.s.c.n.eureka.InstanceInfoFactory - Setting initial instance status as: STARTING 
2025-04-20 14:40:56-231 [main] INFO  c.netflix.discovery.DiscoveryClient - Initializing Eureka in region us-east-1 
2025-04-20 14:40:56-239 [main] INFO  c.n.d.s.r.aws.ConfigClusterResolver - Resolving eureka endpoints via configuration 
2025-04-20 14:40:56-252 [main] INFO  c.netflix.discovery.DiscoveryClient - Disable delta property : false 
2025-04-20 14:40:56-252 [main] INFO  c.netflix.discovery.DiscoveryClient - Single vip registry refresh property : null 
2025-04-20 14:40:56-252 [main] INFO  c.netflix.discovery.DiscoveryClient - Force full registry fetch : false 
2025-04-20 14:40:56-252 [main] INFO  c.netflix.discovery.DiscoveryClient - Application is null : false 
2025-04-20 14:40:56-252 [main] INFO  c.netflix.discovery.DiscoveryClient - Registered Applications size is zero : true 
2025-04-20 14:40:56-253 [main] INFO  c.netflix.discovery.DiscoveryClient - Application version is -1: true 
2025-04-20 14:40:56-253 [main] INFO  c.netflix.discovery.DiscoveryClient - Getting all instance registry info from the eureka server 
2025-04-20 14:40:56-573 [main] INFO  c.netflix.discovery.DiscoveryClient - The response status is 200 
2025-04-20 14:40:56-575 [main] INFO  c.netflix.discovery.DiscoveryClient - Starting heartbeat executor: renew interval is: 30 
2025-04-20 14:40:56-578 [main] INFO  c.n.discovery.InstanceInfoReplicator - InstanceInfoReplicator onDemand update allowed rate per min is 4 
2025-04-20 14:40:56-581 [main] INFO  c.netflix.discovery.DiscoveryClient - Discovery Client initialized at timestamp 1745178056580 with initial instances count: 3 
2025-04-20 14:40:56-588 [main] INFO  o.s.c.n.e.s.EurekaServiceRegistry - Registering application RESUME-BALANCE-BOT with eureka with status UP 
2025-04-20 14:40:56-589 [main] INFO  c.netflix.discovery.DiscoveryClient - Saw local status change event StatusChangeEvent [timestamp=1745178056588, current=UP, previous=STARTING] 
2025-04-20 14:40:56-591 [DiscoveryClient-InstanceInfoReplicator-%d] INFO  c.netflix.discovery.DiscoveryClient - DiscoveryClient_RESUME-BALANCE-BOT/resume-balance-bot:8686: registering service... 
2025-04-20 14:40:56-634 [DiscoveryClient-InstanceInfoReplicator-%d] INFO  c.netflix.discovery.DiscoveryClient - DiscoveryClient_RESUME-BALANCE-BOT/resume-balance-bot:8686 - registration status: 204 
2025-04-20 14:40:59-001 [main] INFO  o.s.c.n.e.s.EurekaServiceRegistry - Unregistering application RESUME-BALANCE-BOT with eureka with status DOWN 
2025-04-20 14:40:59-002 [main] INFO  c.netflix.discovery.DiscoveryClient - Saw local status change event StatusChangeEvent [timestamp=1745178059002, current=DOWN, previous=UP] 
2025-04-20 14:40:59-002 [DiscoveryClient-InstanceInfoReplicator-%d] INFO  c.netflix.discovery.DiscoveryClient - DiscoveryClient_RESUME-BALANCE-BOT/resume-balance-bot:8686: registering service... 
2025-04-20 14:40:59-002 [main] WARN  o.s.b.w.r.c.AnnotationConfigReactiveWebServerApplicationContext - Exception encountered during context initialization - cancelling refresh attempt: org.springframework.context.ApplicationContextException: Failed to start bean 'webServerStartStop' 
2025-04-20 14:40:59-008 [main] INFO  c.netflix.discovery.DiscoveryClient - Shutting down DiscoveryClient ... 
2025-04-20 14:40:59-018 [DiscoveryClient-InstanceInfoReplicator-%d] INFO  c.netflix.discovery.DiscoveryClient - DiscoveryClient_RESUME-BALANCE-BOT/resume-balance-bot:8686 - registration status: 204 
2025-04-20 14:40:59-018 [main] INFO  c.netflix.discovery.DiscoveryClient - Unregistering ... 
2025-04-20 14:40:59-028 [main] INFO  c.netflix.discovery.DiscoveryClient - DiscoveryClient_RESUME-BALANCE-BOT/resume-balance-bot:8686 - deregister  status: 200 
2025-04-20 14:40:59-028 [main] INFO  c.netflix.discovery.DiscoveryClient - Completed shut down of DiscoveryClient 
2025-04-20 14:40:59-042 [main] INFO  o.s.b.a.l.ConditionEvaluationReportLogger - 

Error starting ApplicationContext. To display the condition evaluation report re-run your application with 'debug' enabled. 
2025-04-20 14:40:59-057 [main] ERROR o.s.b.d.LoggingFailureAnalysisReporter - 

***************************
APPLICATION FAILED TO START
***************************

Description:

Web server failed to start. Port 8686 was already in use.

Action:

Identify and stop the process that's listening on port 8686 or configure this application to listen on another port.
 
2025-04-20 14:41:57-234 [background-preinit] INFO  o.h.validator.internal.util.Version - HV000001: Hibernate Validator 8.0.2.Final 
2025-04-20 14:41:57-271 [main] INFO  c.b.r.b.b.ResumeBalanceBotApplication - Starting ResumeBalanceBotApplication using Java 17.0.12 with PID 26012 (C:\Users\mgarcsar\Documents\Bootcamp\etregables\resume-balance-bot\target\classes started by mgarcsar in C:\Users\mgarcsar\Documents\Bootcamp\etregables\resume-balance-bot) 
2025-04-20 14:41:57-272 [main] INFO  c.b.r.b.b.ResumeBalanceBotApplication - The following 1 profile is active: "local" 
2025-04-20 14:41:57-302 [main] INFO  o.s.c.c.c.ConfigServerConfigDataLoader - Fetching config from server at : http://localhost:8888 
2025-04-20 14:41:57-302 [main] INFO  o.s.c.c.c.ConfigServerConfigDataLoader - Located environment: name=resume-balance-bot, profiles=[default], label=null, version=5a7a97dd55033225eab016a6e8a81b123bbbd9e0, state= 
2025-04-20 14:41:57-302 [main] INFO  o.s.c.c.c.ConfigServerConfigDataLoader - Fetching config from server at : http://localhost:8888 
2025-04-20 14:41:57-302 [main] INFO  o.s.c.c.c.ConfigServerConfigDataLoader - Located environment: name=resume-balance-bot, profiles=[local], label=null, version=5a7a97dd55033225eab016a6e8a81b123bbbd9e0, state= 
2025-04-20 14:41:58-141 [main] INFO  o.s.cloud.context.scope.GenericScope - BeanFactory id=558b01df-a481-3acf-835c-3805a4461b92 
2025-04-20 14:41:59-517 [main] INFO  o.s.b.a.e.web.EndpointLinksResolver - Exposing 2 endpoints beneath base path '/actuator' 
2025-04-20 14:41:59-934 [main] INFO  o.s.c.n.e.c.DiscoveryClientOptionalArgsConfiguration - Eureka HTTP Client uses RestTemplate. 
2025-04-20 14:41:59-987 [main] WARN  o.s.c.l.c.LoadBalancerCacheAutoConfiguration$LoadBalancerCaffeineWarnLogger - Spring Cloud LoadBalancer is currently working with the default cache. While this cache implementation is useful for development and tests, it's recommended to use Caffeine cache in production.You can switch to using Caffeine cache, by adding it and org.springframework.cache.caffeine.CaffeineCacheManager to the classpath. 
2025-04-20 14:42:00-049 [main] INFO  o.s.c.n.eureka.InstanceInfoFactory - Setting initial instance status as: STARTING 
2025-04-20 14:42:00-069 [main] INFO  c.netflix.discovery.DiscoveryClient - Initializing Eureka in region us-east-1 
2025-04-20 14:42:00-073 [main] INFO  c.n.d.s.r.aws.ConfigClusterResolver - Resolving eureka endpoints via configuration 
2025-04-20 14:42:00-081 [main] INFO  c.netflix.discovery.DiscoveryClient - Disable delta property : false 
2025-04-20 14:42:00-081 [main] INFO  c.netflix.discovery.DiscoveryClient - Single vip registry refresh property : null 
2025-04-20 14:42:00-081 [main] INFO  c.netflix.discovery.DiscoveryClient - Force full registry fetch : false 
2025-04-20 14:42:00-081 [main] INFO  c.netflix.discovery.DiscoveryClient - Application is null : false 
2025-04-20 14:42:00-081 [main] INFO  c.netflix.discovery.DiscoveryClient - Registered Applications size is zero : true 
2025-04-20 14:42:00-081 [main] INFO  c.netflix.discovery.DiscoveryClient - Application version is -1: true 
2025-04-20 14:42:00-081 [main] INFO  c.netflix.discovery.DiscoveryClient - Getting all instance registry info from the eureka server 
2025-04-20 14:42:00-309 [main] INFO  c.netflix.discovery.DiscoveryClient - The response status is 200 
2025-04-20 14:42:00-311 [main] INFO  c.netflix.discovery.DiscoveryClient - Starting heartbeat executor: renew interval is: 30 
2025-04-20 14:42:00-313 [main] INFO  c.n.discovery.InstanceInfoReplicator - InstanceInfoReplicator onDemand update allowed rate per min is 4 
2025-04-20 14:42:00-315 [main] INFO  c.netflix.discovery.DiscoveryClient - Discovery Client initialized at timestamp 1745178120315 with initial instances count: 3 
2025-04-20 14:42:00-321 [main] INFO  o.s.c.n.e.s.EurekaServiceRegistry - Registering application RESUME-BALANCE-BOT with eureka with status UP 
2025-04-20 14:42:00-322 [main] INFO  c.netflix.discovery.DiscoveryClient - Saw local status change event StatusChangeEvent [timestamp=1745178120322, current=UP, previous=STARTING] 
2025-04-20 14:42:00-324 [DiscoveryClient-InstanceInfoReplicator-%d] INFO  c.netflix.discovery.DiscoveryClient - DiscoveryClient_RESUME-BALANCE-BOT/resume-balance-bot:8787: registering service... 
2025-04-20 14:42:00-357 [DiscoveryClient-InstanceInfoReplicator-%d] INFO  c.netflix.discovery.DiscoveryClient - DiscoveryClient_RESUME-BALANCE-BOT/resume-balance-bot:8787 - registration status: 204 
2025-04-20 14:42:00-523 [main] INFO  o.s.b.w.e.netty.NettyWebServer - Netty started on port 8787 (http) 
2025-04-20 14:42:00-525 [main] INFO  o.s.c.n.e.s.EurekaAutoServiceRegistration - Updating port to 8787 
2025-04-20 14:42:00-762 [main] INFO  c.b.r.b.b.ResumeBalanceBotApplication - Started ResumeBalanceBotApplication in 7.215 seconds (process running for 8.96) 
2025-04-20 14:43:06-601 [scheduling-1] INFO  c.b.r.b.b.connector.ProductConnector - API get products 
2025-04-20 14:43:16-151 [scheduling-1] INFO  c.b.r.b.b.config.WebClientProductApi - Request: GET,  http://localhost:8383/api/products 
2025-04-20 14:43:20-614 [reactor-http-nio-3] INFO  c.b.r.b.b.config.WebClientProductApi - Response status: 200 OK 
2025-04-20 14:43:20-648 [reactor-http-nio-3] INFO  c.b.r.b.b.connector.ProductConnector - API getting product: {"id":"67f9cc806e374c0902dcdb73","productType":"SA","amountOfOpen":10.0,"accountNumber":"SA01-7689199523","hasPlasticCard":true,"cardNumber":"67fd7f29c1328463019a244a","createdDate":[2025,4,12],"customer":{"customerId":"67ec1a41fabf6d0f4ada9865"}} 
2025-04-20 14:43:20-649 [reactor-http-nio-3] INFO  c.b.r.b.b.service.ResumeServiceImpl - 1. Getting products SA. 
2025-04-20 14:43:20-649 [reactor-http-nio-3] INFO  c.b.r.b.b.service.ResumeServiceImpl - 2. Creating resume request of product 67f9cc806e374c0902dcdb73. 
2025-04-20 14:43:20-649 [reactor-http-nio-3] INFO  c.b.r.b.b.connector.ProductConnector - API findBalanceByProductId RQ: 67f9cc806e374c0902dcdb73 
2025-04-20 14:43:20-651 [reactor-http-nio-3] INFO  c.b.r.b.b.config.WebClientProductApi - Request: GET,  http://localhost:8383/api/products/67f9cc806e374c0902dcdb73/balance 
2025-04-20 14:43:20-654 [reactor-http-nio-3] INFO  c.b.r.b.b.connector.ProductConnector - API getting product: {"id":"67f9cd80200fc270ce30e284","productType":"CA","amountOfOpen":10.0,"accountNumber":"CA01-8730016551","hasPlasticCard":true,"cardNumber":"67fd7f29c1328463019a244a","createdDate":[2025,4,11],"customer":{"customerId":"67ec1a41fabf6d0f4ada9865"}} 
2025-04-20 14:43:20-654 [reactor-http-nio-3] INFO  c.b.r.b.b.service.ResumeServiceImpl - 1. Getting products SA. 
2025-04-20 14:43:20-656 [reactor-http-nio-3] INFO  c.b.r.b.b.connector.ProductConnector - API getting product: {"id":"67f9e1c9fe034d395c6d23b3","productType":"FA","amountOfOpen":100.0,"accountNumber":"FA01-9408688263","hasPlasticCard":true,"cardNumber":"67fd7f29c1328463019a244a","createdDate":[2025,4,11],"customer":{"customerId":"67ec1a41fabf6d0f4ada9865"}} 
2025-04-20 14:43:20-656 [reactor-http-nio-3] INFO  c.b.r.b.b.service.ResumeServiceImpl - 1. Getting products SA. 
2025-04-20 14:43:20-657 [reactor-http-nio-3] INFO  c.b.r.b.b.connector.ProductConnector - API getting product: {"id":"67fabf94ec8287214a828c9c","productType":"CC","amountOfOpen":100.0,"accountNumber":"CC01-4406914878","hasPlasticCard":true,"cardNumber":"67fd811bc1328463019a244c","createdDate":[2025,4,12],"customer":{"customerId":"67ec1a41fabf6d0f4ada9865"}} 
2025-04-20 14:43:20-657 [reactor-http-nio-3] INFO  c.b.r.b.b.service.ResumeServiceImpl - 1. Getting products SA. 
2025-04-20 14:43:20-658 [reactor-http-nio-3] INFO  c.b.r.b.b.connector.ProductConnector - API getting product: {"id":"67fac6ee3d4d5b2abeb89be8","productType":"CC","amountOfOpen":0.0,"accountNumber":"CC01-1698441355","hasPlasticCard":true,"createdDate":[2025,4,12],"customer":{"customerId":"67ec1aa7fabf6d0f4ada9868"}} 
2025-04-20 14:43:20-659 [reactor-http-nio-3] INFO  c.b.r.b.b.service.ResumeServiceImpl - 1. Getting products SA. 
2025-04-20 14:43:20-660 [reactor-http-nio-3] INFO  c.b.r.b.b.connector.ProductConnector - API getting product: {"id":"67fac6f73d4d5b2abeb89bea","productType":"SA","amountOfOpen":0.0,"accountNumber":"SA01-3755826271","hasPlasticCard":true,"createdDate":[2025,4,12],"customer":{"customerId":"67ec1aa7fabf6d0f4ada9868"}} 
2025-04-20 14:43:20-660 [reactor-http-nio-3] INFO  c.b.r.b.b.service.ResumeServiceImpl - 1. Getting products SA. 
2025-04-20 14:43:20-660 [reactor-http-nio-3] INFO  c.b.r.b.b.service.ResumeServiceImpl - 2. Creating resume request of product 67fac6f73d4d5b2abeb89bea. 
2025-04-20 14:43:20-660 [reactor-http-nio-3] INFO  c.b.r.b.b.connector.ProductConnector - API findBalanceByProductId RQ: 67fac6f73d4d5b2abeb89bea 
2025-04-20 14:43:20-667 [reactor-http-nio-3] INFO  c.b.r.b.b.config.WebClientProductApi - Request: GET,  http://localhost:8383/api/products/67fac6f73d4d5b2abeb89bea/balance 
2025-04-20 14:43:20-670 [reactor-http-nio-3] INFO  c.b.r.b.b.connector.ProductConnector - API getting product: {"id":"67fb3aaa3d4d5b2abeb89bec","productType":"SA","amountOfOpen":1000.0,"accountNumber":"SA01-4830318062","hasPlasticCard":true,"createdDate":[2025,4,12],"customer":{"customerId":"67ec1aa7fabf6d0f4ada9868"}} 
2025-04-20 14:43:20-670 [reactor-http-nio-3] INFO  c.b.r.b.b.service.ResumeServiceImpl - 1. Getting products SA. 
2025-04-20 14:43:20-671 [reactor-http-nio-3] INFO  c.b.r.b.b.service.ResumeServiceImpl - 2. Creating resume request of product 67fb3aaa3d4d5b2abeb89bec. 
2025-04-20 14:43:20-671 [reactor-http-nio-3] INFO  c.b.r.b.b.connector.ProductConnector - API findBalanceByProductId RQ: 67fb3aaa3d4d5b2abeb89bec 
2025-04-20 14:43:20-671 [reactor-http-nio-3] INFO  c.b.r.b.b.config.WebClientProductApi - Request: GET,  http://localhost:8383/api/products/67fb3aaa3d4d5b2abeb89bec/balance 
2025-04-20 14:43:20-674 [reactor-http-nio-3] INFO  c.b.r.b.b.connector.ProductConnector - API getting product: {"id":"67fe92e0f83aa2186dd5e69c","productType":"SA","amountOfOpen":1000.0,"accountNumber":"SA01-3509644191","hasPlasticCard":true,"createdDate":[2025,4,15],"customer":{"customerId":"67ec1aa7fabf6d0f4ada9868"}} 
2025-04-20 14:43:20-674 [reactor-http-nio-3] INFO  c.b.r.b.b.service.ResumeServiceImpl - 1. Getting products SA. 
2025-04-20 14:43:20-674 [reactor-http-nio-3] INFO  c.b.r.b.b.service.ResumeServiceImpl - 2. Creating resume request of product 67fe92e0f83aa2186dd5e69c. 
2025-04-20 14:43:20-674 [reactor-http-nio-3] INFO  c.b.r.b.b.connector.ProductConnector - API findBalanceByProductId RQ: 67fe92e0f83aa2186dd5e69c 
2025-04-20 14:43:20-675 [reactor-http-nio-3] INFO  c.b.r.b.b.config.WebClientProductApi - Request: GET,  http://localhost:8383/api/products/67fe92e0f83aa2186dd5e69c/balance 
2025-04-20 14:43:20-678 [reactor-http-nio-3] INFO  c.b.r.b.b.connector.ProductConnector - API getting product: {"id":"67fe9360f83aa2186dd5e69e","productType":"SA","amountOfOpen":1000.0,"accountNumber":"SA01-9811236276","hasPlasticCard":true,"createdDate":[2025,4,15],"customer":{"customerId":"67ec1aa7fabf6d0f4ada9868"}} 
2025-04-20 14:43:20-678 [reactor-http-nio-3] INFO  c.b.r.b.b.service.ResumeServiceImpl - 1. Getting products SA. 
2025-04-20 14:43:20-678 [reactor-http-nio-3] INFO  c.b.r.b.b.service.ResumeServiceImpl - 2. Creating resume request of product 67fe9360f83aa2186dd5e69e. 
2025-04-20 14:43:20-678 [reactor-http-nio-3] INFO  c.b.r.b.b.connector.ProductConnector - API findBalanceByProductId RQ: 67fe9360f83aa2186dd5e69e 
2025-04-20 14:43:20-678 [reactor-http-nio-3] INFO  c.b.r.b.b.config.WebClientProductApi - Request: GET,  http://localhost:8383/api/products/67fe9360f83aa2186dd5e69e/balance 
2025-04-20 14:43:20-682 [reactor-http-nio-3] INFO  c.b.r.b.b.connector.ProductConnector - API getting product: {"id":"67fe9db2f83aa2186dd5e6a0","productType":"SA","amountOfOpen":1000.0,"accountNumber":"SA01-2207291036","hasPlasticCard":true,"createdDate":[2025,4,15],"customer":{"customerId":"67ec1aa7fabf6d0f4ada9868"}} 
2025-04-20 14:43:20-682 [reactor-http-nio-3] INFO  c.b.r.b.b.service.ResumeServiceImpl - 1. Getting products SA. 
2025-04-20 14:43:20-682 [reactor-http-nio-3] INFO  c.b.r.b.b.service.ResumeServiceImpl - 2. Creating resume request of product 67fe9db2f83aa2186dd5e6a0. 
2025-04-20 14:43:20-682 [reactor-http-nio-3] INFO  c.b.r.b.b.connector.ProductConnector - API findBalanceByProductId RQ: 67fe9db2f83aa2186dd5e6a0 
2025-04-20 14:43:20-683 [reactor-http-nio-3] INFO  c.b.r.b.b.config.WebClientProductApi - Request: GET,  http://localhost:8383/api/products/67fe9db2f83aa2186dd5e6a0/balance 
2025-04-20 14:43:20-686 [reactor-http-nio-3] INFO  c.b.r.b.b.connector.ProductConnector - API getting product: {"id":"67fec9835c652468edc457d0","productType":"CA","amountOfOpen":1000.0,"accountNumber":"CA01-3433862793","hasPlasticCard":false,"createdDate":[2025,4,15],"customer":{"customerId":"67ec1a63fabf6d0f4ada9866"},"holders":[{"fullName":"ABRAHAM  BERMEJO","email":"mail@gmail.commmm","phone":"11111","identification":{"typeIdentification":"DNI","numberIdentification":"444"}}],"authorizedSignatories":[{"fullName":"VERONICA ARANGO YAMASHIRO","email":"mail@gmail.commmm","phone":"2222222","identification":{"typeIdentification":"DNI","numberIdentification":"22222"}}]} 
2025-04-20 14:43:20-686 [reactor-http-nio-3] INFO  c.b.r.b.b.service.ResumeServiceImpl - 1. Getting products SA. 
2025-04-20 14:43:20-754 [reactor-http-nio-3] INFO  c.b.r.b.b.config.WebClientProductApi - Response status: 200 OK 
2025-04-20 14:43:20-766 [reactor-http-nio-3] INFO  c.b.r.b.b.connector.ProductConnector - API findBalanceByProductId RS: {"creditLimit":0.0,"creditLimitUsed":0.0,"creditEnabledToUse":0.0,"totalAmountInAccount":505.0} 
2025-04-20 14:43:20-767 [reactor-http-nio-3] INFO  c.b.r.b.b.service.ResumeServiceImpl - 3. Balance of product 67f9cc806e374c0902dcdb73, {"creditLimit":0.0,"creditLimitUsed":0.0,"creditEnabledToUse":0.0,"totalAmountInAccount":505.0} 
2025-04-20 14:43:20-769 [reactor-http-nio-3] INFO  c.b.r.b.b.connector.FinanceConnector - API Create Resume RQ: {"productType":"SA","productId":"67f9cc806e374c0902dcdb73","customerId":"67ec1a41fabf6d0f4ada9865","creditEnabledToUse":0.0,"creditLimitTotal":0.0,"creditLimitUsed":0.0,"totalAmountInAccount":505.0,"informDate":[2025,4,20]} 
2025-04-20 14:43:20-771 [reactor-http-nio-3] INFO  c.b.r.b.b.config.WebClientFinanceApi - Request: GET,  http://localhost:8686/api/finance/resumes 
2025-04-20 14:43:20-775 [reactor-http-nio-3] INFO  c.b.r.b.b.config.WebClientProductApi - Response status: 200 OK 
2025-04-20 14:43:20-778 [reactor-http-nio-3] INFO  c.b.r.b.b.connector.ProductConnector - API findBalanceByProductId RS: {"creditLimit":0.0,"creditLimitUsed":0.0,"creditEnabledToUse":0.0,"totalAmountInAccount":1000.0} 
2025-04-20 14:43:20-779 [reactor-http-nio-3] INFO  c.b.r.b.b.service.ResumeServiceImpl - 3. Balance of product 67fe9db2f83aa2186dd5e6a0, {"creditLimit":0.0,"creditLimitUsed":0.0,"creditEnabledToUse":0.0,"totalAmountInAccount":1000.0} 
2025-04-20 14:43:20-781 [reactor-http-nio-3] INFO  c.b.r.b.b.connector.FinanceConnector - API Create Resume RQ: {"productType":"SA","productId":"67fe9db2f83aa2186dd5e6a0","customerId":"67ec1aa7fabf6d0f4ada9868","creditEnabledToUse":0.0,"creditLimitTotal":0.0,"creditLimitUsed":0.0,"totalAmountInAccount":1000.0,"informDate":[2025,4,20]} 
2025-04-20 14:43:20-781 [reactor-http-nio-3] INFO  c.b.r.b.b.config.WebClientFinanceApi - Request: GET,  http://localhost:8686/api/finance/resumes 
2025-04-20 14:43:20-783 [reactor-http-nio-3] INFO  c.b.r.b.b.config.WebClientProductApi - Response status: 200 OK 
2025-04-20 14:43:20-785 [reactor-http-nio-3] INFO  c.b.r.b.b.connector.ProductConnector - API findBalanceByProductId RS: {"creditLimit":0.0,"creditLimitUsed":0.0,"creditEnabledToUse":0.0,"totalAmountInAccount":1280.0} 
2025-04-20 14:43:20-786 [reactor-http-nio-3] INFO  c.b.r.b.b.service.ResumeServiceImpl - 3. Balance of product 67fac6f73d4d5b2abeb89bea, {"creditLimit":0.0,"creditLimitUsed":0.0,"creditEnabledToUse":0.0,"totalAmountInAccount":1280.0} 
2025-04-20 14:43:20-786 [reactor-http-nio-3] INFO  c.b.r.b.b.connector.FinanceConnector - API Create Resume RQ: {"productType":"SA","productId":"67fac6f73d4d5b2abeb89bea","customerId":"67ec1aa7fabf6d0f4ada9868","creditEnabledToUse":0.0,"creditLimitTotal":0.0,"creditLimitUsed":0.0,"totalAmountInAccount":1280.0,"informDate":[2025,4,20]} 
2025-04-20 14:43:20-787 [reactor-http-nio-3] INFO  c.b.r.b.b.config.WebClientFinanceApi - Request: GET,  http://localhost:8686/api/finance/resumes 
2025-04-20 14:43:20-789 [reactor-http-nio-3] INFO  c.b.r.b.b.config.WebClientProductApi - Response status: 200 OK 
2025-04-20 14:43:20-791 [reactor-http-nio-3] INFO  c.b.r.b.b.connector.ProductConnector - API findBalanceByProductId RS: {"creditLimit":0.0,"creditLimitUsed":0.0,"creditEnabledToUse":0.0,"totalAmountInAccount":1000.0} 
2025-04-20 14:43:20-791 [reactor-http-nio-3] INFO  c.b.r.b.b.service.ResumeServiceImpl - 3. Balance of product 67fe9360f83aa2186dd5e69e, {"creditLimit":0.0,"creditLimitUsed":0.0,"creditEnabledToUse":0.0,"totalAmountInAccount":1000.0} 
2025-04-20 14:43:20-792 [reactor-http-nio-3] INFO  c.b.r.b.b.connector.FinanceConnector - API Create Resume RQ: {"productType":"SA","productId":"67fe9360f83aa2186dd5e69e","customerId":"67ec1aa7fabf6d0f4ada9868","creditEnabledToUse":0.0,"creditLimitTotal":0.0,"creditLimitUsed":0.0,"totalAmountInAccount":1000.0,"informDate":[2025,4,20]} 
2025-04-20 14:43:20-793 [reactor-http-nio-3] INFO  c.b.r.b.b.config.WebClientFinanceApi - Request: GET,  http://localhost:8686/api/finance/resumes 
2025-04-20 14:43:20-795 [reactor-http-nio-3] INFO  c.b.r.b.b.config.WebClientProductApi - Response status: 200 OK 
2025-04-20 14:43:20-798 [reactor-http-nio-3] INFO  c.b.r.b.b.connector.ProductConnector - API findBalanceByProductId RS: {"creditLimit":0.0,"creditLimitUsed":0.0,"creditEnabledToUse":0.0,"totalAmountInAccount":1210.0} 
2025-04-20 14:43:20-799 [reactor-http-nio-3] INFO  c.b.r.b.b.service.ResumeServiceImpl - 3. Balance of product 67fb3aaa3d4d5b2abeb89bec, {"creditLimit":0.0,"creditLimitUsed":0.0,"creditEnabledToUse":0.0,"totalAmountInAccount":1210.0} 
2025-04-20 14:43:20-800 [reactor-http-nio-3] INFO  c.b.r.b.b.connector.FinanceConnector - API Create Resume RQ: {"productType":"SA","productId":"67fb3aaa3d4d5b2abeb89bec","customerId":"67ec1aa7fabf6d0f4ada9868","creditEnabledToUse":0.0,"creditLimitTotal":0.0,"creditLimitUsed":0.0,"totalAmountInAccount":1210.0,"informDate":[2025,4,20]} 
2025-04-20 14:43:20-801 [reactor-http-nio-3] INFO  c.b.r.b.b.config.WebClientFinanceApi - Request: GET,  http://localhost:8686/api/finance/resumes 
2025-04-20 14:43:20-805 [reactor-http-nio-3] INFO  c.b.r.b.b.config.WebClientProductApi - Response status: 200 OK 
2025-04-20 14:43:20-808 [reactor-http-nio-3] INFO  c.b.r.b.b.connector.ProductConnector - API findBalanceByProductId RS: {"creditLimit":0.0,"creditLimitUsed":0.0,"creditEnabledToUse":0.0,"totalAmountInAccount":1000.0} 
2025-04-20 14:43:20-808 [reactor-http-nio-3] INFO  c.b.r.b.b.service.ResumeServiceImpl - 3. Balance of product 67fe92e0f83aa2186dd5e69c, {"creditLimit":0.0,"creditLimitUsed":0.0,"creditEnabledToUse":0.0,"totalAmountInAccount":1000.0} 
2025-04-20 14:43:20-809 [reactor-http-nio-3] INFO  c.b.r.b.b.connector.FinanceConnector - API Create Resume RQ: {"productType":"SA","productId":"67fe92e0f83aa2186dd5e69c","customerId":"67ec1aa7fabf6d0f4ada9868","creditEnabledToUse":0.0,"creditLimitTotal":0.0,"creditLimitUsed":0.0,"totalAmountInAccount":1000.0,"informDate":[2025,4,20]} 
2025-04-20 14:43:20-810 [reactor-http-nio-3] INFO  c.b.r.b.b.config.WebClientFinanceApi - Request: GET,  http://localhost:8686/api/finance/resumes 
2025-04-20 14:43:20-974 [reactor-http-nio-3] INFO  c.b.r.b.b.config.WebClientFinanceApi - Response status: 405 METHOD_NOT_ALLOWED 
2025-04-20 14:43:20-995 [reactor-http-nio-3] ERROR c.b.r.b.b.connector.FinanceConnector - API error create resume 405 Method Not Allowed from GET http://localhost:8686/api/finance/resumes 
2025-04-20 14:43:21-000 [reactor-http-nio-3] ERROR c.b.r.b.b.service.ResumeServiceImpl - Saving resume failed 405 Method Not Allowed from GET http://localhost:8686/api/finance/resumes 
2025-04-20 14:43:21-000 [reactor-http-nio-3] ERROR reactor.core.publisher.Operators - Operator called default onErrorDropped 
reactor.core.Exceptions$ErrorCallbackNotImplemented: org.springframework.web.reactive.function.client.WebClientResponseException$MethodNotAllowed: 405 Method Not Allowed from GET http://localhost:8686/api/finance/resumes
Caused by: org.springframework.web.reactive.function.client.WebClientResponseException$MethodNotAllowed: 405 Method Not Allowed from GET http://localhost:8686/api/finance/resumes
	at org.springframework.web.reactive.function.client.WebClientResponseException.create(WebClientResponseException.java:325)
	Suppressed: reactor.core.publisher.FluxOnAssembly$OnAssemblyException: 
Assembly trace from producer [reactor.core.publisher.MonoIgnoreThen] :
	reactor.core.publisher.Mono.then(Mono.java:4879)
	org.springframework.web.reactive.function.client.DefaultWebClient.releaseIfNotConsumed(DefaultWebClient.java:197)
Error has been observed at the following site(s):
	*___________Mono.then ⇢ at org.springframework.web.reactive.function.client.DefaultWebClient.releaseIfNotConsumed(DefaultWebClient.java:197)
	*________Mono.flatMap ⇢ at org.springframework.web.reactive.function.client.DefaultWebClient$DefaultResponseSpec.applyStatusHandlers(DefaultWebClient.java:695)
	|_ Mono.onErrorResume ⇢ at org.springframework.web.reactive.function.client.DefaultWebClient$DefaultResponseSpec.applyStatusHandlers(DefaultWebClient.java:696)
	|_       Mono.flatMap ⇢ at org.springframework.web.reactive.function.client.DefaultWebClient$DefaultResponseSpec.applyStatusHandlers(DefaultWebClient.java:701)
	|_         checkpoint ⇢ 405 METHOD_NOT_ALLOWED from GET http://localhost:8686/api/finance/resumes [DefaultWebClient]
	|_ Mono.switchIfEmpty ⇢ at org.springframework.web.reactive.function.client.DefaultWebClient$DefaultResponseSpec.handleBodyMono(DefaultWebClient.java:664)
	*___________Mono.then ⇢ at org.springframework.web.reactive.function.client.DefaultWebClient.releaseIfNotConsumed(DefaultWebClient.java:197)
	*________Mono.flatMap ⇢ at org.springframework.web.reactive.function.client.DefaultWebClient$DefaultResponseSpec.bodyToMono(DefaultWebClient.java:580)
	|_      Mono.doOnNext ⇢ at com.bootcamp.resume.balance.bot.connector.FinanceConnector.createResume(FinanceConnector.java:28)
	|_     Mono.doOnError ⇢ at com.bootcamp.resume.balance.bot.connector.FinanceConnector.createResume(FinanceConnector.java:30)
	*________Flux.flatMap ⇢ at com.bootcamp.resume.balance.bot.service.ResumeServiceImpl.saveResumesOfSavingAccount(ResumeServiceImpl.java:52)
	|_      Flux.doOnNext ⇢ at com.bootcamp.resume.balance.bot.service.ResumeServiceImpl.saveResumesOfSavingAccount(ResumeServiceImpl.java:53)
	|_     Flux.doOnError ⇢ at com.bootcamp.resume.balance.bot.service.ResumeServiceImpl.saveResumesOfSavingAccount(ResumeServiceImpl.java:55)
Original Stack Trace:
		at org.springframework.web.reactive.function.client.WebClientResponseException.create(WebClientResponseException.java:325)
		at org.springframework.web.reactive.function.client.DefaultClientResponse.lambda$createException$1(DefaultClientResponse.java:214)
		at reactor.core.publisher.FluxMapFuseable$MapFuseableSubscriber.onNext(FluxMapFuseable.java:113)
		at reactor.core.publisher.FluxOnErrorReturn$ReturnSubscriber.onNext(FluxOnErrorReturn.java:162)
		at reactor.core.publisher.FluxDefaultIfEmpty$DefaultIfEmptySubscriber.onNext(FluxDefaultIfEmpty.java:122)
		at reactor.core.publisher.FluxMapFuseable$MapFuseableSubscriber.onNext(FluxMapFuseable.java:129)
		at reactor.core.publisher.FluxContextWrite$ContextWriteSubscriber.onNext(FluxContextWrite.java:107)
		at reactor.core.publisher.FluxMapFuseable$MapFuseableConditionalSubscriber.onNext(FluxMapFuseable.java:299)
		at reactor.core.publisher.FluxFilterFuseable$FilterFuseableConditionalSubscriber.onNext(FluxFilterFuseable.java:337)
		at reactor.core.publisher.Operators$BaseFluxToMonoOperator.completePossiblyEmpty(Operators.java:2097)
		at reactor.core.publisher.MonoCollect$CollectSubscriber.onComplete(MonoCollect.java:145)
		at reactor.core.publisher.FluxMapFuseable$MapFuseableSubscriber.onComplete(FluxMapFuseable.java:152)
		at reactor.core.publisher.FluxPeekFuseable$PeekFuseableSubscriber.onComplete(FluxPeekFuseable.java:277)
		at reactor.core.publisher.FluxMap$MapSubscriber.onComplete(FluxMap.java:144)
		at reactor.netty.channel.FluxReceive.onInboundComplete(FluxReceive.java:413)
		at reactor.netty.channel.ChannelOperations.onInboundComplete(ChannelOperations.java:455)
		at reactor.netty.channel.ChannelOperations.terminate(ChannelOperations.java:509)
		at reactor.netty.http.client.HttpClientOperations.onInboundNext(HttpClientOperations.java:824)
		at reactor.netty.channel.ChannelOperationsHandler.channelRead(ChannelOperationsHandler.java:115)
		at io.netty.channel.AbstractChannelHandlerContext.invokeChannelRead(AbstractChannelHandlerContext.java:444)
		at io.netty.channel.AbstractChannelHandlerContext.invokeChannelRead(AbstractChannelHandlerContext.java:420)
		at io.netty.channel.AbstractChannelHandlerContext.fireChannelRead(AbstractChannelHandlerContext.java:412)
		at io.netty.handler.codec.MessageToMessageDecoder.channelRead(MessageToMessageDecoder.java:107)
		at io.netty.channel.AbstractChannelHandlerContext.invokeChannelRead(AbstractChannelHandlerContext.java:444)
		at io.netty.channel.AbstractChannelHandlerContext.invokeChannelRead(AbstractChannelHandlerContext.java:420)
		at io.netty.channel.AbstractChannelHandlerContext.fireChannelRead(AbstractChannelHandlerContext.java:412)
		at io.netty.channel.CombinedChannelDuplexHandler$DelegatingChannelHandlerContext.fireChannelRead(CombinedChannelDuplexHandler.java:436)
		at io.netty.handler.codec.ByteToMessageDecoder.fireChannelRead(ByteToMessageDecoder.java:346)
		at io.netty.handler.codec.ByteToMessageDecoder.channelRead(ByteToMessageDecoder.java:318)
		at io.netty.channel.CombinedChannelDuplexHandler.channelRead(CombinedChannelDuplexHandler.java:251)
		at io.netty.channel.AbstractChannelHandlerContext.invokeChannelRead(AbstractChannelHandlerContext.java:442)
		at io.netty.channel.AbstractChannelHandlerContext.invokeChannelRead(AbstractChannelHandlerContext.java:420)
		at io.netty.channel.AbstractChannelHandlerContext.fireChannelRead(AbstractChannelHandlerContext.java:412)
		at io.netty.channel.DefaultChannelPipeline$HeadContext.channelRead(DefaultChannelPipeline.java:1357)
		at io.netty.channel.AbstractChannelHandlerContext.invokeChannelRead(AbstractChannelHandlerContext.java:440)
		at io.netty.channel.AbstractChannelHandlerContext.invokeChannelRead(AbstractChannelHandlerContext.java:420)
		at io.netty.channel.DefaultChannelPipeline.fireChannelRead(DefaultChannelPipeline.java:868)
		at io.netty.channel.nio.AbstractNioByteChannel$NioByteUnsafe.read(AbstractNioByteChannel.java:166)
		at io.netty.channel.nio.NioEventLoop.processSelectedKey(NioEventLoop.java:796)
		at io.netty.channel.nio.NioEventLoop.processSelectedKeysOptimized(NioEventLoop.java:732)
		at io.netty.channel.nio.NioEventLoop.processSelectedKeys(NioEventLoop.java:658)
		at io.netty.channel.nio.NioEventLoop.run(NioEventLoop.java:562)
		at io.netty.util.concurrent.SingleThreadEventExecutor$4.run(SingleThreadEventExecutor.java:998)
		at io.netty.util.internal.ThreadExecutorMap$2.run(ThreadExecutorMap.java:74)
		at io.netty.util.concurrent.FastThreadLocalRunnable.run(FastThreadLocalRunnable.java:30)
		at java.base/java.lang.Thread.run(Thread.java:842)
2025-04-20 14:44:02-331 [scheduling-1] INFO  c.b.r.b.b.connector.ProductConnector - API get products 
2025-04-20 14:44:02-332 [scheduling-1] INFO  c.b.r.b.b.config.WebClientProductApi - Request: GET,  http://localhost:8383/api/products 
2025-04-20 14:44:02-346 [reactor-http-nio-3] INFO  c.b.r.b.b.config.WebClientProductApi - Response status: 200 OK 
2025-04-20 14:44:02-354 [reactor-http-nio-3] INFO  c.b.r.b.b.connector.ProductConnector - API getting product: {"id":"67f9cc806e374c0902dcdb73","productType":"SA","amountOfOpen":10.0,"accountNumber":"SA01-7689199523","hasPlasticCard":true,"cardNumber":"67fd7f29c1328463019a244a","createdDate":[2025,4,12],"customer":{"customerId":"67ec1a41fabf6d0f4ada9865"}} 
2025-04-20 14:44:02-355 [reactor-http-nio-3] INFO  c.b.r.b.b.service.ResumeServiceImpl - 1. Getting products SA. 
2025-04-20 14:44:02-355 [reactor-http-nio-3] INFO  c.b.r.b.b.service.ResumeServiceImpl - 2. Creating resume request of product 67f9cc806e374c0902dcdb73. 
2025-04-20 14:44:02-355 [reactor-http-nio-3] INFO  c.b.r.b.b.connector.ProductConnector - API findBalanceByProductId RQ: 67f9cc806e374c0902dcdb73 
2025-04-20 14:44:02-356 [reactor-http-nio-3] INFO  c.b.r.b.b.config.WebClientProductApi - Request: GET,  http://localhost:8383/api/products/67f9cc806e374c0902dcdb73/balance 
2025-04-20 14:44:02-361 [reactor-http-nio-3] INFO  c.b.r.b.b.connector.ProductConnector - API getting product: {"id":"67f9cd80200fc270ce30e284","productType":"CA","amountOfOpen":10.0,"accountNumber":"CA01-8730016551","hasPlasticCard":true,"cardNumber":"67fd7f29c1328463019a244a","createdDate":[2025,4,11],"customer":{"customerId":"67ec1a41fabf6d0f4ada9865"}} 
2025-04-20 14:44:02-361 [reactor-http-nio-3] INFO  c.b.r.b.b.service.ResumeServiceImpl - 1. Getting products SA. 
2025-04-20 14:44:02-363 [reactor-http-nio-3] INFO  c.b.r.b.b.connector.ProductConnector - API getting product: {"id":"67f9e1c9fe034d395c6d23b3","productType":"FA","amountOfOpen":100.0,"accountNumber":"FA01-9408688263","hasPlasticCard":true,"cardNumber":"67fd7f29c1328463019a244a","createdDate":[2025,4,11],"customer":{"customerId":"67ec1a41fabf6d0f4ada9865"}} 
2025-04-20 14:44:02-363 [reactor-http-nio-3] INFO  c.b.r.b.b.service.ResumeServiceImpl - 1. Getting products SA. 
2025-04-20 14:44:02-365 [reactor-http-nio-3] INFO  c.b.r.b.b.connector.ProductConnector - API getting product: {"id":"67fabf94ec8287214a828c9c","productType":"CC","amountOfOpen":100.0,"accountNumber":"CC01-4406914878","hasPlasticCard":true,"cardNumber":"67fd811bc1328463019a244c","createdDate":[2025,4,12],"customer":{"customerId":"67ec1a41fabf6d0f4ada9865"}} 
2025-04-20 14:44:02-366 [reactor-http-nio-3] INFO  c.b.r.b.b.service.ResumeServiceImpl - 1. Getting products SA. 
2025-04-20 14:44:02-373 [reactor-http-nio-3] INFO  c.b.r.b.b.connector.ProductConnector - API getting product: {"id":"67fac6ee3d4d5b2abeb89be8","productType":"CC","amountOfOpen":0.0,"accountNumber":"CC01-1698441355","hasPlasticCard":true,"createdDate":[2025,4,12],"customer":{"customerId":"67ec1aa7fabf6d0f4ada9868"}} 
2025-04-20 14:44:02-373 [reactor-http-nio-3] INFO  c.b.r.b.b.service.ResumeServiceImpl - 1. Getting products SA. 
2025-04-20 14:44:02-375 [reactor-http-nio-3] INFO  c.b.r.b.b.config.WebClientProductApi - Response status: 200 OK 
2025-04-20 14:44:02-377 [reactor-http-nio-3] INFO  c.b.r.b.b.connector.ProductConnector - API findBalanceByProductId RS: {"creditLimit":0.0,"creditLimitUsed":0.0,"creditEnabledToUse":0.0,"totalAmountInAccount":505.0} 
2025-04-20 14:44:02-378 [reactor-http-nio-3] INFO  c.b.r.b.b.service.ResumeServiceImpl - 3. Balance of product 67f9cc806e374c0902dcdb73, {"creditLimit":0.0,"creditLimitUsed":0.0,"creditEnabledToUse":0.0,"totalAmountInAccount":505.0} 
2025-04-20 14:44:02-379 [reactor-http-nio-3] INFO  c.b.r.b.b.connector.FinanceConnector - API Create Resume RQ: {"productType":"SA","productId":"67f9cc806e374c0902dcdb73","customerId":"67ec1a41fabf6d0f4ada9865","creditEnabledToUse":0.0,"creditLimitTotal":0.0,"creditLimitUsed":0.0,"totalAmountInAccount":505.0,"informDate":[2025,4,20]} 
2025-04-20 14:44:02-380 [reactor-http-nio-3] INFO  c.b.r.b.b.config.WebClientFinanceApi - Request: GET,  http://localhost:8686/api/finance/resumes 
2025-04-20 14:44:02-384 [reactor-http-nio-3] INFO  c.b.r.b.b.connector.ProductConnector - API getting product: {"id":"67fac6f73d4d5b2abeb89bea","productType":"SA","amountOfOpen":0.0,"accountNumber":"SA01-3755826271","hasPlasticCard":true,"createdDate":[2025,4,12],"customer":{"customerId":"67ec1aa7fabf6d0f4ada9868"}} 
2025-04-20 14:44:02-384 [reactor-http-nio-3] INFO  c.b.r.b.b.service.ResumeServiceImpl - 1. Getting products SA. 
2025-04-20 14:44:02-384 [reactor-http-nio-3] INFO  c.b.r.b.b.service.ResumeServiceImpl - 2. Creating resume request of product 67fac6f73d4d5b2abeb89bea. 
2025-04-20 14:44:02-384 [reactor-http-nio-3] INFO  c.b.r.b.b.connector.ProductConnector - API findBalanceByProductId RQ: 67fac6f73d4d5b2abeb89bea 
2025-04-20 14:44:02-385 [reactor-http-nio-3] INFO  c.b.r.b.b.config.WebClientProductApi - Request: GET,  http://localhost:8383/api/products/67fac6f73d4d5b2abeb89bea/balance 
2025-04-20 14:44:02-389 [reactor-http-nio-3] INFO  c.b.r.b.b.connector.ProductConnector - API getting product: {"id":"67fb3aaa3d4d5b2abeb89bec","productType":"SA","amountOfOpen":1000.0,"accountNumber":"SA01-4830318062","hasPlasticCard":true,"createdDate":[2025,4,12],"customer":{"customerId":"67ec1aa7fabf6d0f4ada9868"}} 
2025-04-20 14:44:02-389 [reactor-http-nio-3] INFO  c.b.r.b.b.service.ResumeServiceImpl - 1. Getting products SA. 
2025-04-20 14:44:02-389 [reactor-http-nio-3] INFO  c.b.r.b.b.service.ResumeServiceImpl - 2. Creating resume request of product 67fb3aaa3d4d5b2abeb89bec. 
2025-04-20 14:44:02-389 [reactor-http-nio-3] INFO  c.b.r.b.b.connector.ProductConnector - API findBalanceByProductId RQ: 67fb3aaa3d4d5b2abeb89bec 
2025-04-20 14:44:02-390 [reactor-http-nio-3] INFO  c.b.r.b.b.config.WebClientProductApi - Request: GET,  http://localhost:8383/api/products/67fb3aaa3d4d5b2abeb89bec/balance 
2025-04-20 14:44:02-394 [reactor-http-nio-3] INFO  c.b.r.b.b.connector.ProductConnector - API getting product: {"id":"67fe92e0f83aa2186dd5e69c","productType":"SA","amountOfOpen":1000.0,"accountNumber":"SA01-3509644191","hasPlasticCard":true,"createdDate":[2025,4,15],"customer":{"customerId":"67ec1aa7fabf6d0f4ada9868"}} 
2025-04-20 14:44:02-394 [reactor-http-nio-3] INFO  c.b.r.b.b.service.ResumeServiceImpl - 1. Getting products SA. 
2025-04-20 14:44:02-394 [reactor-http-nio-3] INFO  c.b.r.b.b.service.ResumeServiceImpl - 2. Creating resume request of product 67fe92e0f83aa2186dd5e69c. 
2025-04-20 14:44:02-394 [reactor-http-nio-3] INFO  c.b.r.b.b.connector.ProductConnector - API findBalanceByProductId RQ: 67fe92e0f83aa2186dd5e69c 
2025-04-20 14:44:02-395 [reactor-http-nio-3] INFO  c.b.r.b.b.config.WebClientProductApi - Request: GET,  http://localhost:8383/api/products/67fe92e0f83aa2186dd5e69c/balance 
2025-04-20 14:44:02-400 [reactor-http-nio-3] INFO  c.b.r.b.b.connector.ProductConnector - API getting product: {"id":"67fe9360f83aa2186dd5e69e","productType":"SA","amountOfOpen":1000.0,"accountNumber":"SA01-9811236276","hasPlasticCard":true,"createdDate":[2025,4,15],"customer":{"customerId":"67ec1aa7fabf6d0f4ada9868"}} 
2025-04-20 14:44:02-400 [reactor-http-nio-3] INFO  c.b.r.b.b.service.ResumeServiceImpl - 1. Getting products SA. 
2025-04-20 14:44:02-400 [reactor-http-nio-3] INFO  c.b.r.b.b.service.ResumeServiceImpl - 2. Creating resume request of product 67fe9360f83aa2186dd5e69e. 
2025-04-20 14:44:02-400 [reactor-http-nio-3] INFO  c.b.r.b.b.connector.ProductConnector - API findBalanceByProductId RQ: 67fe9360f83aa2186dd5e69e 
2025-04-20 14:44:02-401 [reactor-http-nio-3] INFO  c.b.r.b.b.config.WebClientProductApi - Request: GET,  http://localhost:8383/api/products/67fe9360f83aa2186dd5e69e/balance 
2025-04-20 14:44:02-406 [reactor-http-nio-3] INFO  c.b.r.b.b.connector.ProductConnector - API getting product: {"id":"67fe9db2f83aa2186dd5e6a0","productType":"SA","amountOfOpen":1000.0,"accountNumber":"SA01-2207291036","hasPlasticCard":true,"createdDate":[2025,4,15],"customer":{"customerId":"67ec1aa7fabf6d0f4ada9868"}} 
2025-04-20 14:44:02-406 [reactor-http-nio-3] INFO  c.b.r.b.b.service.ResumeServiceImpl - 1. Getting products SA. 
2025-04-20 14:44:02-406 [reactor-http-nio-3] INFO  c.b.r.b.b.service.ResumeServiceImpl - 2. Creating resume request of product 67fe9db2f83aa2186dd5e6a0. 
2025-04-20 14:44:02-407 [reactor-http-nio-3] INFO  c.b.r.b.b.connector.ProductConnector - API findBalanceByProductId RQ: 67fe9db2f83aa2186dd5e6a0 
2025-04-20 14:44:02-408 [reactor-http-nio-3] INFO  c.b.r.b.b.config.WebClientProductApi - Request: GET,  http://localhost:8383/api/products/67fe9db2f83aa2186dd5e6a0/balance 
2025-04-20 14:44:02-418 [reactor-http-nio-3] INFO  c.b.r.b.b.connector.ProductConnector - API getting product: {"id":"67fec9835c652468edc457d0","productType":"CA","amountOfOpen":1000.0,"accountNumber":"CA01-3433862793","hasPlasticCard":false,"createdDate":[2025,4,15],"customer":{"customerId":"67ec1a63fabf6d0f4ada9866"},"holders":[{"fullName":"ABRAHAM  BERMEJO","email":"mail@gmail.commmm","phone":"11111","identification":{"typeIdentification":"DNI","numberIdentification":"444"}}],"authorizedSignatories":[{"fullName":"VERONICA ARANGO YAMASHIRO","email":"mail@gmail.commmm","phone":"2222222","identification":{"typeIdentification":"DNI","numberIdentification":"22222"}}]} 
2025-04-20 14:44:02-418 [reactor-http-nio-3] INFO  c.b.r.b.b.service.ResumeServiceImpl - 1. Getting products SA. 
2025-04-20 14:44:02-420 [reactor-http-nio-3] INFO  c.b.r.b.b.config.WebClientFinanceApi - Response status: 405 METHOD_NOT_ALLOWED 
2025-04-20 14:44:02-421 [SpringApplicationShutdownHook] INFO  o.s.c.n.e.s.EurekaServiceRegistry - Unregistering application RESUME-BALANCE-BOT with eureka with status DOWN 
2025-04-20 14:44:02-421 [SpringApplicationShutdownHook] INFO  c.netflix.discovery.DiscoveryClient - Saw local status change event StatusChangeEvent [timestamp=1745178242421, current=DOWN, previous=UP] 
2025-04-20 14:44:02-421 [DiscoveryClient-InstanceInfoReplicator-%d] INFO  c.netflix.discovery.DiscoveryClient - DiscoveryClient_RESUME-BALANCE-BOT/resume-balance-bot:8787: registering service... 
2025-04-20 14:44:02-422 [reactor-http-nio-3] ERROR c.b.r.b.b.connector.FinanceConnector - API error create resume 405 Method Not Allowed from GET http://localhost:8686/api/finance/resumes 
2025-04-20 14:44:02-424 [SpringApplicationShutdownHook] INFO  o.s.b.w.e.netty.GracefulShutdown - Commencing graceful shutdown. Waiting for active requests to complete 
2025-04-20 14:44:02-426 [reactor-http-nio-3] ERROR c.b.r.b.b.service.ResumeServiceImpl - Saving resume failed 405 Method Not Allowed from GET http://localhost:8686/api/finance/resumes 
2025-04-20 14:44:02-427 [netty-shutdown] INFO  o.s.b.w.e.netty.GracefulShutdown - Graceful shutdown complete 
2025-04-20 14:44:02-427 [reactor-http-nio-3] ERROR reactor.core.publisher.Operators - Operator called default onErrorDropped 
reactor.core.Exceptions$ErrorCallbackNotImplemented: org.springframework.web.reactive.function.client.WebClientResponseException$MethodNotAllowed: 405 Method Not Allowed from GET http://localhost:8686/api/finance/resumes
Caused by: org.springframework.web.reactive.function.client.WebClientResponseException$MethodNotAllowed: 405 Method Not Allowed from GET http://localhost:8686/api/finance/resumes
	at org.springframework.web.reactive.function.client.WebClientResponseException.create(WebClientResponseException.java:325)
	Suppressed: reactor.core.publisher.FluxOnAssembly$OnAssemblyException: 
Assembly trace from producer [reactor.core.publisher.MonoIgnoreThen] :
	reactor.core.publisher.Mono.then(Mono.java:4879)
	org.springframework.web.reactive.function.client.DefaultWebClient.releaseIfNotConsumed(DefaultWebClient.java:197)
Error has been observed at the following site(s):
	*___________Mono.then ⇢ at org.springframework.web.reactive.function.client.DefaultWebClient.releaseIfNotConsumed(DefaultWebClient.java:197)
	*________Mono.flatMap ⇢ at org.springframework.web.reactive.function.client.DefaultWebClient$DefaultResponseSpec.applyStatusHandlers(DefaultWebClient.java:695)
	|_ Mono.onErrorResume ⇢ at org.springframework.web.reactive.function.client.DefaultWebClient$DefaultResponseSpec.applyStatusHandlers(DefaultWebClient.java:696)
	|_       Mono.flatMap ⇢ at org.springframework.web.reactive.function.client.DefaultWebClient$DefaultResponseSpec.applyStatusHandlers(DefaultWebClient.java:701)
	|_         checkpoint ⇢ 405 METHOD_NOT_ALLOWED from GET http://localhost:8686/api/finance/resumes [DefaultWebClient]
	|_ Mono.switchIfEmpty ⇢ at org.springframework.web.reactive.function.client.DefaultWebClient$DefaultResponseSpec.handleBodyMono(DefaultWebClient.java:664)
	*___________Mono.then ⇢ at org.springframework.web.reactive.function.client.DefaultWebClient.releaseIfNotConsumed(DefaultWebClient.java:197)
	*________Mono.flatMap ⇢ at org.springframework.web.reactive.function.client.DefaultWebClient$DefaultResponseSpec.bodyToMono(DefaultWebClient.java:580)
	|_      Mono.doOnNext ⇢ at com.bootcamp.resume.balance.bot.connector.FinanceConnector.createResume(FinanceConnector.java:28)
	|_     Mono.doOnError ⇢ at com.bootcamp.resume.balance.bot.connector.FinanceConnector.createResume(FinanceConnector.java:30)
	*________Flux.flatMap ⇢ at com.bootcamp.resume.balance.bot.service.ResumeServiceImpl.saveResumesOfSavingAccount(ResumeServiceImpl.java:52)
	|_      Flux.doOnNext ⇢ at com.bootcamp.resume.balance.bot.service.ResumeServiceImpl.saveResumesOfSavingAccount(ResumeServiceImpl.java:53)
	|_     Flux.doOnError ⇢ at com.bootcamp.resume.balance.bot.service.ResumeServiceImpl.saveResumesOfSavingAccount(ResumeServiceImpl.java:55)
Original Stack Trace:
		at org.springframework.web.reactive.function.client.WebClientResponseException.create(WebClientResponseException.java:325)
		at org.springframework.web.reactive.function.client.DefaultClientResponse.lambda$createException$1(DefaultClientResponse.java:214)
		at reactor.core.publisher.FluxMapFuseable$MapFuseableSubscriber.onNext(FluxMapFuseable.java:113)
		at reactor.core.publisher.FluxOnErrorReturn$ReturnSubscriber.onNext(FluxOnErrorReturn.java:162)
		at reactor.core.publisher.FluxDefaultIfEmpty$DefaultIfEmptySubscriber.onNext(FluxDefaultIfEmpty.java:122)
		at reactor.core.publisher.FluxMapFuseable$MapFuseableSubscriber.onNext(FluxMapFuseable.java:129)
		at reactor.core.publisher.FluxContextWrite$ContextWriteSubscriber.onNext(FluxContextWrite.java:107)
		at reactor.core.publisher.FluxMapFuseable$MapFuseableConditionalSubscriber.onNext(FluxMapFuseable.java:299)
		at reactor.core.publisher.FluxFilterFuseable$FilterFuseableConditionalSubscriber.onNext(FluxFilterFuseable.java:337)
		at reactor.core.publisher.Operators$BaseFluxToMonoOperator.completePossiblyEmpty(Operators.java:2097)
		at reactor.core.publisher.MonoCollect$CollectSubscriber.onComplete(MonoCollect.java:145)
		at reactor.core.publisher.FluxMapFuseable$MapFuseableSubscriber.onComplete(FluxMapFuseable.java:152)
		at reactor.core.publisher.FluxPeekFuseable$PeekFuseableSubscriber.onComplete(FluxPeekFuseable.java:277)
		at reactor.core.publisher.FluxMap$MapSubscriber.onComplete(FluxMap.java:144)
		at reactor.netty.channel.FluxReceive.onInboundComplete(FluxReceive.java:413)
		at reactor.netty.channel.ChannelOperations.onInboundComplete(ChannelOperations.java:455)
		at reactor.netty.channel.ChannelOperations.terminate(ChannelOperations.java:509)
		at reactor.netty.http.client.HttpClientOperations.onInboundNext(HttpClientOperations.java:824)
		at reactor.netty.channel.ChannelOperationsHandler.channelRead(ChannelOperationsHandler.java:115)
		at io.netty.channel.AbstractChannelHandlerContext.invokeChannelRead(AbstractChannelHandlerContext.java:444)
		at io.netty.channel.AbstractChannelHandlerContext.invokeChannelRead(AbstractChannelHandlerContext.java:420)
		at io.netty.channel.AbstractChannelHandlerContext.fireChannelRead(AbstractChannelHandlerContext.java:412)
		at io.netty.handler.codec.MessageToMessageDecoder.channelRead(MessageToMessageDecoder.java:107)
		at io.netty.channel.AbstractChannelHandlerContext.invokeChannelRead(AbstractChannelHandlerContext.java:444)
		at io.netty.channel.AbstractChannelHandlerContext.invokeChannelRead(AbstractChannelHandlerContext.java:420)
		at io.netty.channel.AbstractChannelHandlerContext.fireChannelRead(AbstractChannelHandlerContext.java:412)
		at io.netty.channel.CombinedChannelDuplexHandler$DelegatingChannelHandlerContext.fireChannelRead(CombinedChannelDuplexHandler.java:436)
		at io.netty.handler.codec.ByteToMessageDecoder.fireChannelRead(ByteToMessageDecoder.java:346)
		at io.netty.handler.codec.ByteToMessageDecoder.channelRead(ByteToMessageDecoder.java:318)
		at io.netty.channel.CombinedChannelDuplexHandler.channelRead(CombinedChannelDuplexHandler.java:251)
		at io.netty.channel.AbstractChannelHandlerContext.invokeChannelRead(AbstractChannelHandlerContext.java:442)
		at io.netty.channel.AbstractChannelHandlerContext.invokeChannelRead(AbstractChannelHandlerContext.java:420)
		at io.netty.channel.AbstractChannelHandlerContext.fireChannelRead(AbstractChannelHandlerContext.java:412)
		at io.netty.channel.DefaultChannelPipeline$HeadContext.channelRead(DefaultChannelPipeline.java:1357)
		at io.netty.channel.AbstractChannelHandlerContext.invokeChannelRead(AbstractChannelHandlerContext.java:440)
		at io.netty.channel.AbstractChannelHandlerContext.invokeChannelRead(AbstractChannelHandlerContext.java:420)
		at io.netty.channel.DefaultChannelPipeline.fireChannelRead(DefaultChannelPipeline.java:868)
		at io.netty.channel.nio.AbstractNioByteChannel$NioByteUnsafe.read(AbstractNioByteChannel.java:166)
		at io.netty.channel.nio.NioEventLoop.processSelectedKey(NioEventLoop.java:796)
		at io.netty.channel.nio.NioEventLoop.processSelectedKeysOptimized(NioEventLoop.java:732)
		at io.netty.channel.nio.NioEventLoop.processSelectedKeys(NioEventLoop.java:658)
		at io.netty.channel.nio.NioEventLoop.run(NioEventLoop.java:562)
		at io.netty.util.concurrent.SingleThreadEventExecutor$4.run(SingleThreadEventExecutor.java:998)
		at io.netty.util.internal.ThreadExecutorMap$2.run(ThreadExecutorMap.java:74)
		at io.netty.util.concurrent.FastThreadLocalRunnable.run(FastThreadLocalRunnable.java:30)
		at java.base/java.lang.Thread.run(Thread.java:842)
2025-04-20 14:44:02-438 [DiscoveryClient-InstanceInfoReplicator-%d] INFO  c.netflix.discovery.DiscoveryClient - DiscoveryClient_RESUME-BALANCE-BOT/resume-balance-bot:8787 - registration status: 204 
2025-04-20 14:47:03-368 [background-preinit] INFO  o.h.validator.internal.util.Version - HV000001: Hibernate Validator 8.0.2.Final 
2025-04-20 14:47:03-407 [main] INFO  c.b.r.b.b.ResumeBalanceBotApplication - Starting ResumeBalanceBotApplication using Java 17.0.12 with PID 18732 (C:\Users\mgarcsar\Documents\Bootcamp\etregables\resume-balance-bot\target\classes started by mgarcsar in C:\Users\mgarcsar\Documents\Bootcamp\etregables\resume-balance-bot) 
2025-04-20 14:47:03-407 [main] INFO  c.b.r.b.b.ResumeBalanceBotApplication - The following 1 profile is active: "local" 
2025-04-20 14:47:03-437 [main] INFO  o.s.c.c.c.ConfigServerConfigDataLoader - Fetching config from server at : http://localhost:8888 
2025-04-20 14:47:03-437 [main] INFO  o.s.c.c.c.ConfigServerConfigDataLoader - Located environment: name=resume-balance-bot, profiles=[default], label=null, version=5a7a97dd55033225eab016a6e8a81b123bbbd9e0, state= 
2025-04-20 14:47:03-437 [main] INFO  o.s.c.c.c.ConfigServerConfigDataLoader - Fetching config from server at : http://localhost:8888 
2025-04-20 14:47:03-438 [main] INFO  o.s.c.c.c.ConfigServerConfigDataLoader - Located environment: name=resume-balance-bot, profiles=[local], label=null, version=5a7a97dd55033225eab016a6e8a81b123bbbd9e0, state= 
2025-04-20 14:47:04-288 [main] INFO  o.s.cloud.context.scope.GenericScope - BeanFactory id=558b01df-a481-3acf-835c-3805a4461b92 
2025-04-20 14:47:05-599 [main] INFO  o.s.b.a.e.web.EndpointLinksResolver - Exposing 2 endpoints beneath base path '/actuator' 
2025-04-20 14:47:06-003 [main] INFO  o.s.c.n.e.c.DiscoveryClientOptionalArgsConfiguration - Eureka HTTP Client uses RestTemplate. 
2025-04-20 14:47:06-058 [main] WARN  o.s.c.l.c.LoadBalancerCacheAutoConfiguration$LoadBalancerCaffeineWarnLogger - Spring Cloud LoadBalancer is currently working with the default cache. While this cache implementation is useful for development and tests, it's recommended to use Caffeine cache in production.You can switch to using Caffeine cache, by adding it and org.springframework.cache.caffeine.CaffeineCacheManager to the classpath. 
2025-04-20 14:47:06-117 [main] INFO  o.s.c.n.eureka.InstanceInfoFactory - Setting initial instance status as: STARTING 
2025-04-20 14:47:06-139 [main] INFO  c.netflix.discovery.DiscoveryClient - Initializing Eureka in region us-east-1 
2025-04-20 14:47:06-143 [main] INFO  c.n.d.s.r.aws.ConfigClusterResolver - Resolving eureka endpoints via configuration 
2025-04-20 14:47:06-151 [main] INFO  c.netflix.discovery.DiscoveryClient - Disable delta property : false 
2025-04-20 14:47:06-151 [main] INFO  c.netflix.discovery.DiscoveryClient - Single vip registry refresh property : null 
2025-04-20 14:47:06-151 [main] INFO  c.netflix.discovery.DiscoveryClient - Force full registry fetch : false 
2025-04-20 14:47:06-151 [main] INFO  c.netflix.discovery.DiscoveryClient - Application is null : false 
2025-04-20 14:47:06-152 [main] INFO  c.netflix.discovery.DiscoveryClient - Registered Applications size is zero : true 
2025-04-20 14:47:06-152 [main] INFO  c.netflix.discovery.DiscoveryClient - Application version is -1: true 
2025-04-20 14:47:06-152 [main] INFO  c.netflix.discovery.DiscoveryClient - Getting all instance registry info from the eureka server 
2025-04-20 14:47:06-405 [main] INFO  c.netflix.discovery.DiscoveryClient - The response status is 200 
2025-04-20 14:47:06-407 [main] INFO  c.netflix.discovery.DiscoveryClient - Starting heartbeat executor: renew interval is: 30 
2025-04-20 14:47:06-409 [main] INFO  c.n.discovery.InstanceInfoReplicator - InstanceInfoReplicator onDemand update allowed rate per min is 4 
2025-04-20 14:47:06-410 [main] INFO  c.netflix.discovery.DiscoveryClient - Discovery Client initialized at timestamp 1745178426410 with initial instances count: 3 
2025-04-20 14:47:06-416 [main] INFO  o.s.c.n.e.s.EurekaServiceRegistry - Registering application RESUME-BALANCE-BOT with eureka with status UP 
2025-04-20 14:47:06-417 [main] INFO  c.netflix.discovery.DiscoveryClient - Saw local status change event StatusChangeEvent [timestamp=1745178426416, current=UP, previous=STARTING] 
2025-04-20 14:47:06-418 [DiscoveryClient-InstanceInfoReplicator-%d] INFO  c.netflix.discovery.DiscoveryClient - DiscoveryClient_RESUME-BALANCE-BOT/resume-balance-bot:8787: registering service... 
2025-04-20 14:47:06-451 [DiscoveryClient-InstanceInfoReplicator-%d] INFO  c.netflix.discovery.DiscoveryClient - DiscoveryClient_RESUME-BALANCE-BOT/resume-balance-bot:8787 - registration status: 204 
2025-04-20 14:47:06-607 [main] INFO  o.s.b.w.e.netty.NettyWebServer - Netty started on port 8787 (http) 
2025-04-20 14:47:06-609 [main] INFO  o.s.c.n.e.s.EurekaAutoServiceRegistration - Updating port to 8787 
2025-04-20 14:47:06-858 [main] INFO  c.b.r.b.b.ResumeBalanceBotApplication - Started ResumeBalanceBotApplication in 6.866 seconds (process running for 8.389) 
2025-04-20 14:48:57-002 [scheduling-1] INFO  c.b.r.b.b.connector.ProductConnector - API get products 
2025-04-20 14:48:57-732 [scheduling-1] INFO  c.b.r.b.b.config.WebClientProductApi - Request: GET,  http://localhost:8383/api/products 
2025-04-20 14:48:57-862 [reactor-http-nio-3] INFO  c.b.r.b.b.config.WebClientProductApi - Response status: 200 OK 
2025-04-20 14:48:57-891 [reactor-http-nio-3] INFO  c.b.r.b.b.connector.ProductConnector - API getting product: {"id":"67f9cc806e374c0902dcdb73","productType":"SA","amountOfOpen":10.0,"accountNumber":"SA01-7689199523","hasPlasticCard":true,"cardNumber":"67fd7f29c1328463019a244a","createdDate":[2025,4,12],"customer":{"customerId":"67ec1a41fabf6d0f4ada9865"}} 
2025-04-20 14:48:57-892 [reactor-http-nio-3] INFO  c.b.r.b.b.service.ResumeServiceImpl - 1. Getting products SA. 
2025-04-20 14:48:57-892 [reactor-http-nio-3] INFO  c.b.r.b.b.service.ResumeServiceImpl - 2. Creating resume request of product 67f9cc806e374c0902dcdb73. 
2025-04-20 14:48:57-892 [reactor-http-nio-3] INFO  c.b.r.b.b.connector.ProductConnector - API findBalanceByProductId RQ: 67f9cc806e374c0902dcdb73 
2025-04-20 14:48:57-893 [reactor-http-nio-3] INFO  c.b.r.b.b.config.WebClientProductApi - Request: GET,  http://localhost:8383/api/products/67f9cc806e374c0902dcdb73/balance 
2025-04-20 14:48:57-896 [reactor-http-nio-3] INFO  c.b.r.b.b.connector.ProductConnector - API getting product: {"id":"67f9cd80200fc270ce30e284","productType":"CA","amountOfOpen":10.0,"accountNumber":"CA01-8730016551","hasPlasticCard":true,"cardNumber":"67fd7f29c1328463019a244a","createdDate":[2025,4,11],"customer":{"customerId":"67ec1a41fabf6d0f4ada9865"}} 
2025-04-20 14:48:57-897 [reactor-http-nio-3] INFO  c.b.r.b.b.service.ResumeServiceImpl - 1. Getting products SA. 
2025-04-20 14:48:57-898 [reactor-http-nio-3] INFO  c.b.r.b.b.connector.ProductConnector - API getting product: {"id":"67f9e1c9fe034d395c6d23b3","productType":"FA","amountOfOpen":100.0,"accountNumber":"FA01-9408688263","hasPlasticCard":true,"cardNumber":"67fd7f29c1328463019a244a","createdDate":[2025,4,11],"customer":{"customerId":"67ec1a41fabf6d0f4ada9865"}} 
2025-04-20 14:48:57-898 [reactor-http-nio-3] INFO  c.b.r.b.b.service.ResumeServiceImpl - 1. Getting products SA. 
2025-04-20 14:48:57-900 [reactor-http-nio-3] INFO  c.b.r.b.b.connector.ProductConnector - API getting product: {"id":"67fabf94ec8287214a828c9c","productType":"CC","amountOfOpen":100.0,"accountNumber":"CC01-4406914878","hasPlasticCard":true,"cardNumber":"67fd811bc1328463019a244c","createdDate":[2025,4,12],"customer":{"customerId":"67ec1a41fabf6d0f4ada9865"}} 
2025-04-20 14:48:57-900 [reactor-http-nio-3] INFO  c.b.r.b.b.service.ResumeServiceImpl - 1. Getting products SA. 
2025-04-20 14:48:57-901 [reactor-http-nio-3] INFO  c.b.r.b.b.connector.ProductConnector - API getting product: {"id":"67fac6ee3d4d5b2abeb89be8","productType":"CC","amountOfOpen":0.0,"accountNumber":"CC01-1698441355","hasPlasticCard":true,"createdDate":[2025,4,12],"customer":{"customerId":"67ec1aa7fabf6d0f4ada9868"}} 
2025-04-20 14:48:57-901 [reactor-http-nio-3] INFO  c.b.r.b.b.service.ResumeServiceImpl - 1. Getting products SA. 
2025-04-20 14:48:57-902 [reactor-http-nio-3] INFO  c.b.r.b.b.connector.ProductConnector - API getting product: {"id":"67fac6f73d4d5b2abeb89bea","productType":"SA","amountOfOpen":0.0,"accountNumber":"SA01-3755826271","hasPlasticCard":true,"createdDate":[2025,4,12],"customer":{"customerId":"67ec1aa7fabf6d0f4ada9868"}} 
2025-04-20 14:48:57-903 [reactor-http-nio-3] INFO  c.b.r.b.b.service.ResumeServiceImpl - 1. Getting products SA. 
2025-04-20 14:48:57-903 [reactor-http-nio-3] INFO  c.b.r.b.b.service.ResumeServiceImpl - 2. Creating resume request of product 67fac6f73d4d5b2abeb89bea. 
2025-04-20 14:48:57-903 [reactor-http-nio-3] INFO  c.b.r.b.b.connector.ProductConnector - API findBalanceByProductId RQ: 67fac6f73d4d5b2abeb89bea 
2025-04-20 14:48:57-903 [reactor-http-nio-3] INFO  c.b.r.b.b.config.WebClientProductApi - Request: GET,  http://localhost:8383/api/products/67fac6f73d4d5b2abeb89bea/balance 
2025-04-20 14:48:57-906 [reactor-http-nio-3] INFO  c.b.r.b.b.connector.ProductConnector - API getting product: {"id":"67fb3aaa3d4d5b2abeb89bec","productType":"SA","amountOfOpen":1000.0,"accountNumber":"SA01-4830318062","hasPlasticCard":true,"createdDate":[2025,4,12],"customer":{"customerId":"67ec1aa7fabf6d0f4ada9868"}} 
2025-04-20 14:48:57-906 [reactor-http-nio-3] INFO  c.b.r.b.b.service.ResumeServiceImpl - 1. Getting products SA. 
2025-04-20 14:48:57-906 [reactor-http-nio-3] INFO  c.b.r.b.b.service.ResumeServiceImpl - 2. Creating resume request of product 67fb3aaa3d4d5b2abeb89bec. 
2025-04-20 14:48:57-906 [reactor-http-nio-3] INFO  c.b.r.b.b.connector.ProductConnector - API findBalanceByProductId RQ: 67fb3aaa3d4d5b2abeb89bec 
2025-04-20 14:48:57-906 [reactor-http-nio-3] INFO  c.b.r.b.b.config.WebClientProductApi - Request: GET,  http://localhost:8383/api/products/67fb3aaa3d4d5b2abeb89bec/balance 
2025-04-20 14:48:57-908 [reactor-http-nio-3] INFO  c.b.r.b.b.connector.ProductConnector - API getting product: {"id":"67fe92e0f83aa2186dd5e69c","productType":"SA","amountOfOpen":1000.0,"accountNumber":"SA01-3509644191","hasPlasticCard":true,"createdDate":[2025,4,15],"customer":{"customerId":"67ec1aa7fabf6d0f4ada9868"}} 
2025-04-20 14:48:57-909 [reactor-http-nio-3] INFO  c.b.r.b.b.service.ResumeServiceImpl - 1. Getting products SA. 
2025-04-20 14:48:57-909 [reactor-http-nio-3] INFO  c.b.r.b.b.service.ResumeServiceImpl - 2. Creating resume request of product 67fe92e0f83aa2186dd5e69c. 
2025-04-20 14:48:57-909 [reactor-http-nio-3] INFO  c.b.r.b.b.connector.ProductConnector - API findBalanceByProductId RQ: 67fe92e0f83aa2186dd5e69c 
2025-04-20 14:48:57-909 [reactor-http-nio-3] INFO  c.b.r.b.b.config.WebClientProductApi - Request: GET,  http://localhost:8383/api/products/67fe92e0f83aa2186dd5e69c/balance 
2025-04-20 14:48:57-911 [reactor-http-nio-3] INFO  c.b.r.b.b.connector.ProductConnector - API getting product: {"id":"67fe9360f83aa2186dd5e69e","productType":"SA","amountOfOpen":1000.0,"accountNumber":"SA01-9811236276","hasPlasticCard":true,"createdDate":[2025,4,15],"customer":{"customerId":"67ec1aa7fabf6d0f4ada9868"}} 
2025-04-20 14:48:57-912 [reactor-http-nio-3] INFO  c.b.r.b.b.service.ResumeServiceImpl - 1. Getting products SA. 
2025-04-20 14:48:57-912 [reactor-http-nio-3] INFO  c.b.r.b.b.service.ResumeServiceImpl - 2. Creating resume request of product 67fe9360f83aa2186dd5e69e. 
2025-04-20 14:48:57-912 [reactor-http-nio-3] INFO  c.b.r.b.b.connector.ProductConnector - API findBalanceByProductId RQ: 67fe9360f83aa2186dd5e69e 
2025-04-20 14:48:57-912 [reactor-http-nio-3] INFO  c.b.r.b.b.config.WebClientProductApi - Request: GET,  http://localhost:8383/api/products/67fe9360f83aa2186dd5e69e/balance 
2025-04-20 14:48:57-915 [reactor-http-nio-3] INFO  c.b.r.b.b.connector.ProductConnector - API getting product: {"id":"67fe9db2f83aa2186dd5e6a0","productType":"SA","amountOfOpen":1000.0,"accountNumber":"SA01-2207291036","hasPlasticCard":true,"createdDate":[2025,4,15],"customer":{"customerId":"67ec1aa7fabf6d0f4ada9868"}} 
2025-04-20 14:48:57-915 [reactor-http-nio-3] INFO  c.b.r.b.b.service.ResumeServiceImpl - 1. Getting products SA. 
2025-04-20 14:48:57-915 [reactor-http-nio-3] INFO  c.b.r.b.b.service.ResumeServiceImpl - 2. Creating resume request of product 67fe9db2f83aa2186dd5e6a0. 
2025-04-20 14:48:57-915 [reactor-http-nio-3] INFO  c.b.r.b.b.connector.ProductConnector - API findBalanceByProductId RQ: 67fe9db2f83aa2186dd5e6a0 
2025-04-20 14:48:57-915 [reactor-http-nio-3] INFO  c.b.r.b.b.config.WebClientProductApi - Request: GET,  http://localhost:8383/api/products/67fe9db2f83aa2186dd5e6a0/balance 
2025-04-20 14:48:57-918 [reactor-http-nio-3] INFO  c.b.r.b.b.connector.ProductConnector - API getting product: {"id":"67fec9835c652468edc457d0","productType":"CA","amountOfOpen":1000.0,"accountNumber":"CA01-3433862793","hasPlasticCard":false,"createdDate":[2025,4,15],"customer":{"customerId":"67ec1a63fabf6d0f4ada9866"},"holders":[{"fullName":"ABRAHAM  BERMEJO","email":"mail@gmail.commmm","phone":"11111","identification":{"typeIdentification":"DNI","numberIdentification":"444"}}],"authorizedSignatories":[{"fullName":"VERONICA ARANGO YAMASHIRO","email":"mail@gmail.commmm","phone":"2222222","identification":{"typeIdentification":"DNI","numberIdentification":"22222"}}]} 
2025-04-20 14:48:57-919 [reactor-http-nio-3] INFO  c.b.r.b.b.service.ResumeServiceImpl - 1. Getting products SA. 
2025-04-20 14:48:57-940 [reactor-http-nio-3] INFO  c.b.r.b.b.config.WebClientProductApi - Response status: 200 OK 
2025-04-20 14:48:57-955 [reactor-http-nio-3] INFO  c.b.r.b.b.connector.ProductConnector - API findBalanceByProductId RS: {"creditLimit":0.0,"creditLimitUsed":0.0,"creditEnabledToUse":0.0,"totalAmountInAccount":1280.0} 
2025-04-20 14:48:57-956 [reactor-http-nio-3] INFO  c.b.r.b.b.service.ResumeServiceImpl - 3. Balance of product 67fac6f73d4d5b2abeb89bea, {"creditLimit":0.0,"creditLimitUsed":0.0,"creditEnabledToUse":0.0,"totalAmountInAccount":1280.0} 
2025-04-20 14:48:57-963 [reactor-http-nio-3] INFO  c.b.r.b.b.connector.FinanceConnector - API Create Resume RQ: {"scanAvailable":true} 
2025-04-20 14:48:57-967 [reactor-http-nio-3] INFO  c.b.r.b.b.connector.FinanceConnector - API Create resume RQ: {"productType":"SA","productId":"67fac6f73d4d5b2abeb89bea","customerId":"67ec1aa7fabf6d0f4ada9868","creditEnabledToUse":0.0,"creditLimitTotal":0.0,"creditLimitUsed":0.0,"totalAmountInAccount":1280.0,"informDate":[2025,4,20]} 
2025-04-20 14:48:57-970 [reactor-http-nio-3] INFO  c.b.r.b.b.config.WebClientFinanceApi - Request: POST,  http://localhost:8686/api/finance/resumes 
2025-04-20 14:48:57-972 [reactor-http-nio-3] INFO  c.b.r.b.b.config.WebClientProductApi - Response status: 200 OK 
2025-04-20 14:48:57-974 [reactor-http-nio-3] INFO  c.b.r.b.b.connector.ProductConnector - API findBalanceByProductId RS: {"creditLimit":0.0,"creditLimitUsed":0.0,"creditEnabledToUse":0.0,"totalAmountInAccount":505.0} 
2025-04-20 14:48:57-974 [reactor-http-nio-3] INFO  c.b.r.b.b.service.ResumeServiceImpl - 3. Balance of product 67f9cc806e374c0902dcdb73, {"creditLimit":0.0,"creditLimitUsed":0.0,"creditEnabledToUse":0.0,"totalAmountInAccount":505.0} 
2025-04-20 14:48:57-975 [reactor-http-nio-3] INFO  c.b.r.b.b.connector.FinanceConnector - API Create Resume RQ: {"scanAvailable":true} 
2025-04-20 14:48:57-976 [reactor-http-nio-3] INFO  c.b.r.b.b.connector.FinanceConnector - API Create resume RQ: {"productType":"SA","productId":"67f9cc806e374c0902dcdb73","customerId":"67ec1a41fabf6d0f4ada9865","creditEnabledToUse":0.0,"creditLimitTotal":0.0,"creditLimitUsed":0.0,"totalAmountInAccount":505.0,"informDate":[2025,4,20]} 
2025-04-20 14:48:57-977 [reactor-http-nio-3] INFO  c.b.r.b.b.config.WebClientFinanceApi - Request: POST,  http://localhost:8686/api/finance/resumes 
2025-04-20 14:48:57-980 [reactor-http-nio-3] INFO  c.b.r.b.b.config.WebClientProductApi - Response status: 200 OK 
2025-04-20 14:48:57-982 [reactor-http-nio-3] INFO  c.b.r.b.b.connector.ProductConnector - API findBalanceByProductId RS: {"creditLimit":0.0,"creditLimitUsed":0.0,"creditEnabledToUse":0.0,"totalAmountInAccount":1210.0} 
2025-04-20 14:48:57-983 [reactor-http-nio-3] INFO  c.b.r.b.b.service.ResumeServiceImpl - 3. Balance of product 67fb3aaa3d4d5b2abeb89bec, {"creditLimit":0.0,"creditLimitUsed":0.0,"creditEnabledToUse":0.0,"totalAmountInAccount":1210.0} 
2025-04-20 14:48:57-985 [reactor-http-nio-3] INFO  c.b.r.b.b.connector.FinanceConnector - API Create Resume RQ: {"scanAvailable":true} 
2025-04-20 14:48:57-986 [reactor-http-nio-3] INFO  c.b.r.b.b.connector.FinanceConnector - API Create resume RQ: {"productType":"SA","productId":"67fb3aaa3d4d5b2abeb89bec","customerId":"67ec1aa7fabf6d0f4ada9868","creditEnabledToUse":0.0,"creditLimitTotal":0.0,"creditLimitUsed":0.0,"totalAmountInAccount":1210.0,"informDate":[2025,4,20]} 
2025-04-20 14:48:57-987 [reactor-http-nio-3] INFO  c.b.r.b.b.config.WebClientFinanceApi - Request: POST,  http://localhost:8686/api/finance/resumes 
2025-04-20 14:48:57-988 [reactor-http-nio-3] INFO  c.b.r.b.b.config.WebClientProductApi - Response status: 200 OK 
2025-04-20 14:48:57-990 [reactor-http-nio-3] INFO  c.b.r.b.b.connector.ProductConnector - API findBalanceByProductId RS: {"creditLimit":0.0,"creditLimitUsed":0.0,"creditEnabledToUse":0.0,"totalAmountInAccount":1000.0} 
2025-04-20 14:48:57-991 [reactor-http-nio-3] INFO  c.b.r.b.b.service.ResumeServiceImpl - 3. Balance of product 67fe92e0f83aa2186dd5e69c, {"creditLimit":0.0,"creditLimitUsed":0.0,"creditEnabledToUse":0.0,"totalAmountInAccount":1000.0} 
2025-04-20 14:48:57-992 [reactor-http-nio-3] INFO  c.b.r.b.b.connector.FinanceConnector - API Create Resume RQ: {"scanAvailable":true} 
2025-04-20 14:48:57-993 [reactor-http-nio-3] INFO  c.b.r.b.b.connector.FinanceConnector - API Create resume RQ: {"productType":"SA","productId":"67fe92e0f83aa2186dd5e69c","customerId":"67ec1aa7fabf6d0f4ada9868","creditEnabledToUse":0.0,"creditLimitTotal":0.0,"creditLimitUsed":0.0,"totalAmountInAccount":1000.0,"informDate":[2025,4,20]} 
2025-04-20 14:48:57-993 [reactor-http-nio-3] INFO  c.b.r.b.b.config.WebClientFinanceApi - Request: POST,  http://localhost:8686/api/finance/resumes 
2025-04-20 14:48:57-995 [reactor-http-nio-3] INFO  c.b.r.b.b.config.WebClientProductApi - Response status: 200 OK 
2025-04-20 14:48:57-996 [reactor-http-nio-3] INFO  c.b.r.b.b.connector.ProductConnector - API findBalanceByProductId RS: {"creditLimit":0.0,"creditLimitUsed":0.0,"creditEnabledToUse":0.0,"totalAmountInAccount":1000.0} 
2025-04-20 14:48:57-997 [reactor-http-nio-3] INFO  c.b.r.b.b.service.ResumeServiceImpl - 3. Balance of product 67fe9360f83aa2186dd5e69e, {"creditLimit":0.0,"creditLimitUsed":0.0,"creditEnabledToUse":0.0,"totalAmountInAccount":1000.0} 
2025-04-20 14:48:57-999 [reactor-http-nio-3] INFO  c.b.r.b.b.connector.FinanceConnector - API Create Resume RQ: {"scanAvailable":true} 
2025-04-20 14:48:57-999 [reactor-http-nio-3] INFO  c.b.r.b.b.connector.FinanceConnector - API Create resume RQ: {"productType":"SA","productId":"67fe9360f83aa2186dd5e69e","customerId":"67ec1aa7fabf6d0f4ada9868","creditEnabledToUse":0.0,"creditLimitTotal":0.0,"creditLimitUsed":0.0,"totalAmountInAccount":1000.0,"informDate":[2025,4,20]} 
2025-04-20 14:48:58-000 [reactor-http-nio-3] INFO  c.b.r.b.b.config.WebClientFinanceApi - Request: POST,  http://localhost:8686/api/finance/resumes 
2025-04-20 14:48:58-003 [reactor-http-nio-3] INFO  c.b.r.b.b.config.WebClientProductApi - Response status: 200 OK 
2025-04-20 14:48:58-005 [reactor-http-nio-3] INFO  c.b.r.b.b.connector.ProductConnector - API findBalanceByProductId RS: {"creditLimit":0.0,"creditLimitUsed":0.0,"creditEnabledToUse":0.0,"totalAmountInAccount":1000.0} 
2025-04-20 14:48:58-006 [reactor-http-nio-3] INFO  c.b.r.b.b.service.ResumeServiceImpl - 3. Balance of product 67fe9db2f83aa2186dd5e6a0, {"creditLimit":0.0,"creditLimitUsed":0.0,"creditEnabledToUse":0.0,"totalAmountInAccount":1000.0} 
2025-04-20 14:48:58-007 [reactor-http-nio-3] INFO  c.b.r.b.b.connector.FinanceConnector - API Create Resume RQ: {"scanAvailable":true} 
2025-04-20 14:48:58-007 [reactor-http-nio-3] INFO  c.b.r.b.b.connector.FinanceConnector - API Create resume RQ: {"productType":"SA","productId":"67fe9db2f83aa2186dd5e6a0","customerId":"67ec1aa7fabf6d0f4ada9868","creditEnabledToUse":0.0,"creditLimitTotal":0.0,"creditLimitUsed":0.0,"totalAmountInAccount":1000.0,"informDate":[2025,4,20]} 
2025-04-20 14:48:58-008 [reactor-http-nio-3] INFO  c.b.r.b.b.config.WebClientFinanceApi - Request: POST,  http://localhost:8686/api/finance/resumes 
2025-04-20 14:48:58-199 [reactor-http-nio-3] INFO  c.b.r.b.b.config.WebClientFinanceApi - Response status: 200 OK 
2025-04-20 14:48:58-203 [reactor-http-nio-3] INFO  c.b.r.b.b.connector.FinanceConnector - API Create Resume RS: {"id":"68054faa2e9ef8505be6e8fe","result":"true","productType":"SA","productId":"67fe9db2f83aa2186dd5e6a0","customerId":"67ec1aa7fabf6d0f4ada9868","creditEnabledToUse":0.0,"creditLimitTotal":0.0,"creditLimitUsed":0.0,"totalAmountInAccount":1000.0} 
2025-04-20 14:48:58-204 [reactor-http-nio-3] INFO  c.b.r.b.b.service.ResumeServiceImpl - 4. Saving resume saved successfully: {"id":"68054faa2e9ef8505be6e8fe","result":"true","productType":"SA","productId":"67fe9db2f83aa2186dd5e6a0","customerId":"67ec1aa7fabf6d0f4ada9868","creditEnabledToUse":0.0,"creditLimitTotal":0.0,"creditLimitUsed":0.0,"totalAmountInAccount":1000.0} 
2025-04-20 14:48:58-207 [reactor-http-nio-3] INFO  c.b.r.b.b.config.WebClientFinanceApi - Response status: 200 OK 
2025-04-20 14:48:58-209 [reactor-http-nio-3] INFO  c.b.r.b.b.connector.FinanceConnector - API Create Resume RS: {"id":"68054faa2e9ef8505be6e8fc","result":"true","productType":"SA","productId":"67fe9360f83aa2186dd5e69e","customerId":"67ec1aa7fabf6d0f4ada9868","creditEnabledToUse":0.0,"creditLimitTotal":0.0,"creditLimitUsed":0.0,"totalAmountInAccount":1000.0} 
2025-04-20 14:48:58-210 [reactor-http-nio-3] INFO  c.b.r.b.b.service.ResumeServiceImpl - 4. Saving resume saved successfully: {"id":"68054faa2e9ef8505be6e8fc","result":"true","productType":"SA","productId":"67fe9360f83aa2186dd5e69e","customerId":"67ec1aa7fabf6d0f4ada9868","creditEnabledToUse":0.0,"creditLimitTotal":0.0,"creditLimitUsed":0.0,"totalAmountInAccount":1000.0} 
2025-04-20 14:48:58-210 [reactor-http-nio-3] INFO  c.b.r.b.b.config.WebClientFinanceApi - Response status: 200 OK 
2025-04-20 14:48:58-212 [reactor-http-nio-3] INFO  c.b.r.b.b.connector.FinanceConnector - API Create Resume RS: {"id":"68054faa2e9ef8505be6e8fb","result":"true","productType":"SA","productId":"67fe92e0f83aa2186dd5e69c","customerId":"67ec1aa7fabf6d0f4ada9868","creditEnabledToUse":0.0,"creditLimitTotal":0.0,"creditLimitUsed":0.0,"totalAmountInAccount":1000.0} 
2025-04-20 14:48:58-213 [reactor-http-nio-3] INFO  c.b.r.b.b.service.ResumeServiceImpl - 4. Saving resume saved successfully: {"id":"68054faa2e9ef8505be6e8fb","result":"true","productType":"SA","productId":"67fe92e0f83aa2186dd5e69c","customerId":"67ec1aa7fabf6d0f4ada9868","creditEnabledToUse":0.0,"creditLimitTotal":0.0,"creditLimitUsed":0.0,"totalAmountInAccount":1000.0} 
2025-04-20 14:48:58-213 [reactor-http-nio-3] INFO  c.b.r.b.b.config.WebClientFinanceApi - Response status: 200 OK 
2025-04-20 14:48:58-214 [reactor-http-nio-3] INFO  c.b.r.b.b.connector.FinanceConnector - API Create Resume RS: {"id":"68054faa2e9ef8505be6e8f9","result":"true","productType":"SA","productId":"67f9cc806e374c0902dcdb73","customerId":"67ec1a41fabf6d0f4ada9865","creditEnabledToUse":0.0,"creditLimitTotal":0.0,"creditLimitUsed":0.0,"totalAmountInAccount":505.0} 
2025-04-20 14:48:58-215 [reactor-http-nio-3] INFO  c.b.r.b.b.service.ResumeServiceImpl - 4. Saving resume saved successfully: {"id":"68054faa2e9ef8505be6e8f9","result":"true","productType":"SA","productId":"67f9cc806e374c0902dcdb73","customerId":"67ec1a41fabf6d0f4ada9865","creditEnabledToUse":0.0,"creditLimitTotal":0.0,"creditLimitUsed":0.0,"totalAmountInAccount":505.0} 
2025-04-20 14:48:58-216 [reactor-http-nio-3] INFO  c.b.r.b.b.config.WebClientFinanceApi - Response status: 200 OK 
2025-04-20 14:48:58-217 [reactor-http-nio-3] INFO  c.b.r.b.b.connector.FinanceConnector - API Create Resume RS: {"id":"68054faa2e9ef8505be6e8fd","result":"true","productType":"SA","productId":"67fb3aaa3d4d5b2abeb89bec","customerId":"67ec1aa7fabf6d0f4ada9868","creditEnabledToUse":0.0,"creditLimitTotal":0.0,"creditLimitUsed":0.0,"totalAmountInAccount":1210.0} 
2025-04-20 14:48:58-218 [reactor-http-nio-3] INFO  c.b.r.b.b.service.ResumeServiceImpl - 4. Saving resume saved successfully: {"id":"68054faa2e9ef8505be6e8fd","result":"true","productType":"SA","productId":"67fb3aaa3d4d5b2abeb89bec","customerId":"67ec1aa7fabf6d0f4ada9868","creditEnabledToUse":0.0,"creditLimitTotal":0.0,"creditLimitUsed":0.0,"totalAmountInAccount":1210.0} 
2025-04-20 14:48:58-219 [reactor-http-nio-3] INFO  c.b.r.b.b.config.WebClientFinanceApi - Response status: 200 OK 
2025-04-20 14:48:58-220 [reactor-http-nio-3] INFO  c.b.r.b.b.connector.FinanceConnector - API Create Resume RS: {"id":"68054faa2e9ef8505be6e8fa","result":"true","productType":"SA","productId":"67fac6f73d4d5b2abeb89bea","customerId":"67ec1aa7fabf6d0f4ada9868","creditEnabledToUse":0.0,"creditLimitTotal":0.0,"creditLimitUsed":0.0,"totalAmountInAccount":1280.0} 
2025-04-20 14:48:58-221 [reactor-http-nio-3] INFO  c.b.r.b.b.service.ResumeServiceImpl - 4. Saving resume saved successfully: {"id":"68054faa2e9ef8505be6e8fa","result":"true","productType":"SA","productId":"67fac6f73d4d5b2abeb89bea","customerId":"67ec1aa7fabf6d0f4ada9868","creditEnabledToUse":0.0,"creditLimitTotal":0.0,"creditLimitUsed":0.0,"totalAmountInAccount":1280.0} 
2025-04-20 14:49:44-311 [scheduling-1] INFO  c.b.r.b.b.connector.ProductConnector - API get products 
2025-04-20 14:49:44-313 [scheduling-1] INFO  c.b.r.b.b.config.WebClientProductApi - Request: GET,  http://localhost:8383/api/products 
2025-04-20 14:49:44-327 [reactor-http-nio-3] INFO  c.b.r.b.b.config.WebClientProductApi - Response status: 200 OK 
2025-04-20 14:49:44-332 [reactor-http-nio-3] INFO  c.b.r.b.b.connector.ProductConnector - API getting product: {"id":"67f9cc806e374c0902dcdb73","productType":"SA","amountOfOpen":10.0,"accountNumber":"SA01-7689199523","hasPlasticCard":true,"cardNumber":"67fd7f29c1328463019a244a","createdDate":[2025,4,12],"customer":{"customerId":"67ec1a41fabf6d0f4ada9865"}} 
2025-04-20 14:49:44-332 [reactor-http-nio-3] INFO  c.b.r.b.b.service.ResumeServiceImpl - 1. Getting products SA. 
2025-04-20 14:49:44-332 [reactor-http-nio-3] INFO  c.b.r.b.b.service.ResumeServiceImpl - 2. Creating resume request of product 67f9cc806e374c0902dcdb73. 
2025-04-20 14:49:44-332 [reactor-http-nio-3] INFO  c.b.r.b.b.connector.ProductConnector - API findBalanceByProductId RQ: 67f9cc806e374c0902dcdb73 
2025-04-20 14:49:44-333 [reactor-http-nio-3] INFO  c.b.r.b.b.config.WebClientProductApi - Request: GET,  http://localhost:8383/api/products/67f9cc806e374c0902dcdb73/balance 
2025-04-20 14:49:44-336 [reactor-http-nio-3] INFO  c.b.r.b.b.connector.ProductConnector - API getting product: {"id":"67f9cd80200fc270ce30e284","productType":"CA","amountOfOpen":10.0,"accountNumber":"CA01-8730016551","hasPlasticCard":true,"cardNumber":"67fd7f29c1328463019a244a","createdDate":[2025,4,11],"customer":{"customerId":"67ec1a41fabf6d0f4ada9865"}} 
2025-04-20 14:49:44-337 [reactor-http-nio-3] INFO  c.b.r.b.b.service.ResumeServiceImpl - 1. Getting products SA. 
2025-04-20 14:49:44-339 [reactor-http-nio-3] INFO  c.b.r.b.b.connector.ProductConnector - API getting product: {"id":"67f9e1c9fe034d395c6d23b3","productType":"FA","amountOfOpen":100.0,"accountNumber":"FA01-9408688263","hasPlasticCard":true,"cardNumber":"67fd7f29c1328463019a244a","createdDate":[2025,4,11],"customer":{"customerId":"67ec1a41fabf6d0f4ada9865"}} 
2025-04-20 14:49:44-339 [reactor-http-nio-3] INFO  c.b.r.b.b.service.ResumeServiceImpl - 1. Getting products SA. 
2025-04-20 14:49:44-341 [reactor-http-nio-3] INFO  c.b.r.b.b.connector.ProductConnector - API getting product: {"id":"67fabf94ec8287214a828c9c","productType":"CC","amountOfOpen":100.0,"accountNumber":"CC01-4406914878","hasPlasticCard":true,"cardNumber":"67fd811bc1328463019a244c","createdDate":[2025,4,12],"customer":{"customerId":"67ec1a41fabf6d0f4ada9865"}} 
2025-04-20 14:49:44-341 [reactor-http-nio-3] INFO  c.b.r.b.b.service.ResumeServiceImpl - 1. Getting products SA. 
2025-04-20 14:49:44-349 [reactor-http-nio-3] INFO  c.b.r.b.b.connector.ProductConnector - API getting product: {"id":"67fac6ee3d4d5b2abeb89be8","productType":"CC","amountOfOpen":0.0,"accountNumber":"CC01-1698441355","hasPlasticCard":true,"createdDate":[2025,4,12],"customer":{"customerId":"67ec1aa7fabf6d0f4ada9868"}} 
2025-04-20 14:49:44-350 [reactor-http-nio-3] INFO  c.b.r.b.b.service.ResumeServiceImpl - 1. Getting products SA. 
2025-04-20 14:49:44-352 [reactor-http-nio-3] INFO  c.b.r.b.b.connector.ProductConnector - API getting product: {"id":"67fac6f73d4d5b2abeb89bea","productType":"SA","amountOfOpen":0.0,"accountNumber":"SA01-3755826271","hasPlasticCard":true,"createdDate":[2025,4,12],"customer":{"customerId":"67ec1aa7fabf6d0f4ada9868"}} 
2025-04-20 14:49:44-352 [reactor-http-nio-3] INFO  c.b.r.b.b.service.ResumeServiceImpl - 1. Getting products SA. 
2025-04-20 14:49:44-352 [reactor-http-nio-3] INFO  c.b.r.b.b.service.ResumeServiceImpl - 2. Creating resume request of product 67fac6f73d4d5b2abeb89bea. 
2025-04-20 14:49:44-352 [reactor-http-nio-3] INFO  c.b.r.b.b.connector.ProductConnector - API findBalanceByProductId RQ: 67fac6f73d4d5b2abeb89bea 
2025-04-20 14:49:44-353 [reactor-http-nio-3] INFO  c.b.r.b.b.config.WebClientProductApi - Request: GET,  http://localhost:8383/api/products/67fac6f73d4d5b2abeb89bea/balance 
2025-04-20 14:49:44-357 [reactor-http-nio-3] INFO  c.b.r.b.b.connector.ProductConnector - API getting product: {"id":"67fb3aaa3d4d5b2abeb89bec","productType":"SA","amountOfOpen":1000.0,"accountNumber":"SA01-4830318062","hasPlasticCard":true,"createdDate":[2025,4,12],"customer":{"customerId":"67ec1aa7fabf6d0f4ada9868"}} 
2025-04-20 14:49:44-357 [reactor-http-nio-3] INFO  c.b.r.b.b.service.ResumeServiceImpl - 1. Getting products SA. 
2025-04-20 14:49:44-357 [reactor-http-nio-3] INFO  c.b.r.b.b.service.ResumeServiceImpl - 2. Creating resume request of product 67fb3aaa3d4d5b2abeb89bec. 
2025-04-20 14:49:44-357 [reactor-http-nio-3] INFO  c.b.r.b.b.connector.ProductConnector - API findBalanceByProductId RQ: 67fb3aaa3d4d5b2abeb89bec 
2025-04-20 14:49:44-358 [reactor-http-nio-3] INFO  c.b.r.b.b.config.WebClientProductApi - Request: GET,  http://localhost:8383/api/products/67fb3aaa3d4d5b2abeb89bec/balance 
2025-04-20 14:49:44-362 [reactor-http-nio-3] INFO  c.b.r.b.b.connector.ProductConnector - API getting product: {"id":"67fe92e0f83aa2186dd5e69c","productType":"SA","amountOfOpen":1000.0,"accountNumber":"SA01-3509644191","hasPlasticCard":true,"createdDate":[2025,4,15],"customer":{"customerId":"67ec1aa7fabf6d0f4ada9868"}} 
2025-04-20 14:49:44-362 [reactor-http-nio-3] INFO  c.b.r.b.b.service.ResumeServiceImpl - 1. Getting products SA. 
2025-04-20 14:49:44-362 [reactor-http-nio-3] INFO  c.b.r.b.b.service.ResumeServiceImpl - 2. Creating resume request of product 67fe92e0f83aa2186dd5e69c. 
2025-04-20 14:49:44-362 [reactor-http-nio-3] INFO  c.b.r.b.b.connector.ProductConnector - API findBalanceByProductId RQ: 67fe92e0f83aa2186dd5e69c 
2025-04-20 14:49:44-363 [reactor-http-nio-3] INFO  c.b.r.b.b.config.WebClientProductApi - Request: GET,  http://localhost:8383/api/products/67fe92e0f83aa2186dd5e69c/balance 
2025-04-20 14:49:44-369 [reactor-http-nio-3] INFO  c.b.r.b.b.connector.ProductConnector - API getting product: {"id":"67fe9360f83aa2186dd5e69e","productType":"SA","amountOfOpen":1000.0,"accountNumber":"SA01-9811236276","hasPlasticCard":true,"createdDate":[2025,4,15],"customer":{"customerId":"67ec1aa7fabf6d0f4ada9868"}} 
2025-04-20 14:49:44-369 [reactor-http-nio-3] INFO  c.b.r.b.b.service.ResumeServiceImpl - 1. Getting products SA. 
2025-04-20 14:49:44-370 [reactor-http-nio-3] INFO  c.b.r.b.b.service.ResumeServiceImpl - 2. Creating resume request of product 67fe9360f83aa2186dd5e69e. 
2025-04-20 14:49:44-370 [reactor-http-nio-3] INFO  c.b.r.b.b.connector.ProductConnector - API findBalanceByProductId RQ: 67fe9360f83aa2186dd5e69e 
2025-04-20 14:49:44-370 [reactor-http-nio-3] INFO  c.b.r.b.b.config.WebClientProductApi - Request: GET,  http://localhost:8383/api/products/67fe9360f83aa2186dd5e69e/balance 
2025-04-20 14:49:44-376 [reactor-http-nio-3] INFO  c.b.r.b.b.connector.ProductConnector - API getting product: {"id":"67fe9db2f83aa2186dd5e6a0","productType":"SA","amountOfOpen":1000.0,"accountNumber":"SA01-2207291036","hasPlasticCard":true,"createdDate":[2025,4,15],"customer":{"customerId":"67ec1aa7fabf6d0f4ada9868"}} 
2025-04-20 14:49:44-377 [reactor-http-nio-3] INFO  c.b.r.b.b.service.ResumeServiceImpl - 1. Getting products SA. 
2025-04-20 14:49:44-377 [reactor-http-nio-3] INFO  c.b.r.b.b.service.ResumeServiceImpl - 2. Creating resume request of product 67fe9db2f83aa2186dd5e6a0. 
2025-04-20 14:49:44-377 [reactor-http-nio-3] INFO  c.b.r.b.b.connector.ProductConnector - API findBalanceByProductId RQ: 67fe9db2f83aa2186dd5e6a0 
2025-04-20 14:49:44-378 [reactor-http-nio-3] INFO  c.b.r.b.b.config.WebClientProductApi - Request: GET,  http://localhost:8383/api/products/67fe9db2f83aa2186dd5e6a0/balance 
2025-04-20 14:49:44-380 [reactor-http-nio-3] INFO  c.b.r.b.b.config.WebClientProductApi - Response status: 200 OK 
2025-04-20 14:49:44-383 [reactor-http-nio-3] INFO  c.b.r.b.b.connector.ProductConnector - API findBalanceByProductId RS: {"creditLimit":0.0,"creditLimitUsed":0.0,"creditEnabledToUse":0.0,"totalAmountInAccount":505.0} 
2025-04-20 14:49:44-385 [reactor-http-nio-3] INFO  c.b.r.b.b.service.ResumeServiceImpl - 3. Balance of product 67f9cc806e374c0902dcdb73, {"creditLimit":0.0,"creditLimitUsed":0.0,"creditEnabledToUse":0.0,"totalAmountInAccount":505.0} 
2025-04-20 14:49:44-388 [reactor-http-nio-3] INFO  c.b.r.b.b.connector.FinanceConnector - API Create Resume RQ: {"scanAvailable":true} 
2025-04-20 14:49:44-389 [reactor-http-nio-3] INFO  c.b.r.b.b.connector.FinanceConnector - API Create resume RQ: {"productType":"SA","productId":"67f9cc806e374c0902dcdb73","customerId":"67ec1a41fabf6d0f4ada9865","creditEnabledToUse":0.0,"creditLimitTotal":0.0,"creditLimitUsed":0.0,"totalAmountInAccount":505.0,"informDate":[2025,4,20]} 
2025-04-20 14:49:44-390 [reactor-http-nio-3] INFO  c.b.r.b.b.config.WebClientFinanceApi - Request: POST,  http://localhost:8686/api/finance/resumes 
2025-04-20 14:49:44-394 [reactor-http-nio-3] INFO  c.b.r.b.b.config.WebClientProductApi - Response status: 200 OK 
2025-04-20 14:49:44-396 [reactor-http-nio-3] INFO  c.b.r.b.b.connector.ProductConnector - API findBalanceByProductId RS: {"creditLimit":0.0,"creditLimitUsed":0.0,"creditEnabledToUse":0.0,"totalAmountInAccount":1280.0} 
2025-04-20 14:49:44-404 [reactor-http-nio-3] INFO  c.b.r.b.b.service.ResumeServiceImpl - 3. Balance of product 67fac6f73d4d5b2abeb89bea, {"creditLimit":0.0,"creditLimitUsed":0.0,"creditEnabledToUse":0.0,"totalAmountInAccount":1280.0} 
2025-04-20 14:49:44-405 [SpringApplicationShutdownHook] INFO  o.s.c.n.e.s.EurekaServiceRegistry - Unregistering application RESUME-BALANCE-BOT with eureka with status DOWN 
2025-04-20 14:49:44-405 [SpringApplicationShutdownHook] INFO  c.netflix.discovery.DiscoveryClient - Saw local status change event StatusChangeEvent [timestamp=1745178584405, current=DOWN, previous=UP] 
2025-04-20 14:49:44-406 [DiscoveryClient-InstanceInfoReplicator-%d] INFO  c.netflix.discovery.DiscoveryClient - DiscoveryClient_RESUME-BALANCE-BOT/resume-balance-bot:8787: registering service... 
2025-04-20 14:49:44-407 [reactor-http-nio-3] INFO  c.b.r.b.b.connector.FinanceConnector - API Create Resume RQ: {"scanAvailable":true} 
2025-04-20 14:49:44-410 [SpringApplicationShutdownHook] INFO  o.s.b.w.e.netty.GracefulShutdown - Commencing graceful shutdown. Waiting for active requests to complete 
2025-04-20 14:49:44-409 [reactor-http-nio-3] INFO  c.b.r.b.b.connector.FinanceConnector - API Create resume RQ: {"productType":"SA","productId":"67fac6f73d4d5b2abeb89bea","customerId":"67ec1aa7fabf6d0f4ada9868","creditEnabledToUse":0.0,"creditLimitTotal":0.0,"creditLimitUsed":0.0,"totalAmountInAccount":1280.0,"informDate":[2025,4,20]} 
2025-04-20 14:49:44-411 [DiscoveryClient-InstanceInfoReplicator-%d] INFO  c.netflix.discovery.DiscoveryClient - DiscoveryClient_RESUME-BALANCE-BOT/resume-balance-bot:8787 - registration status: 204 
2025-04-20 14:49:44-412 [reactor-http-nio-3] INFO  c.b.r.b.b.config.WebClientFinanceApi - Request: POST,  http://localhost:8686/api/finance/resumes 
2025-04-20 14:49:44-415 [netty-shutdown] INFO  o.s.b.w.e.netty.GracefulShutdown - Graceful shutdown complete 
2025-04-20 14:49:44-415 [reactor-http-nio-3] INFO  c.b.r.b.b.config.WebClientProductApi - Response status: 200 OK 
2025-04-20 14:49:44-417 [reactor-http-nio-3] INFO  c.b.r.b.b.connector.ProductConnector - API findBalanceByProductId RS: {"creditLimit":0.0,"creditLimitUsed":0.0,"creditEnabledToUse":0.0,"totalAmountInAccount":1210.0} 
2025-04-20 14:49:44-418 [reactor-http-nio-3] INFO  c.b.r.b.b.service.ResumeServiceImpl - 3. Balance of product 67fb3aaa3d4d5b2abeb89bec, {"creditLimit":0.0,"creditLimitUsed":0.0,"creditEnabledToUse":0.0,"totalAmountInAccount":1210.0} 
2025-04-20 14:49:44-419 [reactor-http-nio-3] INFO  c.b.r.b.b.connector.FinanceConnector - API Create Resume RQ: {"scanAvailable":true} 
2025-04-20 14:49:44-420 [reactor-http-nio-3] INFO  c.b.r.b.b.connector.FinanceConnector - API Create resume RQ: {"productType":"SA","productId":"67fb3aaa3d4d5b2abeb89bec","customerId":"67ec1aa7fabf6d0f4ada9868","creditEnabledToUse":0.0,"creditLimitTotal":0.0,"creditLimitUsed":0.0,"totalAmountInAccount":1210.0,"informDate":[2025,4,20]} 
2025-04-20 14:49:44-422 [reactor-http-nio-3] INFO  c.b.r.b.b.config.WebClientFinanceApi - Request: POST,  http://localhost:8686/api/finance/resumes 
2025-04-20 14:49:44-425 [reactor-http-nio-3] INFO  c.b.r.b.b.config.WebClientProductApi - Response status: 200 OK 
2025-04-20 14:49:44-428 [reactor-http-nio-3] INFO  c.b.r.b.b.connector.ProductConnector - API findBalanceByProductId RS: {"creditLimit":0.0,"creditLimitUsed":0.0,"creditEnabledToUse":0.0,"totalAmountInAccount":1000.0} 
2025-04-20 14:49:44-430 [reactor-http-nio-3] INFO  c.b.r.b.b.service.ResumeServiceImpl - 3. Balance of product 67fe92e0f83aa2186dd5e69c, {"creditLimit":0.0,"creditLimitUsed":0.0,"creditEnabledToUse":0.0,"totalAmountInAccount":1000.0} 
2025-04-20 14:49:44-431 [reactor-http-nio-3] INFO  c.b.r.b.b.connector.FinanceConnector - API Create Resume RQ: {"scanAvailable":true} 
2025-04-20 14:49:44-433 [reactor-http-nio-3] INFO  c.b.r.b.b.connector.FinanceConnector - API Create resume RQ: {"productType":"SA","productId":"67fe92e0f83aa2186dd5e69c","customerId":"67ec1aa7fabf6d0f4ada9868","creditEnabledToUse":0.0,"creditLimitTotal":0.0,"creditLimitUsed":0.0,"totalAmountInAccount":1000.0,"informDate":[2025,4,20]} 
2025-04-20 14:49:44-434 [reactor-http-nio-3] INFO  c.b.r.b.b.config.WebClientFinanceApi - Request: POST,  http://localhost:8686/api/finance/resumes 
2025-04-20 14:49:44-448 [reactor-http-nio-3] ERROR c.b.r.b.b.connector.FinanceConnector - API error create resume executor not accepting a task 
2025-04-20 14:57:21-217 [background-preinit] INFO  o.h.validator.internal.util.Version - HV000001: Hibernate Validator 8.0.2.Final 
2025-04-20 14:57:21-255 [main] INFO  c.b.r.b.b.ResumeBalanceBotApplication - Starting ResumeBalanceBotApplication using Java 17.0.12 with PID 22068 (C:\Users\mgarcsar\Documents\Bootcamp\etregables\resume-balance-bot\target\classes started by mgarcsar in C:\Users\mgarcsar\Documents\Bootcamp\etregables\resume-balance-bot) 
2025-04-20 14:57:21-256 [main] INFO  c.b.r.b.b.ResumeBalanceBotApplication - The following 1 profile is active: "local" 
2025-04-20 14:57:21-289 [main] INFO  o.s.c.c.c.ConfigServerConfigDataLoader - Fetching config from server at : http://localhost:8888 
2025-04-20 14:57:21-289 [main] INFO  o.s.c.c.c.ConfigServerConfigDataLoader - Located environment: name=resume-balance-bot, profiles=[default], label=null, version=5a7a97dd55033225eab016a6e8a81b123bbbd9e0, state= 
2025-04-20 14:57:21-290 [main] INFO  o.s.c.c.c.ConfigServerConfigDataLoader - Fetching config from server at : http://localhost:8888 
2025-04-20 14:57:21-290 [main] INFO  o.s.c.c.c.ConfigServerConfigDataLoader - Located environment: name=resume-balance-bot, profiles=[local], label=null, version=5a7a97dd55033225eab016a6e8a81b123bbbd9e0, state= 
2025-04-20 14:57:22-153 [main] INFO  o.s.cloud.context.scope.GenericScope - BeanFactory id=558b01df-a481-3acf-835c-3805a4461b92 
2025-04-20 14:57:23-446 [main] INFO  o.s.b.a.e.web.EndpointLinksResolver - Exposing 2 endpoints beneath base path '/actuator' 
2025-04-20 14:57:23-841 [main] INFO  o.s.c.n.e.c.DiscoveryClientOptionalArgsConfiguration - Eureka HTTP Client uses RestTemplate. 
2025-04-20 14:57:23-899 [main] WARN  o.s.c.l.c.LoadBalancerCacheAutoConfiguration$LoadBalancerCaffeineWarnLogger - Spring Cloud LoadBalancer is currently working with the default cache. While this cache implementation is useful for development and tests, it's recommended to use Caffeine cache in production.You can switch to using Caffeine cache, by adding it and org.springframework.cache.caffeine.CaffeineCacheManager to the classpath. 
2025-04-20 14:57:23-963 [main] INFO  o.s.c.n.eureka.InstanceInfoFactory - Setting initial instance status as: STARTING 
2025-04-20 14:57:23-983 [main] INFO  c.netflix.discovery.DiscoveryClient - Initializing Eureka in region us-east-1 
2025-04-20 14:57:23-986 [main] INFO  c.n.d.s.r.aws.ConfigClusterResolver - Resolving eureka endpoints via configuration 
2025-04-20 14:57:23-995 [main] INFO  c.netflix.discovery.DiscoveryClient - Disable delta property : false 
2025-04-20 14:57:23-995 [main] INFO  c.netflix.discovery.DiscoveryClient - Single vip registry refresh property : null 
2025-04-20 14:57:23-995 [main] INFO  c.netflix.discovery.DiscoveryClient - Force full registry fetch : false 
2025-04-20 14:57:23-995 [main] INFO  c.netflix.discovery.DiscoveryClient - Application is null : false 
2025-04-20 14:57:23-995 [main] INFO  c.netflix.discovery.DiscoveryClient - Registered Applications size is zero : true 
2025-04-20 14:57:23-995 [main] INFO  c.netflix.discovery.DiscoveryClient - Application version is -1: true 
2025-04-20 14:57:23-995 [main] INFO  c.netflix.discovery.DiscoveryClient - Getting all instance registry info from the eureka server 
2025-04-20 14:57:24-221 [main] INFO  c.netflix.discovery.DiscoveryClient - The response status is 200 
2025-04-20 14:57:24-224 [main] INFO  c.netflix.discovery.DiscoveryClient - Starting heartbeat executor: renew interval is: 30 
2025-04-20 14:57:24-226 [main] INFO  c.n.discovery.InstanceInfoReplicator - InstanceInfoReplicator onDemand update allowed rate per min is 4 
2025-04-20 14:57:24-227 [main] INFO  c.netflix.discovery.DiscoveryClient - Discovery Client initialized at timestamp 1745179044227 with initial instances count: 5 
2025-04-20 14:57:24-232 [main] INFO  o.s.c.n.e.s.EurekaServiceRegistry - Registering application RESUME-BALANCE-BOT with eureka with status UP 
2025-04-20 14:57:24-233 [main] INFO  c.netflix.discovery.DiscoveryClient - Saw local status change event StatusChangeEvent [timestamp=1745179044233, current=UP, previous=STARTING] 
2025-04-20 14:57:24-234 [DiscoveryClient-InstanceInfoReplicator-%d] INFO  c.netflix.discovery.DiscoveryClient - DiscoveryClient_RESUME-BALANCE-BOT/resume-balance-bot:8787: registering service... 
2025-04-20 14:57:24-272 [DiscoveryClient-InstanceInfoReplicator-%d] INFO  c.netflix.discovery.DiscoveryClient - DiscoveryClient_RESUME-BALANCE-BOT/resume-balance-bot:8787 - registration status: 204 
2025-04-20 14:57:24-449 [main] INFO  o.s.b.w.e.netty.NettyWebServer - Netty started on port 8787 (http) 
2025-04-20 14:57:24-450 [main] INFO  o.s.c.n.e.s.EurekaAutoServiceRegistration - Updating port to 8787 
2025-04-20 14:57:24-698 [main] INFO  c.b.r.b.b.ResumeBalanceBotApplication - Started ResumeBalanceBotApplication in 6.876 seconds (process running for 8.064) 
2025-04-20 14:58:06-931 [scheduling-1] INFO  c.b.r.b.b.connector.ProductConnector - API get products 
2025-04-20 14:58:06-950 [scheduling-1] INFO  c.b.r.b.b.config.WebClientProductApi - Request: GET,  http://localhost:8383/api/products 
2025-04-20 14:58:07-094 [reactor-http-nio-3] INFO  c.b.r.b.b.config.WebClientProductApi - Response status: 200 OK 
2025-04-20 14:58:07-122 [reactor-http-nio-3] INFO  c.b.r.b.b.connector.ProductConnector - API getting product: {"id":"67f9cc806e374c0902dcdb73","productType":"SA","amountOfOpen":10.0,"accountNumber":"SA01-7689199523","hasPlasticCard":true,"cardNumber":"67fd7f29c1328463019a244a","createdDate":[2025,4,12],"customer":{"customerId":"67ec1a41fabf6d0f4ada9865"}} 
2025-04-20 14:58:07-122 [reactor-http-nio-3] INFO  c.b.r.b.b.service.ResumeServiceImpl - 1. Getting products SA. 
2025-04-20 14:58:07-122 [reactor-http-nio-3] INFO  c.b.r.b.b.service.ResumeServiceImpl - 2. Creating resume request of product 67f9cc806e374c0902dcdb73. 
2025-04-20 14:58:07-122 [reactor-http-nio-3] INFO  c.b.r.b.b.connector.ProductConnector - API findBalanceByProductId RQ: 67f9cc806e374c0902dcdb73 
2025-04-20 14:58:07-124 [reactor-http-nio-3] INFO  c.b.r.b.b.config.WebClientProductApi - Request: GET,  http://localhost:8383/api/products/67f9cc806e374c0902dcdb73/balance 
2025-04-20 14:58:07-127 [reactor-http-nio-3] INFO  c.b.r.b.b.connector.ProductConnector - API getting product: {"id":"67f9cd80200fc270ce30e284","productType":"CA","amountOfOpen":10.0,"accountNumber":"CA01-8730016551","hasPlasticCard":true,"cardNumber":"67fd7f29c1328463019a244a","createdDate":[2025,4,11],"customer":{"customerId":"67ec1a41fabf6d0f4ada9865"}} 
2025-04-20 14:58:07-127 [reactor-http-nio-3] INFO  c.b.r.b.b.service.ResumeServiceImpl - 1. Getting products SA. 
2025-04-20 14:58:07-127 [reactor-http-nio-3] INFO  c.b.r.b.b.service.ResumeServiceImpl - 2. Creating resume request of product 67f9cd80200fc270ce30e284. 
2025-04-20 14:58:07-127 [reactor-http-nio-3] INFO  c.b.r.b.b.connector.ProductConnector - API findBalanceByProductId RQ: 67f9cd80200fc270ce30e284 
2025-04-20 14:58:07-128 [reactor-http-nio-3] INFO  c.b.r.b.b.config.WebClientProductApi - Request: GET,  http://localhost:8383/api/products/67f9cd80200fc270ce30e284/balance 
2025-04-20 14:58:07-130 [reactor-http-nio-3] INFO  c.b.r.b.b.connector.ProductConnector - API getting product: {"id":"67f9e1c9fe034d395c6d23b3","productType":"FA","amountOfOpen":100.0,"accountNumber":"FA01-9408688263","hasPlasticCard":true,"cardNumber":"67fd7f29c1328463019a244a","createdDate":[2025,4,11],"customer":{"customerId":"67ec1a41fabf6d0f4ada9865"}} 
2025-04-20 14:58:07-130 [reactor-http-nio-3] INFO  c.b.r.b.b.service.ResumeServiceImpl - 1. Getting products SA. 
2025-04-20 14:58:07-130 [reactor-http-nio-3] INFO  c.b.r.b.b.service.ResumeServiceImpl - 2. Creating resume request of product 67f9e1c9fe034d395c6d23b3. 
2025-04-20 14:58:07-130 [reactor-http-nio-3] INFO  c.b.r.b.b.connector.ProductConnector - API findBalanceByProductId RQ: 67f9e1c9fe034d395c6d23b3 
2025-04-20 14:58:07-131 [reactor-http-nio-3] INFO  c.b.r.b.b.config.WebClientProductApi - Request: GET,  http://localhost:8383/api/products/67f9e1c9fe034d395c6d23b3/balance 
2025-04-20 14:58:07-133 [reactor-http-nio-3] INFO  c.b.r.b.b.connector.ProductConnector - API getting product: {"id":"67fabf94ec8287214a828c9c","productType":"CC","amountOfOpen":100.0,"accountNumber":"CC01-4406914878","hasPlasticCard":true,"cardNumber":"67fd811bc1328463019a244c","createdDate":[2025,4,12],"customer":{"customerId":"67ec1a41fabf6d0f4ada9865"}} 
2025-04-20 14:58:07-133 [reactor-http-nio-3] INFO  c.b.r.b.b.service.ResumeServiceImpl - 1. Getting products SA. 
2025-04-20 14:58:07-133 [reactor-http-nio-3] INFO  c.b.r.b.b.service.ResumeServiceImpl - 2. Creating resume request of product 67fabf94ec8287214a828c9c. 
2025-04-20 14:58:07-134 [reactor-http-nio-3] INFO  c.b.r.b.b.connector.ProductConnector - API findBalanceByProductId RQ: 67fabf94ec8287214a828c9c 
2025-04-20 14:58:07-134 [reactor-http-nio-3] INFO  c.b.r.b.b.config.WebClientProductApi - Request: GET,  http://localhost:8383/api/products/67fabf94ec8287214a828c9c/balance 
2025-04-20 14:58:07-137 [reactor-http-nio-3] INFO  c.b.r.b.b.connector.ProductConnector - API getting product: {"id":"67fac6ee3d4d5b2abeb89be8","productType":"CC","amountOfOpen":0.0,"accountNumber":"CC01-1698441355","hasPlasticCard":true,"createdDate":[2025,4,12],"customer":{"customerId":"67ec1aa7fabf6d0f4ada9868"}} 
2025-04-20 14:58:07-137 [reactor-http-nio-3] INFO  c.b.r.b.b.service.ResumeServiceImpl - 1. Getting products SA. 
2025-04-20 14:58:07-137 [reactor-http-nio-3] INFO  c.b.r.b.b.service.ResumeServiceImpl - 2. Creating resume request of product 67fac6ee3d4d5b2abeb89be8. 
2025-04-20 14:58:07-137 [reactor-http-nio-3] INFO  c.b.r.b.b.connector.ProductConnector - API findBalanceByProductId RQ: 67fac6ee3d4d5b2abeb89be8 
2025-04-20 14:58:07-137 [reactor-http-nio-3] INFO  c.b.r.b.b.config.WebClientProductApi - Request: GET,  http://localhost:8383/api/products/67fac6ee3d4d5b2abeb89be8/balance 
2025-04-20 14:58:07-140 [reactor-http-nio-3] INFO  c.b.r.b.b.connector.ProductConnector - API getting product: {"id":"67fac6f73d4d5b2abeb89bea","productType":"SA","amountOfOpen":0.0,"accountNumber":"SA01-3755826271","hasPlasticCard":true,"createdDate":[2025,4,12],"customer":{"customerId":"67ec1aa7fabf6d0f4ada9868"}} 
2025-04-20 14:58:07-141 [reactor-http-nio-3] INFO  c.b.r.b.b.service.ResumeServiceImpl - 1. Getting products SA. 
2025-04-20 14:58:07-141 [reactor-http-nio-3] INFO  c.b.r.b.b.service.ResumeServiceImpl - 2. Creating resume request of product 67fac6f73d4d5b2abeb89bea. 
2025-04-20 14:58:07-141 [reactor-http-nio-3] INFO  c.b.r.b.b.connector.ProductConnector - API findBalanceByProductId RQ: 67fac6f73d4d5b2abeb89bea 
2025-04-20 14:58:07-141 [reactor-http-nio-3] INFO  c.b.r.b.b.config.WebClientProductApi - Request: GET,  http://localhost:8383/api/products/67fac6f73d4d5b2abeb89bea/balance 
2025-04-20 14:58:07-145 [reactor-http-nio-3] INFO  c.b.r.b.b.connector.ProductConnector - API getting product: {"id":"67fb3aaa3d4d5b2abeb89bec","productType":"SA","amountOfOpen":1000.0,"accountNumber":"SA01-4830318062","hasPlasticCard":true,"createdDate":[2025,4,12],"customer":{"customerId":"67ec1aa7fabf6d0f4ada9868"}} 
2025-04-20 14:58:07-145 [reactor-http-nio-3] INFO  c.b.r.b.b.service.ResumeServiceImpl - 1. Getting products SA. 
2025-04-20 14:58:07-145 [reactor-http-nio-3] INFO  c.b.r.b.b.service.ResumeServiceImpl - 2. Creating resume request of product 67fb3aaa3d4d5b2abeb89bec. 
2025-04-20 14:58:07-146 [reactor-http-nio-3] INFO  c.b.r.b.b.connector.ProductConnector - API findBalanceByProductId RQ: 67fb3aaa3d4d5b2abeb89bec 
2025-04-20 14:58:07-146 [reactor-http-nio-3] INFO  c.b.r.b.b.config.WebClientProductApi - Request: GET,  http://localhost:8383/api/products/67fb3aaa3d4d5b2abeb89bec/balance 
2025-04-20 14:58:07-150 [reactor-http-nio-3] INFO  c.b.r.b.b.connector.ProductConnector - API getting product: {"id":"67fe92e0f83aa2186dd5e69c","productType":"SA","amountOfOpen":1000.0,"accountNumber":"SA01-3509644191","hasPlasticCard":true,"createdDate":[2025,4,15],"customer":{"customerId":"67ec1aa7fabf6d0f4ada9868"}} 
2025-04-20 14:58:07-151 [reactor-http-nio-3] INFO  c.b.r.b.b.service.ResumeServiceImpl - 1. Getting products SA. 
2025-04-20 14:58:07-151 [reactor-http-nio-3] INFO  c.b.r.b.b.service.ResumeServiceImpl - 2. Creating resume request of product 67fe92e0f83aa2186dd5e69c. 
2025-04-20 14:58:07-151 [reactor-http-nio-3] INFO  c.b.r.b.b.connector.ProductConnector - API findBalanceByProductId RQ: 67fe92e0f83aa2186dd5e69c 
2025-04-20 14:58:07-151 [reactor-http-nio-3] INFO  c.b.r.b.b.config.WebClientProductApi - Request: GET,  http://localhost:8383/api/products/67fe92e0f83aa2186dd5e69c/balance 
2025-04-20 14:58:07-154 [reactor-http-nio-3] INFO  c.b.r.b.b.connector.ProductConnector - API getting product: {"id":"67fe9360f83aa2186dd5e69e","productType":"SA","amountOfOpen":1000.0,"accountNumber":"SA01-9811236276","hasPlasticCard":true,"createdDate":[2025,4,15],"customer":{"customerId":"67ec1aa7fabf6d0f4ada9868"}} 
2025-04-20 14:58:07-155 [reactor-http-nio-3] INFO  c.b.r.b.b.service.ResumeServiceImpl - 1. Getting products SA. 
2025-04-20 14:58:07-155 [reactor-http-nio-3] INFO  c.b.r.b.b.service.ResumeServiceImpl - 2. Creating resume request of product 67fe9360f83aa2186dd5e69e. 
2025-04-20 14:58:07-155 [reactor-http-nio-3] INFO  c.b.r.b.b.connector.ProductConnector - API findBalanceByProductId RQ: 67fe9360f83aa2186dd5e69e 
2025-04-20 14:58:07-156 [reactor-http-nio-3] INFO  c.b.r.b.b.config.WebClientProductApi - Request: GET,  http://localhost:8383/api/products/67fe9360f83aa2186dd5e69e/balance 
2025-04-20 14:58:07-159 [reactor-http-nio-3] INFO  c.b.r.b.b.connector.ProductConnector - API getting product: {"id":"67fe9db2f83aa2186dd5e6a0","productType":"SA","amountOfOpen":1000.0,"accountNumber":"SA01-2207291036","hasPlasticCard":true,"createdDate":[2025,4,15],"customer":{"customerId":"67ec1aa7fabf6d0f4ada9868"}} 
2025-04-20 14:58:07-160 [reactor-http-nio-3] INFO  c.b.r.b.b.service.ResumeServiceImpl - 1. Getting products SA. 
2025-04-20 14:58:07-160 [reactor-http-nio-3] INFO  c.b.r.b.b.service.ResumeServiceImpl - 2. Creating resume request of product 67fe9db2f83aa2186dd5e6a0. 
2025-04-20 14:58:07-160 [reactor-http-nio-3] INFO  c.b.r.b.b.connector.ProductConnector - API findBalanceByProductId RQ: 67fe9db2f83aa2186dd5e6a0 
2025-04-20 14:58:07-160 [reactor-http-nio-3] INFO  c.b.r.b.b.config.WebClientProductApi - Request: GET,  http://localhost:8383/api/products/67fe9db2f83aa2186dd5e6a0/balance 
2025-04-20 14:58:07-164 [reactor-http-nio-3] INFO  c.b.r.b.b.connector.ProductConnector - API getting product: {"id":"67fec9835c652468edc457d0","productType":"CA","amountOfOpen":1000.0,"accountNumber":"CA01-3433862793","hasPlasticCard":false,"createdDate":[2025,4,15],"customer":{"customerId":"67ec1a63fabf6d0f4ada9866"},"holders":[{"fullName":"ABRAHAM  BERMEJO","email":"mail@gmail.commmm","phone":"11111","identification":{"typeIdentification":"DNI","numberIdentification":"444"}}],"authorizedSignatories":[{"fullName":"VERONICA ARANGO YAMASHIRO","email":"mail@gmail.commmm","phone":"2222222","identification":{"typeIdentification":"DNI","numberIdentification":"22222"}}]} 
2025-04-20 14:58:07-164 [reactor-http-nio-3] INFO  c.b.r.b.b.service.ResumeServiceImpl - 1. Getting products SA. 
2025-04-20 14:58:07-164 [reactor-http-nio-3] INFO  c.b.r.b.b.service.ResumeServiceImpl - 2. Creating resume request of product 67fec9835c652468edc457d0. 
2025-04-20 14:58:07-164 [reactor-http-nio-3] INFO  c.b.r.b.b.connector.ProductConnector - API findBalanceByProductId RQ: 67fec9835c652468edc457d0 
2025-04-20 14:58:07-165 [reactor-http-nio-3] INFO  c.b.r.b.b.config.WebClientProductApi - Request: GET,  http://localhost:8383/api/products/67fec9835c652468edc457d0/balance 
2025-04-20 14:58:07-197 [reactor-http-nio-3] INFO  c.b.r.b.b.config.WebClientProductApi - Response status: 200 OK 
2025-04-20 14:58:07-219 [reactor-http-nio-3] INFO  c.b.r.b.b.connector.ProductConnector - API findBalanceByProductId RS: {"creditLimit":0.0,"creditLimitUsed":0.0,"creditEnabledToUse":0.0,"totalAmountInAccount":3720.0} 
2025-04-20 14:58:07-221 [reactor-http-nio-3] INFO  c.b.r.b.b.service.ResumeServiceImpl - 3. Balance of product 67f9cd80200fc270ce30e284, {"creditLimit":0.0,"creditLimitUsed":0.0,"creditEnabledToUse":0.0,"totalAmountInAccount":3720.0} 
2025-04-20 14:58:07-228 [reactor-http-nio-3] INFO  c.b.r.b.b.connector.FinanceConnector - API Create Resume RQ: {"scanAvailable":true} 
2025-04-20 14:58:07-231 [reactor-http-nio-3] INFO  c.b.r.b.b.connector.FinanceConnector - API Create resume RQ: {"productType":"SA","productId":"67f9cd80200fc270ce30e284","customerId":"67ec1a41fabf6d0f4ada9865","creditEnabledToUse":0.0,"creditLimitTotal":0.0,"creditLimitUsed":0.0,"totalAmountInAccount":3720.0,"informDate":[2025,4,20]} 
2025-04-20 14:58:07-234 [reactor-http-nio-3] INFO  c.b.r.b.b.config.WebClientFinanceApi - Request: POST,  http://localhost:8686/api/finance/resumes 
2025-04-20 14:58:07-237 [reactor-http-nio-3] INFO  c.b.r.b.b.config.WebClientProductApi - Response status: 200 OK 
2025-04-20 14:58:07-240 [reactor-http-nio-3] INFO  c.b.r.b.b.connector.ProductConnector - API findBalanceByProductId RS: {"creditLimit":0.0,"creditLimitUsed":0.0,"creditEnabledToUse":0.0,"totalAmountInAccount":505.0} 
2025-04-20 14:58:07-242 [reactor-http-nio-3] INFO  c.b.r.b.b.service.ResumeServiceImpl - 3. Balance of product 67f9cc806e374c0902dcdb73, {"creditLimit":0.0,"creditLimitUsed":0.0,"creditEnabledToUse":0.0,"totalAmountInAccount":505.0} 
2025-04-20 14:58:07-243 [reactor-http-nio-3] INFO  c.b.r.b.b.connector.FinanceConnector - API Create Resume RQ: {"scanAvailable":true} 
2025-04-20 14:58:07-244 [reactor-http-nio-3] INFO  c.b.r.b.b.connector.FinanceConnector - API Create resume RQ: {"productType":"SA","productId":"67f9cc806e374c0902dcdb73","customerId":"67ec1a41fabf6d0f4ada9865","creditEnabledToUse":0.0,"creditLimitTotal":0.0,"creditLimitUsed":0.0,"totalAmountInAccount":505.0,"informDate":[2025,4,20]} 
2025-04-20 14:58:07-245 [reactor-http-nio-3] INFO  c.b.r.b.b.config.WebClientFinanceApi - Request: POST,  http://localhost:8686/api/finance/resumes 
2025-04-20 14:58:07-247 [reactor-http-nio-3] INFO  c.b.r.b.b.config.WebClientProductApi - Response status: 200 OK 
2025-04-20 14:58:07-248 [reactor-http-nio-3] INFO  c.b.r.b.b.connector.ProductConnector - API findBalanceByProductId RS: {"creditLimit":3000.0,"creditLimitUsed":0.0,"creditEnabledToUse":3000.0,"totalAmountInAccount":0.0} 
2025-04-20 14:58:07-249 [reactor-http-nio-3] INFO  c.b.r.b.b.service.ResumeServiceImpl - 3. Balance of product 67fac6ee3d4d5b2abeb89be8, {"creditLimit":3000.0,"creditLimitUsed":0.0,"creditEnabledToUse":3000.0,"totalAmountInAccount":0.0} 
2025-04-20 14:58:07-250 [reactor-http-nio-3] INFO  c.b.r.b.b.connector.FinanceConnector - API Create Resume RQ: {"scanAvailable":true} 
2025-04-20 14:58:07-251 [reactor-http-nio-3] INFO  c.b.r.b.b.connector.FinanceConnector - API Create resume RQ: {"productType":"SA","productId":"67fac6ee3d4d5b2abeb89be8","customerId":"67ec1aa7fabf6d0f4ada9868","creditEnabledToUse":3000.0,"creditLimitTotal":3000.0,"creditLimitUsed":0.0,"totalAmountInAccount":0.0,"informDate":[2025,4,20]} 
2025-04-20 14:58:07-251 [reactor-http-nio-3] INFO  c.b.r.b.b.config.WebClientFinanceApi - Request: POST,  http://localhost:8686/api/finance/resumes 
2025-04-20 14:58:07-253 [reactor-http-nio-3] INFO  c.b.r.b.b.config.WebClientProductApi - Response status: 200 OK 
2025-04-20 14:58:07-254 [reactor-http-nio-3] INFO  c.b.r.b.b.connector.ProductConnector - API findBalanceByProductId RS: {"creditLimit":0.0,"creditLimitUsed":0.0,"creditEnabledToUse":0.0,"totalAmountInAccount":100.0} 
2025-04-20 14:58:07-255 [reactor-http-nio-3] INFO  c.b.r.b.b.service.ResumeServiceImpl - 3. Balance of product 67f9e1c9fe034d395c6d23b3, {"creditLimit":0.0,"creditLimitUsed":0.0,"creditEnabledToUse":0.0,"totalAmountInAccount":100.0} 
2025-04-20 14:58:07-256 [reactor-http-nio-3] INFO  c.b.r.b.b.connector.FinanceConnector - API Create Resume RQ: {"scanAvailable":true} 
2025-04-20 14:58:07-257 [reactor-http-nio-3] INFO  c.b.r.b.b.connector.FinanceConnector - API Create resume RQ: {"productType":"SA","productId":"67f9e1c9fe034d395c6d23b3","customerId":"67ec1a41fabf6d0f4ada9865","creditEnabledToUse":0.0,"creditLimitTotal":0.0,"creditLimitUsed":0.0,"totalAmountInAccount":100.0,"informDate":[2025,4,20]} 
2025-04-20 14:58:07-257 [reactor-http-nio-3] INFO  c.b.r.b.b.config.WebClientFinanceApi - Request: POST,  http://localhost:8686/api/finance/resumes 
2025-04-20 14:58:07-259 [reactor-http-nio-3] INFO  c.b.r.b.b.config.WebClientProductApi - Response status: 200 OK 
2025-04-20 14:58:07-260 [reactor-http-nio-3] INFO  c.b.r.b.b.connector.ProductConnector - API findBalanceByProductId RS: {"creditLimit":3000.0,"creditLimitUsed":80.0,"creditEnabledToUse":2920.0,"totalAmountInAccount":0.0} 
2025-04-20 14:58:07-261 [reactor-http-nio-3] INFO  c.b.r.b.b.service.ResumeServiceImpl - 3. Balance of product 67fabf94ec8287214a828c9c, {"creditLimit":3000.0,"creditLimitUsed":80.0,"creditEnabledToUse":2920.0,"totalAmountInAccount":0.0} 
2025-04-20 14:58:07-262 [reactor-http-nio-3] INFO  c.b.r.b.b.connector.FinanceConnector - API Create Resume RQ: {"scanAvailable":true} 
2025-04-20 14:58:07-262 [reactor-http-nio-3] INFO  c.b.r.b.b.connector.FinanceConnector - API Create resume RQ: {"productType":"SA","productId":"67fabf94ec8287214a828c9c","customerId":"67ec1a41fabf6d0f4ada9865","creditEnabledToUse":2920.0,"creditLimitTotal":3000.0,"creditLimitUsed":80.0,"totalAmountInAccount":0.0,"informDate":[2025,4,20]} 
2025-04-20 14:58:07-263 [reactor-http-nio-3] INFO  c.b.r.b.b.config.WebClientFinanceApi - Request: POST,  http://localhost:8686/api/finance/resumes 
2025-04-20 14:58:07-264 [reactor-http-nio-3] INFO  c.b.r.b.b.config.WebClientProductApi - Response status: 200 OK 
2025-04-20 14:58:07-265 [reactor-http-nio-3] INFO  c.b.r.b.b.connector.ProductConnector - API findBalanceByProductId RS: {"creditLimit":0.0,"creditLimitUsed":0.0,"creditEnabledToUse":0.0,"totalAmountInAccount":1000.0} 
2025-04-20 14:58:07-266 [reactor-http-nio-3] INFO  c.b.r.b.b.service.ResumeServiceImpl - 3. Balance of product 67fe92e0f83aa2186dd5e69c, {"creditLimit":0.0,"creditLimitUsed":0.0,"creditEnabledToUse":0.0,"totalAmountInAccount":1000.0} 
2025-04-20 14:58:07-267 [reactor-http-nio-3] INFO  c.b.r.b.b.connector.FinanceConnector - API Create Resume RQ: {"scanAvailable":true} 
2025-04-20 14:58:07-267 [reactor-http-nio-3] INFO  c.b.r.b.b.connector.FinanceConnector - API Create resume RQ: {"productType":"SA","productId":"67fe92e0f83aa2186dd5e69c","customerId":"67ec1aa7fabf6d0f4ada9868","creditEnabledToUse":0.0,"creditLimitTotal":0.0,"creditLimitUsed":0.0,"totalAmountInAccount":1000.0,"informDate":[2025,4,20]} 
2025-04-20 14:58:07-268 [reactor-http-nio-3] INFO  c.b.r.b.b.config.WebClientFinanceApi - Request: POST,  http://localhost:8686/api/finance/resumes 
2025-04-20 14:58:07-269 [reactor-http-nio-3] INFO  c.b.r.b.b.config.WebClientProductApi - Response status: 200 OK 
2025-04-20 14:58:07-271 [reactor-http-nio-3] INFO  c.b.r.b.b.connector.ProductConnector - API findBalanceByProductId RS: {"creditLimit":0.0,"creditLimitUsed":0.0,"creditEnabledToUse":0.0,"totalAmountInAccount":1000.0} 
2025-04-20 14:58:07-272 [reactor-http-nio-3] INFO  c.b.r.b.b.service.ResumeServiceImpl - 3. Balance of product 67fe9360f83aa2186dd5e69e, {"creditLimit":0.0,"creditLimitUsed":0.0,"creditEnabledToUse":0.0,"totalAmountInAccount":1000.0} 
2025-04-20 14:58:07-273 [reactor-http-nio-3] INFO  c.b.r.b.b.connector.FinanceConnector - API Create Resume RQ: {"scanAvailable":true} 
2025-04-20 14:58:07-273 [reactor-http-nio-3] INFO  c.b.r.b.b.connector.FinanceConnector - API Create resume RQ: {"productType":"SA","productId":"67fe9360f83aa2186dd5e69e","customerId":"67ec1aa7fabf6d0f4ada9868","creditEnabledToUse":0.0,"creditLimitTotal":0.0,"creditLimitUsed":0.0,"totalAmountInAccount":1000.0,"informDate":[2025,4,20]} 
2025-04-20 14:58:07-274 [reactor-http-nio-3] INFO  c.b.r.b.b.config.WebClientFinanceApi - Request: POST,  http://localhost:8686/api/finance/resumes 
2025-04-20 14:58:07-275 [reactor-http-nio-3] INFO  c.b.r.b.b.config.WebClientProductApi - Response status: 200 OK 
2025-04-20 14:58:07-277 [reactor-http-nio-3] INFO  c.b.r.b.b.connector.ProductConnector - API findBalanceByProductId RS: {"creditLimit":0.0,"creditLimitUsed":0.0,"creditEnabledToUse":0.0,"totalAmountInAccount":1280.0} 
2025-04-20 14:58:07-278 [reactor-http-nio-3] INFO  c.b.r.b.b.service.ResumeServiceImpl - 3. Balance of product 67fac6f73d4d5b2abeb89bea, {"creditLimit":0.0,"creditLimitUsed":0.0,"creditEnabledToUse":0.0,"totalAmountInAccount":1280.0} 
2025-04-20 14:58:07-279 [reactor-http-nio-3] INFO  c.b.r.b.b.connector.FinanceConnector - API Create Resume RQ: {"scanAvailable":true} 
2025-04-20 14:58:07-280 [reactor-http-nio-3] INFO  c.b.r.b.b.connector.FinanceConnector - API Create resume RQ: {"productType":"SA","productId":"67fac6f73d4d5b2abeb89bea","customerId":"67ec1aa7fabf6d0f4ada9868","creditEnabledToUse":0.0,"creditLimitTotal":0.0,"creditLimitUsed":0.0,"totalAmountInAccount":1280.0,"informDate":[2025,4,20]} 
2025-04-20 14:58:07-280 [reactor-http-nio-3] INFO  c.b.r.b.b.config.WebClientFinanceApi - Request: POST,  http://localhost:8686/api/finance/resumes 
2025-04-20 14:58:07-282 [reactor-http-nio-3] INFO  c.b.r.b.b.config.WebClientProductApi - Response status: 200 OK 
2025-04-20 14:58:07-283 [reactor-http-nio-3] INFO  c.b.r.b.b.connector.ProductConnector - API findBalanceByProductId RS: {"creditLimit":0.0,"creditLimitUsed":0.0,"creditEnabledToUse":0.0,"totalAmountInAccount":1210.0} 
2025-04-20 14:58:07-284 [reactor-http-nio-3] INFO  c.b.r.b.b.service.ResumeServiceImpl - 3. Balance of product 67fb3aaa3d4d5b2abeb89bec, {"creditLimit":0.0,"creditLimitUsed":0.0,"creditEnabledToUse":0.0,"totalAmountInAccount":1210.0} 
2025-04-20 14:58:07-284 [reactor-http-nio-3] INFO  c.b.r.b.b.connector.FinanceConnector - API Create Resume RQ: {"scanAvailable":true} 
2025-04-20 14:58:07-285 [reactor-http-nio-3] INFO  c.b.r.b.b.connector.FinanceConnector - API Create resume RQ: {"productType":"SA","productId":"67fb3aaa3d4d5b2abeb89bec","customerId":"67ec1aa7fabf6d0f4ada9868","creditEnabledToUse":0.0,"creditLimitTotal":0.0,"creditLimitUsed":0.0,"totalAmountInAccount":1210.0,"informDate":[2025,4,20]} 
2025-04-20 14:58:07-285 [reactor-http-nio-3] INFO  c.b.r.b.b.config.WebClientFinanceApi - Request: POST,  http://localhost:8686/api/finance/resumes 
2025-04-20 14:58:07-287 [reactor-http-nio-3] INFO  c.b.r.b.b.config.WebClientProductApi - Response status: 200 OK 
2025-04-20 14:58:07-289 [reactor-http-nio-3] INFO  c.b.r.b.b.connector.ProductConnector - API findBalanceByProductId RS: {"creditLimit":0.0,"creditLimitUsed":0.0,"creditEnabledToUse":0.0,"totalAmountInAccount":980.0} 
2025-04-20 14:58:07-290 [reactor-http-nio-3] INFO  c.b.r.b.b.service.ResumeServiceImpl - 3. Balance of product 67fec9835c652468edc457d0, {"creditLimit":0.0,"creditLimitUsed":0.0,"creditEnabledToUse":0.0,"totalAmountInAccount":980.0} 
2025-04-20 14:58:07-291 [reactor-http-nio-3] INFO  c.b.r.b.b.connector.FinanceConnector - API Create Resume RQ: {"scanAvailable":true} 
2025-04-20 14:58:07-292 [reactor-http-nio-3] INFO  c.b.r.b.b.connector.FinanceConnector - API Create resume RQ: {"productType":"SA","productId":"67fec9835c652468edc457d0","customerId":"67ec1a63fabf6d0f4ada9866","creditEnabledToUse":0.0,"creditLimitTotal":0.0,"creditLimitUsed":0.0,"totalAmountInAccount":980.0,"informDate":[2025,4,20]} 
2025-04-20 14:58:07-292 [reactor-http-nio-3] INFO  c.b.r.b.b.config.WebClientFinanceApi - Request: POST,  http://localhost:8686/api/finance/resumes 
2025-04-20 14:58:07-294 [reactor-http-nio-3] INFO  c.b.r.b.b.config.WebClientProductApi - Response status: 200 OK 
2025-04-20 14:58:07-296 [reactor-http-nio-3] INFO  c.b.r.b.b.connector.ProductConnector - API findBalanceByProductId RS: {"creditLimit":0.0,"creditLimitUsed":0.0,"creditEnabledToUse":0.0,"totalAmountInAccount":1000.0} 
2025-04-20 14:58:07-297 [reactor-http-nio-3] INFO  c.b.r.b.b.service.ResumeServiceImpl - 3. Balance of product 67fe9db2f83aa2186dd5e6a0, {"creditLimit":0.0,"creditLimitUsed":0.0,"creditEnabledToUse":0.0,"totalAmountInAccount":1000.0} 
2025-04-20 14:58:07-298 [reactor-http-nio-3] INFO  c.b.r.b.b.connector.FinanceConnector - API Create Resume RQ: {"scanAvailable":true} 
2025-04-20 14:58:07-298 [reactor-http-nio-3] INFO  c.b.r.b.b.connector.FinanceConnector - API Create resume RQ: {"productType":"SA","productId":"67fe9db2f83aa2186dd5e6a0","customerId":"67ec1aa7fabf6d0f4ada9868","creditEnabledToUse":0.0,"creditLimitTotal":0.0,"creditLimitUsed":0.0,"totalAmountInAccount":1000.0,"informDate":[2025,4,20]} 
2025-04-20 14:58:07-299 [reactor-http-nio-3] INFO  c.b.r.b.b.config.WebClientFinanceApi - Request: POST,  http://localhost:8686/api/finance/resumes 
2025-04-20 14:58:07-359 [reactor-http-nio-3] INFO  c.b.r.b.b.config.WebClientFinanceApi - Response status: 200 OK 
2025-04-20 14:58:07-364 [reactor-http-nio-3] INFO  c.b.r.b.b.connector.FinanceConnector - API Create Resume RS: {"id":"680551cf2e9ef8505be6e902","result":"true","productType":"SA","productId":"67f9cd80200fc270ce30e284","customerId":"67ec1a41fabf6d0f4ada9865","creditEnabledToUse":0.0,"creditLimitTotal":0.0,"creditLimitUsed":0.0,"totalAmountInAccount":3720.0} 
2025-04-20 14:58:07-366 [reactor-http-nio-3] INFO  c.b.r.b.b.service.ResumeServiceImpl - 4. Saving resume saved successfully: {"id":"680551cf2e9ef8505be6e902","result":"true","productType":"SA","productId":"67f9cd80200fc270ce30e284","customerId":"67ec1a41fabf6d0f4ada9865","creditEnabledToUse":0.0,"creditLimitTotal":0.0,"creditLimitUsed":0.0,"totalAmountInAccount":3720.0} 
2025-04-20 14:58:07-367 [reactor-http-nio-3] INFO  c.b.r.b.b.config.WebClientFinanceApi - Response status: 200 OK 
2025-04-20 14:58:07-370 [reactor-http-nio-3] INFO  c.b.r.b.b.connector.FinanceConnector - API Create Resume RS: {"id":"680551cf2e9ef8505be6e903","result":"true","productType":"SA","productId":"67f9cc806e374c0902dcdb73","customerId":"67ec1a41fabf6d0f4ada9865","creditEnabledToUse":0.0,"creditLimitTotal":0.0,"creditLimitUsed":0.0,"totalAmountInAccount":505.0} 
2025-04-20 14:58:07-374 [reactor-http-nio-3] INFO  c.b.r.b.b.service.ResumeServiceImpl - 4. Saving resume saved successfully: {"id":"680551cf2e9ef8505be6e903","result":"true","productType":"SA","productId":"67f9cc806e374c0902dcdb73","customerId":"67ec1a41fabf6d0f4ada9865","creditEnabledToUse":0.0,"creditLimitTotal":0.0,"creditLimitUsed":0.0,"totalAmountInAccount":505.0} 
2025-04-20 14:58:07-375 [reactor-http-nio-3] INFO  c.b.r.b.b.config.WebClientFinanceApi - Response status: 200 OK 
2025-04-20 14:58:07-377 [reactor-http-nio-3] INFO  c.b.r.b.b.connector.FinanceConnector - API Create Resume RS: {"id":"680551cf2e9ef8505be6e904","result":"true","productType":"SA","productId":"67fac6ee3d4d5b2abeb89be8","customerId":"67ec1aa7fabf6d0f4ada9868","creditEnabledToUse":3000.0,"creditLimitTotal":3000.0,"creditLimitUsed":0.0,"totalAmountInAccount":0.0} 
2025-04-20 14:58:07-377 [reactor-http-nio-3] INFO  c.b.r.b.b.service.ResumeServiceImpl - 4. Saving resume saved successfully: {"id":"680551cf2e9ef8505be6e904","result":"true","productType":"SA","productId":"67fac6ee3d4d5b2abeb89be8","customerId":"67ec1aa7fabf6d0f4ada9868","creditEnabledToUse":3000.0,"creditLimitTotal":3000.0,"creditLimitUsed":0.0,"totalAmountInAccount":0.0} 
2025-04-20 14:58:07-378 [reactor-http-nio-3] INFO  c.b.r.b.b.config.WebClientFinanceApi - Response status: 200 OK 
2025-04-20 14:58:07-379 [reactor-http-nio-3] INFO  c.b.r.b.b.connector.FinanceConnector - API Create Resume RS: {"id":"680551cf2e9ef8505be6e905","result":"true","productType":"SA","productId":"67f9e1c9fe034d395c6d23b3","customerId":"67ec1a41fabf6d0f4ada9865","creditEnabledToUse":0.0,"creditLimitTotal":0.0,"creditLimitUsed":0.0,"totalAmountInAccount":100.0} 
2025-04-20 14:58:07-380 [reactor-http-nio-3] INFO  c.b.r.b.b.service.ResumeServiceImpl - 4. Saving resume saved successfully: {"id":"680551cf2e9ef8505be6e905","result":"true","productType":"SA","productId":"67f9e1c9fe034d395c6d23b3","customerId":"67ec1a41fabf6d0f4ada9865","creditEnabledToUse":0.0,"creditLimitTotal":0.0,"creditLimitUsed":0.0,"totalAmountInAccount":100.0} 
2025-04-20 14:58:07-381 [reactor-http-nio-3] INFO  c.b.r.b.b.config.WebClientFinanceApi - Response status: 200 OK 
2025-04-20 14:58:07-383 [reactor-http-nio-3] INFO  c.b.r.b.b.connector.FinanceConnector - API Create Resume RS: {"id":"680551cf2e9ef8505be6e906","result":"true","productType":"SA","productId":"67fabf94ec8287214a828c9c","customerId":"67ec1a41fabf6d0f4ada9865","creditEnabledToUse":2920.0,"creditLimitTotal":3000.0,"creditLimitUsed":80.0,"totalAmountInAccount":0.0} 
2025-04-20 14:58:07-384 [reactor-http-nio-3] INFO  c.b.r.b.b.service.ResumeServiceImpl - 4. Saving resume saved successfully: {"id":"680551cf2e9ef8505be6e906","result":"true","productType":"SA","productId":"67fabf94ec8287214a828c9c","customerId":"67ec1a41fabf6d0f4ada9865","creditEnabledToUse":2920.0,"creditLimitTotal":3000.0,"creditLimitUsed":80.0,"totalAmountInAccount":0.0} 
2025-04-20 14:58:07-385 [reactor-http-nio-3] INFO  c.b.r.b.b.config.WebClientFinanceApi - Response status: 200 OK 
2025-04-20 14:58:07-387 [reactor-http-nio-3] INFO  c.b.r.b.b.connector.FinanceConnector - API Create Resume RS: {"id":"680551cf2e9ef8505be6e907","result":"true","productType":"SA","productId":"67fe92e0f83aa2186dd5e69c","customerId":"67ec1aa7fabf6d0f4ada9868","creditEnabledToUse":0.0,"creditLimitTotal":0.0,"creditLimitUsed":0.0,"totalAmountInAccount":1000.0} 
2025-04-20 14:58:07-388 [reactor-http-nio-3] INFO  c.b.r.b.b.service.ResumeServiceImpl - 4. Saving resume saved successfully: {"id":"680551cf2e9ef8505be6e907","result":"true","productType":"SA","productId":"67fe92e0f83aa2186dd5e69c","customerId":"67ec1aa7fabf6d0f4ada9868","creditEnabledToUse":0.0,"creditLimitTotal":0.0,"creditLimitUsed":0.0,"totalAmountInAccount":1000.0} 
2025-04-20 14:58:07-390 [reactor-http-nio-3] INFO  c.b.r.b.b.config.WebClientFinanceApi - Response status: 200 OK 
2025-04-20 14:58:07-391 [reactor-http-nio-3] INFO  c.b.r.b.b.connector.FinanceConnector - API Create Resume RS: {"id":"680551cf2e9ef8505be6e908","result":"true","productType":"SA","productId":"67fe9360f83aa2186dd5e69e","customerId":"67ec1aa7fabf6d0f4ada9868","creditEnabledToUse":0.0,"creditLimitTotal":0.0,"creditLimitUsed":0.0,"totalAmountInAccount":1000.0} 
2025-04-20 14:58:07-392 [reactor-http-nio-3] INFO  c.b.r.b.b.service.ResumeServiceImpl - 4. Saving resume saved successfully: {"id":"680551cf2e9ef8505be6e908","result":"true","productType":"SA","productId":"67fe9360f83aa2186dd5e69e","customerId":"67ec1aa7fabf6d0f4ada9868","creditEnabledToUse":0.0,"creditLimitTotal":0.0,"creditLimitUsed":0.0,"totalAmountInAccount":1000.0} 
2025-04-20 14:58:07-393 [reactor-http-nio-3] INFO  c.b.r.b.b.config.WebClientFinanceApi - Response status: 200 OK 
2025-04-20 14:58:07-395 [reactor-http-nio-3] INFO  c.b.r.b.b.connector.FinanceConnector - API Create Resume RS: {"id":"680551cf2e9ef8505be6e909","result":"true","productType":"SA","productId":"67fac6f73d4d5b2abeb89bea","customerId":"67ec1aa7fabf6d0f4ada9868","creditEnabledToUse":0.0,"creditLimitTotal":0.0,"creditLimitUsed":0.0,"totalAmountInAccount":1280.0} 
2025-04-20 14:58:07-397 [reactor-http-nio-3] INFO  c.b.r.b.b.service.ResumeServiceImpl - 4. Saving resume saved successfully: {"id":"680551cf2e9ef8505be6e909","result":"true","productType":"SA","productId":"67fac6f73d4d5b2abeb89bea","customerId":"67ec1aa7fabf6d0f4ada9868","creditEnabledToUse":0.0,"creditLimitTotal":0.0,"creditLimitUsed":0.0,"totalAmountInAccount":1280.0} 
2025-04-20 14:58:07-398 [reactor-http-nio-3] INFO  c.b.r.b.b.config.WebClientFinanceApi - Response status: 200 OK 
2025-04-20 14:58:07-400 [reactor-http-nio-3] INFO  c.b.r.b.b.connector.FinanceConnector - API Create Resume RS: {"id":"680551cf2e9ef8505be6e90a","result":"true","productType":"SA","productId":"67fb3aaa3d4d5b2abeb89bec","customerId":"67ec1aa7fabf6d0f4ada9868","creditEnabledToUse":0.0,"creditLimitTotal":0.0,"creditLimitUsed":0.0,"totalAmountInAccount":1210.0} 
2025-04-20 14:58:07-400 [reactor-http-nio-3] INFO  c.b.r.b.b.service.ResumeServiceImpl - 4. Saving resume saved successfully: {"id":"680551cf2e9ef8505be6e90a","result":"true","productType":"SA","productId":"67fb3aaa3d4d5b2abeb89bec","customerId":"67ec1aa7fabf6d0f4ada9868","creditEnabledToUse":0.0,"creditLimitTotal":0.0,"creditLimitUsed":0.0,"totalAmountInAccount":1210.0} 
2025-04-20 14:58:07-401 [reactor-http-nio-3] INFO  c.b.r.b.b.config.WebClientFinanceApi - Response status: 200 OK 
2025-04-20 14:58:07-403 [reactor-http-nio-3] INFO  c.b.r.b.b.connector.FinanceConnector - API Create Resume RS: {"id":"680551cf2e9ef8505be6e90b","result":"true","productType":"SA","productId":"67fe9db2f83aa2186dd5e6a0","customerId":"67ec1aa7fabf6d0f4ada9868","creditEnabledToUse":0.0,"creditLimitTotal":0.0,"creditLimitUsed":0.0,"totalAmountInAccount":1000.0} 
2025-04-20 14:58:07-403 [reactor-http-nio-3] INFO  c.b.r.b.b.service.ResumeServiceImpl - 4. Saving resume saved successfully: {"id":"680551cf2e9ef8505be6e90b","result":"true","productType":"SA","productId":"67fe9db2f83aa2186dd5e6a0","customerId":"67ec1aa7fabf6d0f4ada9868","creditEnabledToUse":0.0,"creditLimitTotal":0.0,"creditLimitUsed":0.0,"totalAmountInAccount":1000.0} 
2025-04-20 14:58:07-404 [reactor-http-nio-3] INFO  c.b.r.b.b.config.WebClientFinanceApi - Response status: 200 OK 
2025-04-20 14:58:07-406 [reactor-http-nio-3] INFO  c.b.r.b.b.connector.FinanceConnector - API Create Resume RS: {"id":"680551cf2e9ef8505be6e90c","result":"true","productType":"SA","productId":"67fec9835c652468edc457d0","customerId":"67ec1a63fabf6d0f4ada9866","creditEnabledToUse":0.0,"creditLimitTotal":0.0,"creditLimitUsed":0.0,"totalAmountInAccount":980.0} 
2025-04-20 14:58:07-407 [reactor-http-nio-3] INFO  c.b.r.b.b.service.ResumeServiceImpl - 4. Saving resume saved successfully: {"id":"680551cf2e9ef8505be6e90c","result":"true","productType":"SA","productId":"67fec9835c652468edc457d0","customerId":"67ec1a63fabf6d0f4ada9866","creditEnabledToUse":0.0,"creditLimitTotal":0.0,"creditLimitUsed":0.0,"totalAmountInAccount":980.0} 
2025-04-20 14:59:04-469 [scheduling-1] INFO  c.b.r.b.b.connector.ProductConnector - API get products 
2025-04-20 14:59:04-470 [scheduling-1] INFO  c.b.r.b.b.config.WebClientProductApi - Request: GET,  http://localhost:8383/api/products 
2025-04-20 14:59:04-482 [reactor-http-nio-3] INFO  c.b.r.b.b.config.WebClientProductApi - Response status: 200 OK 
2025-04-20 14:59:04-487 [reactor-http-nio-3] INFO  c.b.r.b.b.connector.ProductConnector - API getting product: {"id":"67f9cc806e374c0902dcdb73","productType":"SA","amountOfOpen":10.0,"accountNumber":"SA01-7689199523","hasPlasticCard":true,"cardNumber":"67fd7f29c1328463019a244a","createdDate":[2025,4,12],"customer":{"customerId":"67ec1a41fabf6d0f4ada9865"}} 
2025-04-20 14:59:04-487 [reactor-http-nio-3] INFO  c.b.r.b.b.service.ResumeServiceImpl - 1. Getting products SA. 
2025-04-20 14:59:04-487 [reactor-http-nio-3] INFO  c.b.r.b.b.service.ResumeServiceImpl - 2. Creating resume request of product 67f9cc806e374c0902dcdb73. 
2025-04-20 14:59:04-487 [reactor-http-nio-3] INFO  c.b.r.b.b.connector.ProductConnector - API findBalanceByProductId RQ: 67f9cc806e374c0902dcdb73 
2025-04-20 14:59:04-488 [reactor-http-nio-3] INFO  c.b.r.b.b.config.WebClientProductApi - Request: GET,  http://localhost:8383/api/products/67f9cc806e374c0902dcdb73/balance 
2025-04-20 14:59:04-493 [reactor-http-nio-3] INFO  c.b.r.b.b.connector.ProductConnector - API getting product: {"id":"67f9cd80200fc270ce30e284","productType":"CA","amountOfOpen":10.0,"accountNumber":"CA01-8730016551","hasPlasticCard":true,"cardNumber":"67fd7f29c1328463019a244a","createdDate":[2025,4,11],"customer":{"customerId":"67ec1a41fabf6d0f4ada9865"}} 
2025-04-20 14:59:04-493 [reactor-http-nio-3] INFO  c.b.r.b.b.service.ResumeServiceImpl - 1. Getting products SA. 
2025-04-20 14:59:04-493 [reactor-http-nio-3] INFO  c.b.r.b.b.service.ResumeServiceImpl - 2. Creating resume request of product 67f9cd80200fc270ce30e284. 
2025-04-20 14:59:04-493 [reactor-http-nio-3] INFO  c.b.r.b.b.connector.ProductConnector - API findBalanceByProductId RQ: 67f9cd80200fc270ce30e284 
2025-04-20 14:59:04-494 [reactor-http-nio-3] INFO  c.b.r.b.b.config.WebClientProductApi - Request: GET,  http://localhost:8383/api/products/67f9cd80200fc270ce30e284/balance 
2025-04-20 14:59:04-497 [reactor-http-nio-3] INFO  c.b.r.b.b.connector.ProductConnector - API getting product: {"id":"67f9e1c9fe034d395c6d23b3","productType":"FA","amountOfOpen":100.0,"accountNumber":"FA01-9408688263","hasPlasticCard":true,"cardNumber":"67fd7f29c1328463019a244a","createdDate":[2025,4,11],"customer":{"customerId":"67ec1a41fabf6d0f4ada9865"}} 
2025-04-20 14:59:04-498 [reactor-http-nio-3] INFO  c.b.r.b.b.service.ResumeServiceImpl - 1. Getting products SA. 
2025-04-20 14:59:04-498 [reactor-http-nio-3] INFO  c.b.r.b.b.service.ResumeServiceImpl - 2. Creating resume request of product 67f9e1c9fe034d395c6d23b3. 
2025-04-20 14:59:04-498 [reactor-http-nio-3] INFO  c.b.r.b.b.connector.ProductConnector - API findBalanceByProductId RQ: 67f9e1c9fe034d395c6d23b3 
2025-04-20 14:59:04-498 [reactor-http-nio-3] INFO  c.b.r.b.b.config.WebClientProductApi - Request: GET,  http://localhost:8383/api/products/67f9e1c9fe034d395c6d23b3/balance 
2025-04-20 14:59:04-502 [reactor-http-nio-3] INFO  c.b.r.b.b.connector.ProductConnector - API getting product: {"id":"67fabf94ec8287214a828c9c","productType":"CC","amountOfOpen":100.0,"accountNumber":"CC01-4406914878","hasPlasticCard":true,"cardNumber":"67fd811bc1328463019a244c","createdDate":[2025,4,12],"customer":{"customerId":"67ec1a41fabf6d0f4ada9865"}} 
2025-04-20 14:59:04-502 [reactor-http-nio-3] INFO  c.b.r.b.b.service.ResumeServiceImpl - 1. Getting products SA. 
2025-04-20 14:59:04-502 [reactor-http-nio-3] INFO  c.b.r.b.b.service.ResumeServiceImpl - 2. Creating resume request of product 67fabf94ec8287214a828c9c. 
2025-04-20 14:59:04-502 [reactor-http-nio-3] INFO  c.b.r.b.b.connector.ProductConnector - API findBalanceByProductId RQ: 67fabf94ec8287214a828c9c 
2025-04-20 14:59:04-504 [reactor-http-nio-3] INFO  c.b.r.b.b.config.WebClientProductApi - Request: GET,  http://localhost:8383/api/products/67fabf94ec8287214a828c9c/balance 
2025-04-20 14:59:04-512 [reactor-http-nio-3] INFO  c.b.r.b.b.connector.ProductConnector - API getting product: {"id":"67fac6ee3d4d5b2abeb89be8","productType":"CC","amountOfOpen":0.0,"accountNumber":"CC01-1698441355","hasPlasticCard":true,"createdDate":[2025,4,12],"customer":{"customerId":"67ec1aa7fabf6d0f4ada9868"}} 
2025-04-20 14:59:04-512 [reactor-http-nio-3] INFO  c.b.r.b.b.service.ResumeServiceImpl - 1. Getting products SA. 
2025-04-20 14:59:04-512 [reactor-http-nio-3] INFO  c.b.r.b.b.service.ResumeServiceImpl - 2. Creating resume request of product 67fac6ee3d4d5b2abeb89be8. 
2025-04-20 14:59:04-512 [reactor-http-nio-3] INFO  c.b.r.b.b.connector.ProductConnector - API findBalanceByProductId RQ: 67fac6ee3d4d5b2abeb89be8 
2025-04-20 14:59:04-513 [reactor-http-nio-3] INFO  c.b.r.b.b.config.WebClientProductApi - Request: GET,  http://localhost:8383/api/products/67fac6ee3d4d5b2abeb89be8/balance 
2025-04-20 14:59:04-516 [reactor-http-nio-3] INFO  c.b.r.b.b.connector.ProductConnector - API getting product: {"id":"67fac6f73d4d5b2abeb89bea","productType":"SA","amountOfOpen":0.0,"accountNumber":"SA01-3755826271","hasPlasticCard":true,"createdDate":[2025,4,12],"customer":{"customerId":"67ec1aa7fabf6d0f4ada9868"}} 
2025-04-20 14:59:04-517 [reactor-http-nio-3] INFO  c.b.r.b.b.service.ResumeServiceImpl - 1. Getting products SA. 
2025-04-20 14:59:04-517 [reactor-http-nio-3] INFO  c.b.r.b.b.service.ResumeServiceImpl - 2. Creating resume request of product 67fac6f73d4d5b2abeb89bea. 
2025-04-20 14:59:04-517 [reactor-http-nio-3] INFO  c.b.r.b.b.connector.ProductConnector - API findBalanceByProductId RQ: 67fac6f73d4d5b2abeb89bea 
2025-04-20 14:59:04-517 [reactor-http-nio-3] INFO  c.b.r.b.b.config.WebClientProductApi - Request: GET,  http://localhost:8383/api/products/67fac6f73d4d5b2abeb89bea/balance 
2025-04-20 14:59:04-533 [reactor-http-nio-3] INFO  c.b.r.b.b.connector.ProductConnector - API getting product: {"id":"67fb3aaa3d4d5b2abeb89bec","productType":"SA","amountOfOpen":1000.0,"accountNumber":"SA01-4830318062","hasPlasticCard":true,"createdDate":[2025,4,12],"customer":{"customerId":"67ec1aa7fabf6d0f4ada9868"}} 
2025-04-20 14:59:04-533 [reactor-http-nio-3] INFO  c.b.r.b.b.service.ResumeServiceImpl - 1. Getting products SA. 
2025-04-20 14:59:04-533 [reactor-http-nio-3] INFO  c.b.r.b.b.service.ResumeServiceImpl - 2. Creating resume request of product 67fb3aaa3d4d5b2abeb89bec. 
2025-04-20 14:59:04-533 [reactor-http-nio-3] INFO  c.b.r.b.b.connector.ProductConnector - API findBalanceByProductId RQ: 67fb3aaa3d4d5b2abeb89bec 
2025-04-20 14:59:04-535 [reactor-http-nio-3] INFO  c.b.r.b.b.config.WebClientProductApi - Request: GET,  http://localhost:8383/api/products/67fb3aaa3d4d5b2abeb89bec/balance 
2025-04-20 14:59:04-540 [reactor-http-nio-3] INFO  c.b.r.b.b.connector.ProductConnector - API getting product: {"id":"67fe92e0f83aa2186dd5e69c","productType":"SA","amountOfOpen":1000.0,"accountNumber":"SA01-3509644191","hasPlasticCard":true,"createdDate":[2025,4,15],"customer":{"customerId":"67ec1aa7fabf6d0f4ada9868"}} 
2025-04-20 14:59:04-540 [reactor-http-nio-3] INFO  c.b.r.b.b.service.ResumeServiceImpl - 1. Getting products SA. 
2025-04-20 14:59:04-540 [reactor-http-nio-3] INFO  c.b.r.b.b.service.ResumeServiceImpl - 2. Creating resume request of product 67fe92e0f83aa2186dd5e69c. 
2025-04-20 14:59:04-540 [reactor-http-nio-3] INFO  c.b.r.b.b.connector.ProductConnector - API findBalanceByProductId RQ: 67fe92e0f83aa2186dd5e69c 
2025-04-20 14:59:04-541 [reactor-http-nio-3] INFO  c.b.r.b.b.config.WebClientProductApi - Request: GET,  http://localhost:8383/api/products/67fe92e0f83aa2186dd5e69c/balance 
2025-04-20 14:59:04-548 [reactor-http-nio-3] INFO  c.b.r.b.b.connector.ProductConnector - API getting product: {"id":"67fe9360f83aa2186dd5e69e","productType":"SA","amountOfOpen":1000.0,"accountNumber":"SA01-9811236276","hasPlasticCard":true,"createdDate":[2025,4,15],"customer":{"customerId":"67ec1aa7fabf6d0f4ada9868"}} 
2025-04-20 14:59:04-548 [reactor-http-nio-3] INFO  c.b.r.b.b.service.ResumeServiceImpl - 1. Getting products SA. 
2025-04-20 14:59:04-548 [reactor-http-nio-3] INFO  c.b.r.b.b.service.ResumeServiceImpl - 2. Creating resume request of product 67fe9360f83aa2186dd5e69e. 
2025-04-20 14:59:04-548 [reactor-http-nio-3] INFO  c.b.r.b.b.connector.ProductConnector - API findBalanceByProductId RQ: 67fe9360f83aa2186dd5e69e 
2025-04-20 14:59:04-549 [reactor-http-nio-3] INFO  c.b.r.b.b.config.WebClientProductApi - Request: GET,  http://localhost:8383/api/products/67fe9360f83aa2186dd5e69e/balance 
2025-04-20 14:59:04-558 [reactor-http-nio-3] INFO  c.b.r.b.b.connector.ProductConnector - API getting product: {"id":"67fe9db2f83aa2186dd5e6a0","productType":"SA","amountOfOpen":1000.0,"accountNumber":"SA01-2207291036","hasPlasticCard":true,"createdDate":[2025,4,15],"customer":{"customerId":"67ec1aa7fabf6d0f4ada9868"}} 
2025-04-20 14:59:04-558 [reactor-http-nio-3] INFO  c.b.r.b.b.service.ResumeServiceImpl - 1. Getting products SA. 
2025-04-20 14:59:04-558 [reactor-http-nio-3] INFO  c.b.r.b.b.service.ResumeServiceImpl - 2. Creating resume request of product 67fe9db2f83aa2186dd5e6a0. 
2025-04-20 14:59:04-558 [reactor-http-nio-3] INFO  c.b.r.b.b.connector.ProductConnector - API findBalanceByProductId RQ: 67fe9db2f83aa2186dd5e6a0 
2025-04-20 14:59:04-559 [reactor-http-nio-3] INFO  c.b.r.b.b.config.WebClientProductApi - Request: GET,  http://localhost:8383/api/products/67fe9db2f83aa2186dd5e6a0/balance 
2025-04-20 14:59:04-567 [reactor-http-nio-3] INFO  c.b.r.b.b.connector.ProductConnector - API getting product: {"id":"67fec9835c652468edc457d0","productType":"CA","amountOfOpen":1000.0,"accountNumber":"CA01-3433862793","hasPlasticCard":false,"createdDate":[2025,4,15],"customer":{"customerId":"67ec1a63fabf6d0f4ada9866"},"holders":[{"fullName":"ABRAHAM  BERMEJO","email":"mail@gmail.commmm","phone":"11111","identification":{"typeIdentification":"DNI","numberIdentification":"444"}}],"authorizedSignatories":[{"fullName":"VERONICA ARANGO YAMASHIRO","email":"mail@gmail.commmm","phone":"2222222","identification":{"typeIdentification":"DNI","numberIdentification":"22222"}}]} 
2025-04-20 14:59:04-567 [reactor-http-nio-3] INFO  c.b.r.b.b.service.ResumeServiceImpl - 1. Getting products SA. 
2025-04-20 14:59:04-567 [reactor-http-nio-3] INFO  c.b.r.b.b.service.ResumeServiceImpl - 2. Creating resume request of product 67fec9835c652468edc457d0. 
2025-04-20 14:59:04-567 [reactor-http-nio-3] INFO  c.b.r.b.b.connector.ProductConnector - API findBalanceByProductId RQ: 67fec9835c652468edc457d0 
2025-04-20 14:59:04-568 [reactor-http-nio-3] INFO  c.b.r.b.b.config.WebClientProductApi - Request: GET,  http://localhost:8383/api/products/67fec9835c652468edc457d0/balance 
2025-04-20 14:59:04-572 [SpringApplicationShutdownHook] INFO  o.s.c.n.e.s.EurekaServiceRegistry - Unregistering application RESUME-BALANCE-BOT with eureka with status DOWN 
2025-04-20 14:59:04-573 [SpringApplicationShutdownHook] INFO  c.netflix.discovery.DiscoveryClient - Saw local status change event StatusChangeEvent [timestamp=1745179144573, current=DOWN, previous=UP] 
2025-04-20 14:59:04-573 [DiscoveryClient-InstanceInfoReplicator-%d] INFO  c.netflix.discovery.DiscoveryClient - DiscoveryClient_RESUME-BALANCE-BOT/resume-balance-bot:8787: registering service... 
2025-04-20 14:59:04-574 [reactor-http-nio-3] INFO  c.b.r.b.b.config.WebClientProductApi - Response status: 200 OK 
2025-04-20 14:59:04-577 [SpringApplicationShutdownHook] INFO  o.s.b.w.e.netty.GracefulShutdown - Commencing graceful shutdown. Waiting for active requests to complete 
2025-04-20 14:59:04-578 [reactor-http-nio-3] INFO  c.b.r.b.b.connector.ProductConnector - API findBalanceByProductId RS: {"creditLimit":0.0,"creditLimitUsed":0.0,"creditEnabledToUse":0.0,"totalAmountInAccount":505.0} 
2025-04-20 14:59:04-580 [reactor-http-nio-3] INFO  c.b.r.b.b.service.ResumeServiceImpl - 3. Balance of product 67f9cc806e374c0902dcdb73, {"creditLimit":0.0,"creditLimitUsed":0.0,"creditEnabledToUse":0.0,"totalAmountInAccount":505.0} 
2025-04-20 14:59:04-581 [netty-shutdown] INFO  o.s.b.w.e.netty.GracefulShutdown - Graceful shutdown complete 
2025-04-20 14:59:04-583 [reactor-http-nio-3] INFO  c.b.r.b.b.connector.FinanceConnector - API Create Resume RQ: {"scanAvailable":true} 
2025-04-20 14:59:04-588 [reactor-http-nio-3] INFO  c.b.r.b.b.connector.FinanceConnector - API Create resume RQ: {"productType":"SA","productId":"67f9cc806e374c0902dcdb73","customerId":"67ec1a41fabf6d0f4ada9865","creditEnabledToUse":0.0,"creditLimitTotal":0.0,"creditLimitUsed":0.0,"totalAmountInAccount":505.0,"informDate":[2025,4,20]} 
2025-04-20 14:59:04-589 [DiscoveryClient-InstanceInfoReplicator-%d] INFO  c.netflix.discovery.DiscoveryClient - DiscoveryClient_RESUME-BALANCE-BOT/resume-balance-bot:8787 - registration status: 204 
2025-04-20 14:59:04-589 [reactor-http-nio-3] INFO  c.b.r.b.b.config.WebClientFinanceApi - Request: POST,  http://localhost:8686/api/finance/resumes 
2025-04-20 14:59:04-594 [reactor-http-nio-3] INFO  c.b.r.b.b.config.WebClientProductApi - Response status: 200 OK 
2025-04-20 14:59:04-599 [reactor-http-nio-3] INFO  c.b.r.b.b.connector.ProductConnector - API findBalanceByProductId RS: {"creditLimit":0.0,"creditLimitUsed":0.0,"creditEnabledToUse":0.0,"totalAmountInAccount":3720.0} 
2025-04-20 14:59:04-600 [reactor-http-nio-3] INFO  c.b.r.b.b.service.ResumeServiceImpl - 3. Balance of product 67f9cd80200fc270ce30e284, {"creditLimit":0.0,"creditLimitUsed":0.0,"creditEnabledToUse":0.0,"totalAmountInAccount":3720.0} 
2025-04-20 14:59:04-601 [reactor-http-nio-3] INFO  c.b.r.b.b.connector.FinanceConnector - API Create Resume RQ: {"scanAvailable":true} 
2025-04-20 14:59:04-602 [reactor-http-nio-3] INFO  c.b.r.b.b.connector.FinanceConnector - API Create resume RQ: {"productType":"SA","productId":"67f9cd80200fc270ce30e284","customerId":"67ec1a41fabf6d0f4ada9865","creditEnabledToUse":0.0,"creditLimitTotal":0.0,"creditLimitUsed":0.0,"totalAmountInAccount":3720.0,"informDate":[2025,4,20]} 
2025-04-20 14:59:04-603 [reactor-http-nio-3] INFO  c.b.r.b.b.config.WebClientFinanceApi - Request: POST,  http://localhost:8686/api/finance/resumes 
2025-04-20 14:59:04-617 [reactor-http-nio-3] ERROR c.b.r.b.b.connector.FinanceConnector - API error create resume executor not accepting a task 
2025-04-20 14:59:04-622 [reactor-http-nio-3] ERROR c.b.r.b.b.service.ResumeServiceImpl - Saving resume failed executor not accepting a task 
2025-04-20 14:59:04-623 [reactor-http-nio-3] ERROR reactor.core.publisher.Operators - Operator called default onErrorDropped 
reactor.core.Exceptions$ErrorCallbackNotImplemented: org.springframework.web.reactive.function.client.WebClientRequestException: executor not accepting a task
Caused by: org.springframework.web.reactive.function.client.WebClientRequestException: executor not accepting a task
	at org.springframework.web.reactive.function.client.ExchangeFunctions$DefaultExchangeFunction.lambda$wrapException$9(ExchangeFunctions.java:137)
	Suppressed: reactor.core.publisher.FluxOnAssembly$OnAssemblyException: 
Assembly trace from producer [reactor.core.publisher.MonoErrorSupplied] :
	reactor.core.publisher.Mono.error(Mono.java:315)
	org.springframework.web.reactive.function.client.ExchangeFunctions$DefaultExchangeFunction.wrapException(ExchangeFunctions.java:137)
Error has been observed at the following site(s):
	*____________Mono.error ⇢ at org.springframework.web.reactive.function.client.ExchangeFunctions$DefaultExchangeFunction.wrapException(ExchangeFunctions.java:137)
	*____Mono.onErrorResume ⇢ at org.springframework.web.reactive.function.client.ExchangeFunctions$DefaultExchangeFunction.exchange(ExchangeFunctions.java:106)
	|_             Mono.map ⇢ at org.springframework.web.reactive.function.client.ExchangeFunctions$DefaultExchangeFunction.exchange(ExchangeFunctions.java:107)
	|_        Mono.doOnNext ⇢ at org.springframework.web.reactive.function.client.DefaultWebClient$ObservationFilterFunction.filter(DefaultWebClient.java:745)
	|_         Mono.flatMap ⇢ at org.springframework.web.reactive.function.client.ExchangeFilterFunction.lambda$ofResponseProcessor$4(ExchangeFilterFunction.java:95)
	*__________Mono.flatMap ⇢ at org.springframework.web.reactive.function.client.ExchangeFilterFunction.lambda$ofRequestProcessor$3(ExchangeFilterFunction.java:84)
	*____________Mono.defer ⇢ at org.springframework.web.reactive.function.client.DefaultWebClient$DefaultRequestBodyUriSpec.lambda$exchange$12(DefaultWebClient.java:467)
	|_           checkpoint ⇢ Request to POST http://localhost:8686/api/finance/resumes [DefaultWebClient]
	|_   Mono.switchIfEmpty ⇢ at org.springframework.web.reactive.function.client.DefaultWebClient$DefaultRequestBodyUriSpec.lambda$exchange$12(DefaultWebClient.java:472)
	|_        Mono.doOnNext ⇢ at org.springframework.web.reactive.function.client.DefaultWebClient$DefaultRequestBodyUriSpec.lambda$exchange$12(DefaultWebClient.java:478)
	|_       Mono.doOnError ⇢ at org.springframework.web.reactive.function.client.DefaultWebClient$DefaultRequestBodyUriSpec.lambda$exchange$12(DefaultWebClient.java:479)
	|_       Mono.doFinally ⇢ at org.springframework.web.reactive.function.client.DefaultWebClient$DefaultRequestBodyUriSpec.lambda$exchange$12(DefaultWebClient.java:480)
	|_    Mono.contextWrite ⇢ at org.springframework.web.reactive.function.client.DefaultWebClient$DefaultRequestBodyUriSpec.lambda$exchange$12(DefaultWebClient.java:486)
	*__Mono.deferContextual ⇢ at org.springframework.web.reactive.function.client.DefaultWebClient$DefaultRequestBodyUriSpec.exchange(DefaultWebClient.java:453)
	|_         Mono.flatMap ⇢ at org.springframework.web.reactive.function.client.DefaultWebClient$DefaultResponseSpec.bodyToMono(DefaultWebClient.java:580)
	|_        Mono.doOnNext ⇢ at com.bootcamp.resume.balance.bot.connector.FinanceConnector.lambda$createResume$3(FinanceConnector.java:31)
	|_       Mono.doOnError ⇢ at com.bootcamp.resume.balance.bot.connector.FinanceConnector.lambda$createResume$3(FinanceConnector.java:33)
	*__________Mono.flatMap ⇢ at com.bootcamp.resume.balance.bot.connector.FinanceConnector.createResume(FinanceConnector.java:26)
	*__________Flux.flatMap ⇢ at com.bootcamp.resume.balance.bot.service.ResumeServiceImpl.saveResumes(ResumeServiceImpl.java:49)
	|_        Flux.doOnNext ⇢ at com.bootcamp.resume.balance.bot.service.ResumeServiceImpl.saveResumes(ResumeServiceImpl.java:50)
	|_       Flux.doOnError ⇢ at com.bootcamp.resume.balance.bot.service.ResumeServiceImpl.saveResumes(ResumeServiceImpl.java:52)
Original Stack Trace:
		at org.springframework.web.reactive.function.client.ExchangeFunctions$DefaultExchangeFunction.lambda$wrapException$9(ExchangeFunctions.java:137)
		at reactor.core.publisher.MonoErrorSupplied.subscribe(MonoErrorSupplied.java:55)
		at reactor.core.publisher.Mono.subscribe(Mono.java:4576)
		at reactor.core.publisher.FluxOnErrorResume$ResumeSubscriber.onError(FluxOnErrorResume.java:103)
		at reactor.core.publisher.FluxPeekFuseable$PeekFuseableSubscriber.onError(FluxPeekFuseable.java:234)
		at reactor.core.publisher.FluxPeekFuseable$PeekFuseableSubscriber.onError(FluxPeekFuseable.java:234)
		at reactor.core.publisher.FluxPeekFuseable$PeekFuseableSubscriber.onError(FluxPeekFuseable.java:234)
		at reactor.core.publisher.MonoNext$NextSubscriber.onError(MonoNext.java:93)
		at reactor.core.publisher.MonoFlatMapMany$FlatMapManyMain.onError(MonoFlatMapMany.java:205)
		at reactor.core.publisher.SerializedSubscriber.onError(SerializedSubscriber.java:124)
		at reactor.core.publisher.FluxRetryWhen$RetryWhenMainSubscriber.whenError(FluxRetryWhen.java:229)
		at reactor.core.publisher.FluxRetryWhen$RetryWhenOtherSubscriber.onError(FluxRetryWhen.java:279)
		at reactor.core.publisher.FluxContextWrite$ContextWriteSubscriber.onError(FluxContextWrite.java:121)
		at reactor.core.publisher.FluxConcatMapNoPrefetch$FluxConcatMapNoPrefetchSubscriber.maybeOnError(FluxConcatMapNoPrefetch.java:327)
		at reactor.core.publisher.FluxConcatMapNoPrefetch$FluxConcatMapNoPrefetchSubscriber.onNext(FluxConcatMapNoPrefetch.java:212)
		at reactor.core.publisher.FluxContextWrite$ContextWriteSubscriber.onNext(FluxContextWrite.java:107)
		at reactor.core.publisher.SinkManyEmitterProcessor.drain(SinkManyEmitterProcessor.java:476)
		at reactor.core.publisher.SinkManyEmitterProcessor$EmitterInner.drainParent(SinkManyEmitterProcessor.java:620)
		at reactor.core.publisher.FluxPublish$PubSubInner.request(FluxPublish.java:874)
		at reactor.core.publisher.FluxContextWrite$ContextWriteSubscriber.request(FluxContextWrite.java:136)
		at reactor.core.publisher.FluxConcatMapNoPrefetch$FluxConcatMapNoPrefetchSubscriber.request(FluxConcatMapNoPrefetch.java:337)
		at reactor.core.publisher.FluxContextWrite$ContextWriteSubscriber.request(FluxContextWrite.java:136)
		at reactor.core.publisher.Operators$DeferredSubscription.request(Operators.java:1743)
		at reactor.core.publisher.FluxRetryWhen$RetryWhenMainSubscriber.onError(FluxRetryWhen.java:196)
		at reactor.core.publisher.MonoCreate$DefaultMonoSink.error(MonoCreate.java:205)
		at reactor.netty.http.client.HttpClientConnect$MonoHttpConnect$ClientTransportSubscriber.onError(HttpClientConnect.java:323)
		at reactor.core.publisher.MonoCreate$DefaultMonoSink.error(MonoCreate.java:205)
		at reactor.netty.resources.DefaultPooledConnectionProvider$DisposableAcquire.onError(DefaultPooledConnectionProvider.java:174)
		at reactor.core.publisher.FluxContextWrite$ContextWriteSubscriber.onError(FluxContextWrite.java:121)
		at reactor.netty.internal.shaded.reactor.pool.AbstractPool$Borrower.fail(AbstractPool.java:479)
		at reactor.netty.internal.shaded.reactor.pool.SimpleDequePool.lambda$drainLoop$9(SimpleDequePool.java:443)
		at reactor.core.publisher.FluxDoOnEach$DoOnEachSubscriber.onError(FluxDoOnEach.java:186)
		at reactor.core.publisher.MonoCreate$DefaultMonoSink.error(MonoCreate.java:205)
		at reactor.netty.resources.DefaultPooledConnectionProvider$PooledConnectionAllocator$PooledConnectionInitializer.onError(DefaultPooledConnectionProvider.java:593)
		at reactor.core.publisher.MonoFlatMap$FlatMapMain.secondError(MonoFlatMap.java:241)
		at reactor.core.publisher.MonoFlatMap$FlatMapInner.onError(MonoFlatMap.java:315)
		at reactor.core.publisher.FluxOnErrorResume$ResumeSubscriber.onError(FluxOnErrorResume.java:106)
		at reactor.core.publisher.Operators.error(Operators.java:198)
		at reactor.core.publisher.MonoError.subscribe(MonoError.java:53)
		at reactor.core.publisher.Mono.subscribe(Mono.java:4576)
		at reactor.core.publisher.FluxOnErrorResume$ResumeSubscriber.onError(FluxOnErrorResume.java:103)
		at reactor.core.publisher.Operators.error(Operators.java:198)
		at reactor.core.publisher.MonoError.subscribe(MonoError.java:53)
		at reactor.core.publisher.InternalMonoOperator.subscribe(InternalMonoOperator.java:76)
		at reactor.core.publisher.MonoFlatMap$FlatMapMain.onNext(MonoFlatMap.java:165)
		at reactor.netty.transport.TransportConnector$MonoChannelPromise._subscribe(TransportConnector.java:638)
		at reactor.netty.transport.TransportConnector$MonoChannelPromise.subscribe(TransportConnector.java:547)
		at reactor.core.publisher.InternalMonoOperator.subscribe(InternalMonoOperator.java:76)
		at reactor.netty.resources.DefaultPooledConnectionProvider$PooledConnectionAllocator.lambda$connectChannel$0(DefaultPooledConnectionProvider.java:544)
		at reactor.core.publisher.MonoCreate.subscribe(MonoCreate.java:61)
		at reactor.core.publisher.Mono.subscribe(Mono.java:4576)
		at reactor.core.publisher.Mono.subscribeWith(Mono.java:4641)
		at reactor.core.publisher.Mono.subscribe(Mono.java:4542)
		at reactor.core.publisher.Mono.subscribe(Mono.java:4478)
		at reactor.netty.internal.shaded.reactor.pool.SimpleDequePool.drainLoop(SimpleDequePool.java:449)
		at reactor.netty.internal.shaded.reactor.pool.SimpleDequePool.pendingOffer(SimpleDequePool.java:625)
		at reactor.netty.internal.shaded.reactor.pool.SimpleDequePool.doAcquire(SimpleDequePool.java:306)
		at reactor.netty.internal.shaded.reactor.pool.AbstractPool$Borrower.request(AbstractPool.java:425)
		at reactor.core.publisher.FluxContextWrite$ContextWriteSubscriber.request(FluxContextWrite.java:136)
		at reactor.netty.resources.DefaultPooledConnectionProvider$DisposableAcquire.onSubscribe(DefaultPooledConnectionProvider.java:218)
		at reactor.core.publisher.FluxContextWrite$ContextWriteSubscriber.onSubscribe(FluxContextWrite.java:101)
		at reactor.netty.internal.shaded.reactor.pool.SimpleDequePool$QueueBorrowerMono.subscribe(SimpleDequePool.java:743)
		at reactor.core.publisher.InternalMonoOperator.subscribe(InternalMonoOperator.java:76)
		at reactor.netty.resources.PooledConnectionProvider.lambda$acquire$3(PooledConnectionProvider.java:196)
		at reactor.core.publisher.MonoCreate.subscribe(MonoCreate.java:61)
		at reactor.core.publisher.InternalMonoOperator.subscribe(InternalMonoOperator.java:76)
		at reactor.netty.http.client.HttpClientConnect$MonoHttpConnect.lambda$subscribe$0(HttpClientConnect.java:285)
		at reactor.core.publisher.MonoCreate.subscribe(MonoCreate.java:61)
		at reactor.core.publisher.InternalMonoOperator.subscribe(InternalMonoOperator.java:76)
		at reactor.core.publisher.FluxRetryWhen.subscribe(FluxRetryWhen.java:81)
		at reactor.core.publisher.MonoRetryWhen.subscribeOrReturn(MonoRetryWhen.java:46)
		at reactor.core.publisher.InternalMonoOperator.subscribe(InternalMonoOperator.java:63)
		at reactor.netty.http.client.HttpClientConnect$MonoHttpConnect.subscribe(HttpClientConnect.java:288)
		at reactor.core.publisher.Mono.subscribe(Mono.java:4576)
		at reactor.core.publisher.FluxFlatMap.trySubscribeScalarMap(FluxFlatMap.java:202)
		at reactor.core.publisher.MonoFlatMap.subscribeOrReturn(MonoFlatMap.java:53)
		at reactor.core.publisher.InternalMonoOperator.subscribe(InternalMonoOperator.java:63)
		at reactor.core.publisher.MonoDefer.subscribe(MonoDefer.java:53)
		at reactor.core.publisher.InternalMonoOperator.subscribe(InternalMonoOperator.java:76)
		at reactor.core.publisher.MonoDeferContextual.subscribe(MonoDeferContextual.java:55)
		at reactor.core.publisher.InternalMonoOperator.subscribe(InternalMonoOperator.java:76)
		at reactor.core.publisher.MonoFlatMap$FlatMapMain.onNext(MonoFlatMap.java:165)
		at reactor.core.publisher.FluxPeek$PeekSubscriber.onNext(FluxPeek.java:200)
		at reactor.core.publisher.Operators$ScalarSubscription.request(Operators.java:2571)
		at reactor.core.publisher.FluxPeek$PeekSubscriber.request(FluxPeek.java:138)
		at reactor.core.publisher.MonoFlatMap$FlatMapMain.request(MonoFlatMap.java:194)
		at reactor.core.publisher.FluxFlatMap$FlatMapInner.onSubscribe(FluxFlatMap.java:968)
		at reactor.core.publisher.MonoFlatMap$FlatMapMain.onSubscribe(MonoFlatMap.java:117)
		at reactor.core.publisher.FluxPeek$PeekSubscriber.onSubscribe(FluxPeek.java:171)
		at reactor.core.publisher.MonoJust.subscribe(MonoJust.java:55)
		at reactor.core.publisher.Mono.subscribe(Mono.java:4576)
		at reactor.core.publisher.FluxFlatMap$FlatMapMain.onNext(FluxFlatMap.java:430)
		at reactor.core.publisher.FluxFlatMap$FlatMapMain.tryEmit(FluxFlatMap.java:547)
		at reactor.core.publisher.FluxFlatMap$FlatMapInner.onNext(FluxFlatMap.java:988)
		at reactor.core.publisher.MonoFlatMap$FlatMapMain.onNext(MonoFlatMap.java:158)
		at reactor.core.publisher.MonoPeekTerminal$MonoTerminalPeekSubscriber.onNext(MonoPeekTerminal.java:180)
		at reactor.core.publisher.MonoPeekTerminal$MonoTerminalPeekSubscriber.onNext(MonoPeekTerminal.java:180)
		at reactor.core.publisher.FluxPeekFuseable$PeekFuseableConditionalSubscriber.onNext(FluxPeekFuseable.java:503)
		at reactor.core.publisher.MonoFlatMap$FlatMapMain.secondComplete(MonoFlatMap.java:245)
		at reactor.core.publisher.MonoFlatMap$FlatMapInner.onNext(MonoFlatMap.java:305)
		at reactor.core.publisher.FluxOnErrorResume$ResumeSubscriber.onNext(FluxOnErrorResume.java:79)
		at reactor.core.publisher.MonoFlatMap$FlatMapMain.onNext(MonoFlatMap.java:158)
		at reactor.core.publisher.FluxContextWrite$ContextWriteSubscriber.onNext(FluxContextWrite.java:107)
		at reactor.core.publisher.FluxMapFuseable$MapFuseableConditionalSubscriber.onNext(FluxMapFuseable.java:299)
		at reactor.core.publisher.FluxFilterFuseable$FilterFuseableConditionalSubscriber.onNext(FluxFilterFuseable.java:337)
		at reactor.core.publisher.Operators$BaseFluxToMonoOperator.completePossiblyEmpty(Operators.java:2097)
		at reactor.core.publisher.MonoCollect$CollectSubscriber.onComplete(MonoCollect.java:145)
		at reactor.core.publisher.FluxMapFuseable$MapFuseableSubscriber.onComplete(FluxMapFuseable.java:152)
		at reactor.core.publisher.FluxPeekFuseable$PeekFuseableSubscriber.onComplete(FluxPeekFuseable.java:277)
		at reactor.core.publisher.FluxMap$MapSubscriber.onComplete(FluxMap.java:144)
		at reactor.netty.channel.FluxReceive.onInboundComplete(FluxReceive.java:413)
		at reactor.netty.channel.ChannelOperations.onInboundComplete(ChannelOperations.java:455)
		at reactor.netty.channel.ChannelOperations.terminate(ChannelOperations.java:509)
		at reactor.netty.http.client.HttpClientOperations.onInboundNext(HttpClientOperations.java:824)
		at reactor.netty.channel.ChannelOperationsHandler.channelRead(ChannelOperationsHandler.java:115)
		at io.netty.channel.AbstractChannelHandlerContext.invokeChannelRead(AbstractChannelHandlerContext.java:444)
		at io.netty.channel.AbstractChannelHandlerContext.invokeChannelRead(AbstractChannelHandlerContext.java:420)
		at io.netty.channel.AbstractChannelHandlerContext.fireChannelRead(AbstractChannelHandlerContext.java:412)
		at io.netty.handler.codec.MessageToMessageDecoder.channelRead(MessageToMessageDecoder.java:107)
		at io.netty.channel.AbstractChannelHandlerContext.invokeChannelRead(AbstractChannelHandlerContext.java:444)
		at io.netty.channel.AbstractChannelHandlerContext.invokeChannelRead(AbstractChannelHandlerContext.java:420)
		at io.netty.channel.AbstractChannelHandlerContext.fireChannelRead(AbstractChannelHandlerContext.java:412)
		at io.netty.channel.CombinedChannelDuplexHandler$DelegatingChannelHandlerContext.fireChannelRead(CombinedChannelDuplexHandler.java:436)
		at io.netty.handler.codec.ByteToMessageDecoder.fireChannelRead(ByteToMessageDecoder.java:346)
		at io.netty.handler.codec.ByteToMessageDecoder.channelRead(ByteToMessageDecoder.java:318)
		at io.netty.channel.CombinedChannelDuplexHandler.channelRead(CombinedChannelDuplexHandler.java:251)
		at io.netty.channel.AbstractChannelHandlerContext.invokeChannelRead(AbstractChannelHandlerContext.java:442)
		at io.netty.channel.AbstractChannelHandlerContext.invokeChannelRead(AbstractChannelHandlerContext.java:420)
		at io.netty.channel.AbstractChannelHandlerContext.fireChannelRead(AbstractChannelHandlerContext.java:412)
		at io.netty.channel.DefaultChannelPipeline$HeadContext.channelRead(DefaultChannelPipeline.java:1357)
		at io.netty.channel.AbstractChannelHandlerContext.invokeChannelRead(AbstractChannelHandlerContext.java:440)
		at io.netty.channel.AbstractChannelHandlerContext.invokeChannelRead(AbstractChannelHandlerContext.java:420)
		at io.netty.channel.DefaultChannelPipeline.fireChannelRead(DefaultChannelPipeline.java:868)
		at io.netty.channel.nio.AbstractNioByteChannel$NioByteUnsafe.read(AbstractNioByteChannel.java:166)
		at io.netty.channel.nio.NioEventLoop.processSelectedKey(NioEventLoop.java:796)
		at io.netty.channel.nio.NioEventLoop.processSelectedKeysOptimized(NioEventLoop.java:732)
		at io.netty.channel.nio.NioEventLoop.processSelectedKeys(NioEventLoop.java:658)
		at io.netty.channel.nio.NioEventLoop.run(NioEventLoop.java:562)
		at io.netty.util.concurrent.SingleThreadEventExecutor$4.run(SingleThreadEventExecutor.java:998)
		at io.netty.util.internal.ThreadExecutorMap$2.run(ThreadExecutorMap.java:74)
		at io.netty.util.concurrent.FastThreadLocalRunnable.run(FastThreadLocalRunnable.java:30)
		at java.base/java.lang.Thread.run(Thread.java:842)
Caused by: java.lang.IllegalStateException: executor not accepting a task
	at io.netty.resolver.AddressResolverGroup.getResolver(AddressResolverGroup.java:61)
	Suppressed: reactor.core.publisher.FluxOnAssembly$OnAssemblyException: 
Assembly trace from producer [reactor.core.publisher.MonoError] :
	reactor.core.publisher.Mono.error(Mono.java:299)
	reactor.netty.transport.TransportConnector.doResolveAndConnect(TransportConnector.java:308)
Error has been observed at the following site(s):
	*____________Mono.error ⇢ at reactor.netty.transport.TransportConnector.doResolveAndConnect(TransportConnector.java:308)
	|_   Mono.onErrorResume ⇢ at reactor.netty.transport.TransportConnector.lambda$connect$6(TransportConnector.java:166)
	*__________Mono.flatMap ⇢ at reactor.netty.transport.TransportConnector.connect(TransportConnector.java:165)
	*___________Mono.create ⇢ at reactor.netty.resources.DefaultPooledConnectionProvider$PooledConnectionAllocator.connectChannel(DefaultPooledConnectionProvider.java:537)
	*_____Mono.contextWrite ⇢ at reactor.netty.resources.PooledConnectionProvider.lambda$acquire$3(PooledConnectionProvider.java:185)
	*___________Mono.create ⇢ at reactor.netty.resources.PooledConnectionProvider.acquire(PooledConnectionProvider.java:130)
	*___________Mono.create ⇢ at reactor.netty.http.client.HttpClientConnect$MonoHttpConnect.subscribe(HttpClientConnect.java:213)
	|_       Mono.retryWhen ⇢ at reactor.netty.http.client.HttpClientConnect$MonoHttpConnect.subscribe(HttpClientConnect.java:287)
	*________Flux.concatMap ⇢ at reactor.util.retry.RetrySpec.lambda$generateCompanion$6(RetrySpec.java:360)
	|_     Flux.onErrorStop ⇢ at reactor.util.retry.RetrySpec.lambda$generateCompanion$6(RetrySpec.java:379)
	*__Flux.deferContextual ⇢ at reactor.util.retry.RetrySpec.generateCompanion(RetrySpec.java:357)
	*______Mono.flatMapMany ⇢ at reactor.netty.http.client.HttpClientFinalizer.responseConnection(HttpClientFinalizer.java:102)
	|_            Flux.next ⇢ at org.springframework.http.client.reactive.ReactorClientHttpConnector.connect(ReactorClientHttpConnector.java:174)
	|_      Mono.doOnCancel ⇢ at org.springframework.http.client.reactive.ReactorClientHttpConnector.connect(ReactorClientHttpConnector.java:175)
	|_     Mono.doOnRequest ⇢ at org.springframework.web.reactive.function.client.ExchangeFunctions$DefaultExchangeFunction.exchange(ExchangeFunctions.java:104)
	|_      Mono.doOnCancel ⇢ at org.springframework.web.reactive.function.client.ExchangeFunctions$DefaultExchangeFunction.exchange(ExchangeFunctions.java:105)
Original Stack Trace:
		at io.netty.resolver.AddressResolverGroup.getResolver(AddressResolverGroup.java:61)
		at reactor.netty.transport.TransportConnector.doResolveAndConnect(TransportConnector.java:303)
		at reactor.netty.transport.TransportConnector.lambda$connect$6(TransportConnector.java:165)
		at reactor.core.publisher.MonoFlatMap$FlatMapMain.onNext(MonoFlatMap.java:132)
		at reactor.netty.transport.TransportConnector$MonoChannelPromise._subscribe(TransportConnector.java:638)
		at reactor.netty.transport.TransportConnector$MonoChannelPromise.subscribe(TransportConnector.java:547)
		at reactor.core.publisher.InternalMonoOperator.subscribe(InternalMonoOperator.java:76)
		at reactor.netty.resources.DefaultPooledConnectionProvider$PooledConnectionAllocator.lambda$connectChannel$0(DefaultPooledConnectionProvider.java:544)
		at reactor.core.publisher.MonoCreate.subscribe(MonoCreate.java:61)
		at reactor.core.publisher.Mono.subscribe(Mono.java:4576)
		at reactor.core.publisher.Mono.subscribeWith(Mono.java:4641)
		at reactor.core.publisher.Mono.subscribe(Mono.java:4542)
		at reactor.core.publisher.Mono.subscribe(Mono.java:4478)
		at reactor.netty.internal.shaded.reactor.pool.SimpleDequePool.drainLoop(SimpleDequePool.java:449)
		at reactor.netty.internal.shaded.reactor.pool.SimpleDequePool.pendingOffer(SimpleDequePool.java:625)
		at reactor.netty.internal.shaded.reactor.pool.SimpleDequePool.doAcquire(SimpleDequePool.java:306)
		at reactor.netty.internal.shaded.reactor.pool.AbstractPool$Borrower.request(AbstractPool.java:425)
		at reactor.core.publisher.FluxContextWrite$ContextWriteSubscriber.request(FluxContextWrite.java:136)
		at reactor.netty.resources.DefaultPooledConnectionProvider$DisposableAcquire.onSubscribe(DefaultPooledConnectionProvider.java:218)
		at reactor.core.publisher.FluxContextWrite$ContextWriteSubscriber.onSubscribe(FluxContextWrite.java:101)
		at reactor.netty.internal.shaded.reactor.pool.SimpleDequePool$QueueBorrowerMono.subscribe(SimpleDequePool.java:743)
		at reactor.core.publisher.InternalMonoOperator.subscribe(InternalMonoOperator.java:76)
		at reactor.netty.resources.PooledConnectionProvider.lambda$acquire$3(PooledConnectionProvider.java:196)
		at reactor.core.publisher.MonoCreate.subscribe(MonoCreate.java:61)
		at reactor.core.publisher.InternalMonoOperator.subscribe(InternalMonoOperator.java:76)
		at reactor.netty.http.client.HttpClientConnect$MonoHttpConnect.lambda$subscribe$0(HttpClientConnect.java:285)
		at reactor.core.publisher.MonoCreate.subscribe(MonoCreate.java:61)
		at reactor.core.publisher.InternalMonoOperator.subscribe(InternalMonoOperator.java:76)
		at reactor.core.publisher.FluxRetryWhen.subscribe(FluxRetryWhen.java:81)
		at reactor.core.publisher.MonoRetryWhen.subscribeOrReturn(MonoRetryWhen.java:46)
		at reactor.core.publisher.InternalMonoOperator.subscribe(InternalMonoOperator.java:63)
		at reactor.netty.http.client.HttpClientConnect$MonoHttpConnect.subscribe(HttpClientConnect.java:288)
		at reactor.core.publisher.Mono.subscribe(Mono.java:4576)
		at reactor.core.publisher.FluxFlatMap.trySubscribeScalarMap(FluxFlatMap.java:202)
		at reactor.core.publisher.MonoFlatMap.subscribeOrReturn(MonoFlatMap.java:53)
		at reactor.core.publisher.InternalMonoOperator.subscribe(InternalMonoOperator.java:63)
		at reactor.core.publisher.MonoDefer.subscribe(MonoDefer.java:53)
		at reactor.core.publisher.InternalMonoOperator.subscribe(InternalMonoOperator.java:76)
		at reactor.core.publisher.MonoDeferContextual.subscribe(MonoDeferContextual.java:55)
		at reactor.core.publisher.InternalMonoOperator.subscribe(InternalMonoOperator.java:76)
		at reactor.core.publisher.MonoFlatMap$FlatMapMain.onNext(MonoFlatMap.java:165)
		at reactor.core.publisher.FluxPeek$PeekSubscriber.onNext(FluxPeek.java:200)
		at reactor.core.publisher.Operators$ScalarSubscription.request(Operators.java:2571)
		at reactor.core.publisher.FluxPeek$PeekSubscriber.request(FluxPeek.java:138)
		at reactor.core.publisher.MonoFlatMap$FlatMapMain.request(MonoFlatMap.java:194)
		at reactor.core.publisher.FluxFlatMap$FlatMapInner.onSubscribe(FluxFlatMap.java:968)
		at reactor.core.publisher.MonoFlatMap$FlatMapMain.onSubscribe(MonoFlatMap.java:117)
		at reactor.core.publisher.FluxPeek$PeekSubscriber.onSubscribe(FluxPeek.java:171)
		at reactor.core.publisher.MonoJust.subscribe(MonoJust.java:55)
		at reactor.core.publisher.Mono.subscribe(Mono.java:4576)
		at reactor.core.publisher.FluxFlatMap$FlatMapMain.onNext(FluxFlatMap.java:430)
		at reactor.core.publisher.FluxFlatMap$FlatMapMain.tryEmit(FluxFlatMap.java:547)
		at reactor.core.publisher.FluxFlatMap$FlatMapInner.onNext(FluxFlatMap.java:988)
		at reactor.core.publisher.MonoFlatMap$FlatMapMain.onNext(MonoFlatMap.java:158)
		at reactor.core.publisher.MonoPeekTerminal$MonoTerminalPeekSubscriber.onNext(MonoPeekTerminal.java:180)
		at reactor.core.publisher.MonoPeekTerminal$MonoTerminalPeekSubscriber.onNext(MonoPeekTerminal.java:180)
		at reactor.core.publisher.FluxPeekFuseable$PeekFuseableConditionalSubscriber.onNext(FluxPeekFuseable.java:503)
		at reactor.core.publisher.MonoFlatMap$FlatMapMain.secondComplete(MonoFlatMap.java:245)
		at reactor.core.publisher.MonoFlatMap$FlatMapInner.onNext(MonoFlatMap.java:305)
		at reactor.core.publisher.FluxOnErrorResume$ResumeSubscriber.onNext(FluxOnErrorResume.java:79)
		at reactor.core.publisher.MonoFlatMap$FlatMapMain.onNext(MonoFlatMap.java:158)
		at reactor.core.publisher.FluxContextWrite$ContextWriteSubscriber.onNext(FluxContextWrite.java:107)
		at reactor.core.publisher.FluxMapFuseable$MapFuseableConditionalSubscriber.onNext(FluxMapFuseable.java:299)
		at reactor.core.publisher.FluxFilterFuseable$FilterFuseableConditionalSubscriber.onNext(FluxFilterFuseable.java:337)
		at reactor.core.publisher.Operators$BaseFluxToMonoOperator.completePossiblyEmpty(Operators.java:2097)
		at reactor.core.publisher.MonoCollect$CollectSubscriber.onComplete(MonoCollect.java:145)
		at reactor.core.publisher.FluxMapFuseable$MapFuseableSubscriber.onComplete(FluxMapFuseable.java:152)
		at reactor.core.publisher.FluxPeekFuseable$PeekFuseableSubscriber.onComplete(FluxPeekFuseable.java:277)
		at reactor.core.publisher.FluxMap$MapSubscriber.onComplete(FluxMap.java:144)
		at reactor.netty.channel.FluxReceive.onInboundComplete(FluxReceive.java:413)
		at reactor.netty.channel.ChannelOperations.onInboundComplete(ChannelOperations.java:455)
		at reactor.netty.channel.ChannelOperations.terminate(ChannelOperations.java:509)
		at reactor.netty.http.client.HttpClientOperations.onInboundNext(HttpClientOperations.java:824)
		at reactor.netty.channel.ChannelOperationsHandler.channelRead(ChannelOperationsHandler.java:115)
		at io.netty.channel.AbstractChannelHandlerContext.invokeChannelRead(AbstractChannelHandlerContext.java:444)
		at io.netty.channel.AbstractChannelHandlerContext.invokeChannelRead(AbstractChannelHandlerContext.java:420)
		at io.netty.channel.AbstractChannelHandlerContext.fireChannelRead(AbstractChannelHandlerContext.java:412)
		at io.netty.handler.codec.MessageToMessageDecoder.channelRead(MessageToMessageDecoder.java:107)
		at io.netty.channel.AbstractChannelHandlerContext.invokeChannelRead(AbstractChannelHandlerContext.java:444)
		at io.netty.channel.AbstractChannelHandlerContext.invokeChannelRead(AbstractChannelHandlerContext.java:420)
		at io.netty.channel.AbstractChannelHandlerContext.fireChannelRead(AbstractChannelHandlerContext.java:412)
		at io.netty.channel.CombinedChannelDuplexHandler$DelegatingChannelHandlerContext.fireChannelRead(CombinedChannelDuplexHandler.java:436)
		at io.netty.handler.codec.ByteToMessageDecoder.fireChannelRead(ByteToMessageDecoder.java:346)
		at io.netty.handler.codec.ByteToMessageDecoder.channelRead(ByteToMessageDecoder.java:318)
		at io.netty.channel.CombinedChannelDuplexHandler.channelRead(CombinedChannelDuplexHandler.java:251)
		at io.netty.channel.AbstractChannelHandlerContext.invokeChannelRead(AbstractChannelHandlerContext.java:442)
		at io.netty.channel.AbstractChannelHandlerContext.invokeChannelRead(AbstractChannelHandlerContext.java:420)
		at io.netty.channel.AbstractChannelHandlerContext.fireChannelRead(AbstractChannelHandlerContext.java:412)
		at io.netty.channel.DefaultChannelPipeline$HeadContext.channelRead(DefaultChannelPipeline.java:1357)
		at io.netty.channel.AbstractChannelHandlerContext.invokeChannelRead(AbstractChannelHandlerContext.java:440)
		at io.netty.channel.AbstractChannelHandlerContext.invokeChannelRead(AbstractChannelHandlerContext.java:420)
		at io.netty.channel.DefaultChannelPipeline.fireChannelRead(DefaultChannelPipeline.java:868)
		at io.netty.channel.nio.AbstractNioByteChannel$NioByteUnsafe.read(AbstractNioByteChannel.java:166)
		at io.netty.channel.nio.NioEventLoop.processSelectedKey(NioEventLoop.java:796)
		at io.netty.channel.nio.NioEventLoop.processSelectedKeysOptimized(NioEventLoop.java:732)
		at io.netty.channel.nio.NioEventLoop.processSelectedKeys(NioEventLoop.java:658)
		at io.netty.channel.nio.NioEventLoop.run(NioEventLoop.java:562)
		at io.netty.util.concurrent.SingleThreadEventExecutor$4.run(SingleThreadEventExecutor.java:998)
		at io.netty.util.internal.ThreadExecutorMap$2.run(ThreadExecutorMap.java:74)
		at io.netty.util.concurrent.FastThreadLocalRunnable.run(FastThreadLocalRunnable.java:30)
		at java.base/java.lang.Thread.run(Thread.java:842)
2025-04-20 14:59:36-300 [background-preinit] INFO  o.h.validator.internal.util.Version - HV000001: Hibernate Validator 8.0.2.Final 
2025-04-20 14:59:36-340 [main] INFO  c.b.r.b.b.ResumeBalanceBotApplication - Starting ResumeBalanceBotApplication using Java 17.0.12 with PID 18916 (C:\Users\mgarcsar\Documents\Bootcamp\etregables\resume-balance-bot\target\classes started by mgarcsar in C:\Users\mgarcsar\Documents\Bootcamp\etregables\resume-balance-bot) 
2025-04-20 14:59:36-341 [main] INFO  c.b.r.b.b.ResumeBalanceBotApplication - The following 1 profile is active: "local" 
2025-04-20 14:59:36-408 [main] INFO  o.s.c.c.c.ConfigServerConfigDataLoader - Fetching config from server at : http://localhost:8888 
2025-04-20 14:59:36-409 [main] INFO  o.s.c.c.c.ConfigServerConfigDataLoader - Located environment: name=resume-balance-bot, profiles=[default], label=null, version=5a7a97dd55033225eab016a6e8a81b123bbbd9e0, state= 
2025-04-20 14:59:36-409 [main] INFO  o.s.c.c.c.ConfigServerConfigDataLoader - Fetching config from server at : http://localhost:8888 
2025-04-20 14:59:36-409 [main] INFO  o.s.c.c.c.ConfigServerConfigDataLoader - Located environment: name=resume-balance-bot, profiles=[local], label=null, version=5a7a97dd55033225eab016a6e8a81b123bbbd9e0, state= 
2025-04-20 14:59:37-287 [main] INFO  o.s.cloud.context.scope.GenericScope - BeanFactory id=558b01df-a481-3acf-835c-3805a4461b92 
2025-04-20 14:59:38-590 [main] INFO  o.s.b.a.e.web.EndpointLinksResolver - Exposing 2 endpoints beneath base path '/actuator' 
2025-04-20 14:59:38-997 [main] INFO  o.s.c.n.e.c.DiscoveryClientOptionalArgsConfiguration - Eureka HTTP Client uses RestTemplate. 
2025-04-20 14:59:39-068 [main] WARN  o.s.c.l.c.LoadBalancerCacheAutoConfiguration$LoadBalancerCaffeineWarnLogger - Spring Cloud LoadBalancer is currently working with the default cache. While this cache implementation is useful for development and tests, it's recommended to use Caffeine cache in production.You can switch to using Caffeine cache, by adding it and org.springframework.cache.caffeine.CaffeineCacheManager to the classpath. 
2025-04-20 14:59:39-128 [main] INFO  o.s.c.n.eureka.InstanceInfoFactory - Setting initial instance status as: STARTING 
2025-04-20 14:59:39-148 [main] INFO  c.netflix.discovery.DiscoveryClient - Initializing Eureka in region us-east-1 
2025-04-20 14:59:39-151 [main] INFO  c.n.d.s.r.aws.ConfigClusterResolver - Resolving eureka endpoints via configuration 
2025-04-20 14:59:39-158 [main] INFO  c.netflix.discovery.DiscoveryClient - Disable delta property : false 
2025-04-20 14:59:39-159 [main] INFO  c.netflix.discovery.DiscoveryClient - Single vip registry refresh property : null 
2025-04-20 14:59:39-159 [main] INFO  c.netflix.discovery.DiscoveryClient - Force full registry fetch : false 
2025-04-20 14:59:39-159 [main] INFO  c.netflix.discovery.DiscoveryClient - Application is null : false 
2025-04-20 14:59:39-159 [main] INFO  c.netflix.discovery.DiscoveryClient - Registered Applications size is zero : true 
2025-04-20 14:59:39-159 [main] INFO  c.netflix.discovery.DiscoveryClient - Application version is -1: true 
2025-04-20 14:59:39-159 [main] INFO  c.netflix.discovery.DiscoveryClient - Getting all instance registry info from the eureka server 
2025-04-20 14:59:39-399 [main] INFO  c.netflix.discovery.DiscoveryClient - The response status is 200 
2025-04-20 14:59:39-401 [main] INFO  c.netflix.discovery.DiscoveryClient - Starting heartbeat executor: renew interval is: 30 
2025-04-20 14:59:39-403 [main] INFO  c.n.discovery.InstanceInfoReplicator - InstanceInfoReplicator onDemand update allowed rate per min is 4 
2025-04-20 14:59:39-405 [main] INFO  c.netflix.discovery.DiscoveryClient - Discovery Client initialized at timestamp 1745179179405 with initial instances count: 6 
2025-04-20 14:59:39-410 [main] INFO  o.s.c.n.e.s.EurekaServiceRegistry - Registering application RESUME-BALANCE-BOT with eureka with status UP 
2025-04-20 14:59:39-410 [main] INFO  c.netflix.discovery.DiscoveryClient - Saw local status change event StatusChangeEvent [timestamp=1745179179410, current=UP, previous=STARTING] 
2025-04-20 14:59:39-412 [DiscoveryClient-InstanceInfoReplicator-%d] INFO  c.netflix.discovery.DiscoveryClient - DiscoveryClient_RESUME-BALANCE-BOT/resume-balance-bot:8787: registering service... 
2025-04-20 14:59:39-445 [DiscoveryClient-InstanceInfoReplicator-%d] INFO  c.netflix.discovery.DiscoveryClient - DiscoveryClient_RESUME-BALANCE-BOT/resume-balance-bot:8787 - registration status: 204 
2025-04-20 14:59:39-597 [main] INFO  o.s.b.w.e.netty.NettyWebServer - Netty started on port 8787 (http) 
2025-04-20 14:59:39-598 [main] INFO  o.s.c.n.e.s.EurekaAutoServiceRegistration - Updating port to 8787 
2025-04-20 14:59:39-852 [main] INFO  c.b.r.b.b.ResumeBalanceBotApplication - Started ResumeBalanceBotApplication in 5.723 seconds (process running for 6.901) 
2025-04-20 15:00:05-935 [scheduling-1] INFO  c.b.r.b.b.connector.ProductConnector - API get products 
2025-04-20 15:00:05-953 [scheduling-1] INFO  c.b.r.b.b.config.WebClientProductApi - Request: GET,  http://localhost:8383/api/products 
2025-04-20 15:00:06-072 [reactor-http-nio-3] INFO  c.b.r.b.b.config.WebClientProductApi - Response status: 200 OK 
2025-04-20 15:00:06-100 [reactor-http-nio-3] INFO  c.b.r.b.b.connector.ProductConnector - API getting product: {"id":"67f9cc806e374c0902dcdb73","productType":"SA","amountOfOpen":10.0,"accountNumber":"SA01-7689199523","hasPlasticCard":true,"cardNumber":"67fd7f29c1328463019a244a","createdDate":[2025,4,12],"customer":{"customerId":"67ec1a41fabf6d0f4ada9865"}} 
2025-04-20 15:00:06-100 [reactor-http-nio-3] INFO  c.b.r.b.b.service.ResumeServiceImpl - 1. Getting products SA. 
2025-04-20 15:00:06-100 [reactor-http-nio-3] INFO  c.b.r.b.b.service.ResumeServiceImpl - 2. Creating resume request of product 67f9cc806e374c0902dcdb73. 
2025-04-20 15:00:06-100 [reactor-http-nio-3] INFO  c.b.r.b.b.connector.ProductConnector - API findBalanceByProductId RQ: 67f9cc806e374c0902dcdb73 
2025-04-20 15:00:06-102 [reactor-http-nio-3] INFO  c.b.r.b.b.config.WebClientProductApi - Request: GET,  http://localhost:8383/api/products/67f9cc806e374c0902dcdb73/balance 
2025-04-20 15:00:06-105 [reactor-http-nio-3] INFO  c.b.r.b.b.connector.ProductConnector - API getting product: {"id":"67f9cd80200fc270ce30e284","productType":"CA","amountOfOpen":10.0,"accountNumber":"CA01-8730016551","hasPlasticCard":true,"cardNumber":"67fd7f29c1328463019a244a","createdDate":[2025,4,11],"customer":{"customerId":"67ec1a41fabf6d0f4ada9865"}} 
2025-04-20 15:00:06-105 [reactor-http-nio-3] INFO  c.b.r.b.b.service.ResumeServiceImpl - 1. Getting products SA. 
2025-04-20 15:00:06-105 [reactor-http-nio-3] INFO  c.b.r.b.b.service.ResumeServiceImpl - 2. Creating resume request of product 67f9cd80200fc270ce30e284. 
2025-04-20 15:00:06-105 [reactor-http-nio-3] INFO  c.b.r.b.b.connector.ProductConnector - API findBalanceByProductId RQ: 67f9cd80200fc270ce30e284 
2025-04-20 15:00:06-106 [reactor-http-nio-3] INFO  c.b.r.b.b.config.WebClientProductApi - Request: GET,  http://localhost:8383/api/products/67f9cd80200fc270ce30e284/balance 
2025-04-20 15:00:06-108 [reactor-http-nio-3] INFO  c.b.r.b.b.connector.ProductConnector - API getting product: {"id":"67f9e1c9fe034d395c6d23b3","productType":"FA","amountOfOpen":100.0,"accountNumber":"FA01-9408688263","hasPlasticCard":true,"cardNumber":"67fd7f29c1328463019a244a","createdDate":[2025,4,11],"customer":{"customerId":"67ec1a41fabf6d0f4ada9865"}} 
2025-04-20 15:00:06-109 [reactor-http-nio-3] INFO  c.b.r.b.b.service.ResumeServiceImpl - 1. Getting products SA. 
2025-04-20 15:00:06-109 [reactor-http-nio-3] INFO  c.b.r.b.b.service.ResumeServiceImpl - 2. Creating resume request of product 67f9e1c9fe034d395c6d23b3. 
2025-04-20 15:00:06-109 [reactor-http-nio-3] INFO  c.b.r.b.b.connector.ProductConnector - API findBalanceByProductId RQ: 67f9e1c9fe034d395c6d23b3 
2025-04-20 15:00:06-109 [reactor-http-nio-3] INFO  c.b.r.b.b.config.WebClientProductApi - Request: GET,  http://localhost:8383/api/products/67f9e1c9fe034d395c6d23b3/balance 
2025-04-20 15:00:06-112 [reactor-http-nio-3] INFO  c.b.r.b.b.connector.ProductConnector - API getting product: {"id":"67fabf94ec8287214a828c9c","productType":"CC","amountOfOpen":100.0,"accountNumber":"CC01-4406914878","hasPlasticCard":true,"cardNumber":"67fd811bc1328463019a244c","createdDate":[2025,4,12],"customer":{"customerId":"67ec1a41fabf6d0f4ada9865"}} 
2025-04-20 15:00:06-112 [reactor-http-nio-3] INFO  c.b.r.b.b.service.ResumeServiceImpl - 1. Getting products SA. 
2025-04-20 15:00:06-112 [reactor-http-nio-3] INFO  c.b.r.b.b.service.ResumeServiceImpl - 2. Creating resume request of product 67fabf94ec8287214a828c9c. 
2025-04-20 15:00:06-112 [reactor-http-nio-3] INFO  c.b.r.b.b.connector.ProductConnector - API findBalanceByProductId RQ: 67fabf94ec8287214a828c9c 
2025-04-20 15:00:06-114 [reactor-http-nio-3] INFO  c.b.r.b.b.config.WebClientProductApi - Request: GET,  http://localhost:8383/api/products/67fabf94ec8287214a828c9c/balance 
2025-04-20 15:00:06-118 [reactor-http-nio-3] INFO  c.b.r.b.b.connector.ProductConnector - API getting product: {"id":"67fac6ee3d4d5b2abeb89be8","productType":"CC","amountOfOpen":0.0,"accountNumber":"CC01-1698441355","hasPlasticCard":true,"createdDate":[2025,4,12],"customer":{"customerId":"67ec1aa7fabf6d0f4ada9868"}} 
2025-04-20 15:00:06-119 [reactor-http-nio-3] INFO  c.b.r.b.b.service.ResumeServiceImpl - 1. Getting products SA. 
2025-04-20 15:00:06-119 [reactor-http-nio-3] INFO  c.b.r.b.b.service.ResumeServiceImpl - 2. Creating resume request of product 67fac6ee3d4d5b2abeb89be8. 
2025-04-20 15:00:06-119 [reactor-http-nio-3] INFO  c.b.r.b.b.connector.ProductConnector - API findBalanceByProductId RQ: 67fac6ee3d4d5b2abeb89be8 
2025-04-20 15:00:06-119 [reactor-http-nio-3] INFO  c.b.r.b.b.config.WebClientProductApi - Request: GET,  http://localhost:8383/api/products/67fac6ee3d4d5b2abeb89be8/balance 
2025-04-20 15:00:06-122 [reactor-http-nio-3] INFO  c.b.r.b.b.connector.ProductConnector - API getting product: {"id":"67fac6f73d4d5b2abeb89bea","productType":"SA","amountOfOpen":0.0,"accountNumber":"SA01-3755826271","hasPlasticCard":true,"createdDate":[2025,4,12],"customer":{"customerId":"67ec1aa7fabf6d0f4ada9868"}} 
2025-04-20 15:00:06-122 [reactor-http-nio-3] INFO  c.b.r.b.b.service.ResumeServiceImpl - 1. Getting products SA. 
2025-04-20 15:00:06-122 [reactor-http-nio-3] INFO  c.b.r.b.b.service.ResumeServiceImpl - 2. Creating resume request of product 67fac6f73d4d5b2abeb89bea. 
2025-04-20 15:00:06-122 [reactor-http-nio-3] INFO  c.b.r.b.b.connector.ProductConnector - API findBalanceByProductId RQ: 67fac6f73d4d5b2abeb89bea 
2025-04-20 15:00:06-123 [reactor-http-nio-3] INFO  c.b.r.b.b.config.WebClientProductApi - Request: GET,  http://localhost:8383/api/products/67fac6f73d4d5b2abeb89bea/balance 
2025-04-20 15:00:06-126 [reactor-http-nio-3] INFO  c.b.r.b.b.connector.ProductConnector - API getting product: {"id":"67fb3aaa3d4d5b2abeb89bec","productType":"SA","amountOfOpen":1000.0,"accountNumber":"SA01-4830318062","hasPlasticCard":true,"createdDate":[2025,4,12],"customer":{"customerId":"67ec1aa7fabf6d0f4ada9868"}} 
2025-04-20 15:00:06-126 [reactor-http-nio-3] INFO  c.b.r.b.b.service.ResumeServiceImpl - 1. Getting products SA. 
2025-04-20 15:00:06-126 [reactor-http-nio-3] INFO  c.b.r.b.b.service.ResumeServiceImpl - 2. Creating resume request of product 67fb3aaa3d4d5b2abeb89bec. 
2025-04-20 15:00:06-126 [reactor-http-nio-3] INFO  c.b.r.b.b.connector.ProductConnector - API findBalanceByProductId RQ: 67fb3aaa3d4d5b2abeb89bec 
2025-04-20 15:00:06-126 [reactor-http-nio-3] INFO  c.b.r.b.b.config.WebClientProductApi - Request: GET,  http://localhost:8383/api/products/67fb3aaa3d4d5b2abeb89bec/balance 
2025-04-20 15:00:06-129 [reactor-http-nio-3] INFO  c.b.r.b.b.connector.ProductConnector - API getting product: {"id":"67fe92e0f83aa2186dd5e69c","productType":"SA","amountOfOpen":1000.0,"accountNumber":"SA01-3509644191","hasPlasticCard":true,"createdDate":[2025,4,15],"customer":{"customerId":"67ec1aa7fabf6d0f4ada9868"}} 
2025-04-20 15:00:06-129 [reactor-http-nio-3] INFO  c.b.r.b.b.service.ResumeServiceImpl - 1. Getting products SA. 
2025-04-20 15:00:06-129 [reactor-http-nio-3] INFO  c.b.r.b.b.service.ResumeServiceImpl - 2. Creating resume request of product 67fe92e0f83aa2186dd5e69c. 
2025-04-20 15:00:06-129 [reactor-http-nio-3] INFO  c.b.r.b.b.connector.ProductConnector - API findBalanceByProductId RQ: 67fe92e0f83aa2186dd5e69c 
2025-04-20 15:00:06-129 [reactor-http-nio-3] INFO  c.b.r.b.b.config.WebClientProductApi - Request: GET,  http://localhost:8383/api/products/67fe92e0f83aa2186dd5e69c/balance 
2025-04-20 15:00:06-132 [reactor-http-nio-3] INFO  c.b.r.b.b.connector.ProductConnector - API getting product: {"id":"67fe9360f83aa2186dd5e69e","productType":"SA","amountOfOpen":1000.0,"accountNumber":"SA01-9811236276","hasPlasticCard":true,"createdDate":[2025,4,15],"customer":{"customerId":"67ec1aa7fabf6d0f4ada9868"}} 
2025-04-20 15:00:06-132 [reactor-http-nio-3] INFO  c.b.r.b.b.service.ResumeServiceImpl - 1. Getting products SA. 
2025-04-20 15:00:06-132 [reactor-http-nio-3] INFO  c.b.r.b.b.service.ResumeServiceImpl - 2. Creating resume request of product 67fe9360f83aa2186dd5e69e. 
2025-04-20 15:00:06-132 [reactor-http-nio-3] INFO  c.b.r.b.b.connector.ProductConnector - API findBalanceByProductId RQ: 67fe9360f83aa2186dd5e69e 
2025-04-20 15:00:06-132 [reactor-http-nio-3] INFO  c.b.r.b.b.config.WebClientProductApi - Request: GET,  http://localhost:8383/api/products/67fe9360f83aa2186dd5e69e/balance 
2025-04-20 15:00:06-135 [reactor-http-nio-3] INFO  c.b.r.b.b.connector.ProductConnector - API getting product: {"id":"67fe9db2f83aa2186dd5e6a0","productType":"SA","amountOfOpen":1000.0,"accountNumber":"SA01-2207291036","hasPlasticCard":true,"createdDate":[2025,4,15],"customer":{"customerId":"67ec1aa7fabf6d0f4ada9868"}} 
2025-04-20 15:00:06-135 [reactor-http-nio-3] INFO  c.b.r.b.b.service.ResumeServiceImpl - 1. Getting products SA. 
2025-04-20 15:00:06-135 [reactor-http-nio-3] INFO  c.b.r.b.b.service.ResumeServiceImpl - 2. Creating resume request of product 67fe9db2f83aa2186dd5e6a0. 
2025-04-20 15:00:06-135 [reactor-http-nio-3] INFO  c.b.r.b.b.connector.ProductConnector - API findBalanceByProductId RQ: 67fe9db2f83aa2186dd5e6a0 
2025-04-20 15:00:06-136 [reactor-http-nio-3] INFO  c.b.r.b.b.config.WebClientProductApi - Request: GET,  http://localhost:8383/api/products/67fe9db2f83aa2186dd5e6a0/balance 
2025-04-20 15:00:06-139 [reactor-http-nio-3] INFO  c.b.r.b.b.connector.ProductConnector - API getting product: {"id":"67fec9835c652468edc457d0","productType":"CA","amountOfOpen":1000.0,"accountNumber":"CA01-3433862793","hasPlasticCard":false,"createdDate":[2025,4,15],"customer":{"customerId":"67ec1a63fabf6d0f4ada9866"},"holders":[{"fullName":"ABRAHAM  BERMEJO","email":"mail@gmail.commmm","phone":"11111","identification":{"typeIdentification":"DNI","numberIdentification":"444"}}],"authorizedSignatories":[{"fullName":"VERONICA ARANGO YAMASHIRO","email":"mail@gmail.commmm","phone":"2222222","identification":{"typeIdentification":"DNI","numberIdentification":"22222"}}]} 
2025-04-20 15:00:06-139 [reactor-http-nio-3] INFO  c.b.r.b.b.service.ResumeServiceImpl - 1. Getting products SA. 
2025-04-20 15:00:06-139 [reactor-http-nio-3] INFO  c.b.r.b.b.service.ResumeServiceImpl - 2. Creating resume request of product 67fec9835c652468edc457d0. 
2025-04-20 15:00:06-139 [reactor-http-nio-3] INFO  c.b.r.b.b.connector.ProductConnector - API findBalanceByProductId RQ: 67fec9835c652468edc457d0 
2025-04-20 15:00:06-139 [reactor-http-nio-3] INFO  c.b.r.b.b.config.WebClientProductApi - Request: GET,  http://localhost:8383/api/products/67fec9835c652468edc457d0/balance 
2025-04-20 15:00:06-168 [reactor-http-nio-3] INFO  c.b.r.b.b.config.WebClientProductApi - Response status: 200 OK 
2025-04-20 15:00:06-194 [reactor-http-nio-3] INFO  c.b.r.b.b.connector.ProductConnector - API findBalanceByProductId RS: {"creditLimit":0.0,"creditLimitUsed":0.0,"creditEnabledToUse":0.0,"totalAmountInAccount":505.0} 
2025-04-20 15:00:06-196 [reactor-http-nio-3] INFO  c.b.r.b.b.service.ResumeServiceImpl - 3. Balance of product 67f9cc806e374c0902dcdb73, {"creditLimit":0.0,"creditLimitUsed":0.0,"creditEnabledToUse":0.0,"totalAmountInAccount":505.0} 
2025-04-20 15:00:06-203 [reactor-http-nio-3] INFO  c.b.r.b.b.connector.FinanceConnector - API Create Resume RQ: {"scanAvailable":true} 
2025-04-20 15:00:06-205 [reactor-http-nio-3] INFO  c.b.r.b.b.connector.FinanceConnector - API Create resume RQ: {"productType":"CUENTA DE AHORROS","productId":"67f9cc806e374c0902dcdb73","customerId":"67ec1a41fabf6d0f4ada9865","creditEnabledToUse":0.0,"creditLimitTotal":0.0,"creditLimitUsed":0.0,"totalAmountInAccount":505.0,"informDate":[2025,4,20]} 
2025-04-20 15:00:06-207 [reactor-http-nio-3] INFO  c.b.r.b.b.config.WebClientFinanceApi - Request: POST,  http://localhost:8686/api/finance/resumes 
2025-04-20 15:00:06-209 [reactor-http-nio-3] INFO  c.b.r.b.b.config.WebClientProductApi - Response status: 200 OK 
2025-04-20 15:00:06-211 [reactor-http-nio-3] INFO  c.b.r.b.b.connector.ProductConnector - API findBalanceByProductId RS: {"creditLimit":0.0,"creditLimitUsed":0.0,"creditEnabledToUse":0.0,"totalAmountInAccount":3720.0} 
2025-04-20 15:00:06-212 [reactor-http-nio-3] INFO  c.b.r.b.b.service.ResumeServiceImpl - 3. Balance of product 67f9cd80200fc270ce30e284, {"creditLimit":0.0,"creditLimitUsed":0.0,"creditEnabledToUse":0.0,"totalAmountInAccount":3720.0} 
2025-04-20 15:00:06-213 [reactor-http-nio-3] INFO  c.b.r.b.b.connector.FinanceConnector - API Create Resume RQ: {"scanAvailable":true} 
2025-04-20 15:00:06-214 [reactor-http-nio-3] INFO  c.b.r.b.b.connector.FinanceConnector - API Create resume RQ: {"productType":"CUENTA CORRIENTE","productId":"67f9cd80200fc270ce30e284","customerId":"67ec1a41fabf6d0f4ada9865","creditEnabledToUse":0.0,"creditLimitTotal":0.0,"creditLimitUsed":0.0,"totalAmountInAccount":3720.0,"informDate":[2025,4,20]} 
2025-04-20 15:00:06-214 [reactor-http-nio-3] INFO  c.b.r.b.b.config.WebClientFinanceApi - Request: POST,  http://localhost:8686/api/finance/resumes 
2025-04-20 15:00:06-217 [reactor-http-nio-3] INFO  c.b.r.b.b.config.WebClientProductApi - Response status: 200 OK 
2025-04-20 15:00:06-220 [reactor-http-nio-3] INFO  c.b.r.b.b.connector.ProductConnector - API findBalanceByProductId RS: {"creditLimit":3000.0,"creditLimitUsed":80.0,"creditEnabledToUse":2920.0,"totalAmountInAccount":0.0} 
2025-04-20 15:00:06-221 [reactor-http-nio-3] INFO  c.b.r.b.b.service.ResumeServiceImpl - 3. Balance of product 67fabf94ec8287214a828c9c, {"creditLimit":3000.0,"creditLimitUsed":80.0,"creditEnabledToUse":2920.0,"totalAmountInAccount":0.0} 
2025-04-20 15:00:06-222 [reactor-http-nio-3] INFO  c.b.r.b.b.connector.FinanceConnector - API Create Resume RQ: {"scanAvailable":true} 
2025-04-20 15:00:06-223 [reactor-http-nio-3] INFO  c.b.r.b.b.connector.FinanceConnector - API Create resume RQ: {"productType":"TARJETA DE CREDITO","productId":"67fabf94ec8287214a828c9c","customerId":"67ec1a41fabf6d0f4ada9865","creditEnabledToUse":2920.0,"creditLimitTotal":3000.0,"creditLimitUsed":80.0,"totalAmountInAccount":0.0,"informDate":[2025,4,20]} 
2025-04-20 15:00:06-224 [reactor-http-nio-3] INFO  c.b.r.b.b.config.WebClientFinanceApi - Request: POST,  http://localhost:8686/api/finance/resumes 
2025-04-20 15:00:06-226 [reactor-http-nio-3] INFO  c.b.r.b.b.config.WebClientProductApi - Response status: 200 OK 
2025-04-20 15:00:06-228 [reactor-http-nio-3] INFO  c.b.r.b.b.connector.ProductConnector - API findBalanceByProductId RS: {"creditLimit":0.0,"creditLimitUsed":0.0,"creditEnabledToUse":0.0,"totalAmountInAccount":100.0} 
2025-04-20 15:00:06-229 [reactor-http-nio-3] INFO  c.b.r.b.b.service.ResumeServiceImpl - 3. Balance of product 67f9e1c9fe034d395c6d23b3, {"creditLimit":0.0,"creditLimitUsed":0.0,"creditEnabledToUse":0.0,"totalAmountInAccount":100.0} 
2025-04-20 15:00:06-230 [reactor-http-nio-3] INFO  c.b.r.b.b.connector.FinanceConnector - API Create Resume RQ: {"scanAvailable":true} 
2025-04-20 15:00:06-230 [reactor-http-nio-3] INFO  c.b.r.b.b.connector.FinanceConnector - API Create resume RQ: {"productType":"PLAZO FIJO","productId":"67f9e1c9fe034d395c6d23b3","customerId":"67ec1a41fabf6d0f4ada9865","creditEnabledToUse":0.0,"creditLimitTotal":0.0,"creditLimitUsed":0.0,"totalAmountInAccount":100.0,"informDate":[2025,4,20]} 
2025-04-20 15:00:06-231 [reactor-http-nio-3] INFO  c.b.r.b.b.config.WebClientFinanceApi - Request: POST,  http://localhost:8686/api/finance/resumes 
2025-04-20 15:00:06-234 [reactor-http-nio-3] INFO  c.b.r.b.b.config.WebClientProductApi - Response status: 200 OK 
2025-04-20 15:00:06-237 [reactor-http-nio-3] INFO  c.b.r.b.b.connector.ProductConnector - API findBalanceByProductId RS: {"creditLimit":3000.0,"creditLimitUsed":0.0,"creditEnabledToUse":3000.0,"totalAmountInAccount":0.0} 
2025-04-20 15:00:06-238 [reactor-http-nio-3] INFO  c.b.r.b.b.service.ResumeServiceImpl - 3. Balance of product 67fac6ee3d4d5b2abeb89be8, {"creditLimit":3000.0,"creditLimitUsed":0.0,"creditEnabledToUse":3000.0,"totalAmountInAccount":0.0} 
2025-04-20 15:00:06-239 [reactor-http-nio-3] INFO  c.b.r.b.b.connector.FinanceConnector - API Create Resume RQ: {"scanAvailable":true} 
2025-04-20 15:00:06-240 [reactor-http-nio-3] INFO  c.b.r.b.b.connector.FinanceConnector - API Create resume RQ: {"productType":"TARJETA DE CREDITO","productId":"67fac6ee3d4d5b2abeb89be8","customerId":"67ec1aa7fabf6d0f4ada9868","creditEnabledToUse":3000.0,"creditLimitTotal":3000.0,"creditLimitUsed":0.0,"totalAmountInAccount":0.0,"informDate":[2025,4,20]} 
2025-04-20 15:00:06-241 [reactor-http-nio-3] INFO  c.b.r.b.b.config.WebClientFinanceApi - Request: POST,  http://localhost:8686/api/finance/resumes 
2025-04-20 15:00:06-242 [reactor-http-nio-3] INFO  c.b.r.b.b.config.WebClientProductApi - Response status: 200 OK 
2025-04-20 15:00:06-244 [reactor-http-nio-3] INFO  c.b.r.b.b.connector.ProductConnector - API findBalanceByProductId RS: {"creditLimit":0.0,"creditLimitUsed":0.0,"creditEnabledToUse":0.0,"totalAmountInAccount":1000.0} 
2025-04-20 15:00:06-244 [reactor-http-nio-3] INFO  c.b.r.b.b.service.ResumeServiceImpl - 3. Balance of product 67fe9360f83aa2186dd5e69e, {"creditLimit":0.0,"creditLimitUsed":0.0,"creditEnabledToUse":0.0,"totalAmountInAccount":1000.0} 
2025-04-20 15:00:06-245 [reactor-http-nio-3] INFO  c.b.r.b.b.connector.FinanceConnector - API Create Resume RQ: {"scanAvailable":true} 
2025-04-20 15:00:06-246 [reactor-http-nio-3] INFO  c.b.r.b.b.connector.FinanceConnector - API Create resume RQ: {"productType":"CUENTA DE AHORROS","productId":"67fe9360f83aa2186dd5e69e","customerId":"67ec1aa7fabf6d0f4ada9868","creditEnabledToUse":0.0,"creditLimitTotal":0.0,"creditLimitUsed":0.0,"totalAmountInAccount":1000.0,"informDate":[2025,4,20]} 
2025-04-20 15:00:06-246 [reactor-http-nio-3] INFO  c.b.r.b.b.config.WebClientFinanceApi - Request: POST,  http://localhost:8686/api/finance/resumes 
2025-04-20 15:00:06-248 [reactor-http-nio-3] INFO  c.b.r.b.b.config.WebClientProductApi - Response status: 200 OK 
2025-04-20 15:00:06-249 [reactor-http-nio-3] INFO  c.b.r.b.b.connector.ProductConnector - API findBalanceByProductId RS: {"creditLimit":0.0,"creditLimitUsed":0.0,"creditEnabledToUse":0.0,"totalAmountInAccount":1000.0} 
2025-04-20 15:00:06-250 [reactor-http-nio-3] INFO  c.b.r.b.b.service.ResumeServiceImpl - 3. Balance of product 67fe9db2f83aa2186dd5e6a0, {"creditLimit":0.0,"creditLimitUsed":0.0,"creditEnabledToUse":0.0,"totalAmountInAccount":1000.0} 
2025-04-20 15:00:06-252 [reactor-http-nio-3] INFO  c.b.r.b.b.connector.FinanceConnector - API Create Resume RQ: {"scanAvailable":true} 
2025-04-20 15:00:06-253 [reactor-http-nio-3] INFO  c.b.r.b.b.connector.FinanceConnector - API Create resume RQ: {"productType":"CUENTA DE AHORROS","productId":"67fe9db2f83aa2186dd5e6a0","customerId":"67ec1aa7fabf6d0f4ada9868","creditEnabledToUse":0.0,"creditLimitTotal":0.0,"creditLimitUsed":0.0,"totalAmountInAccount":1000.0,"informDate":[2025,4,20]} 
2025-04-20 15:00:06-253 [reactor-http-nio-3] INFO  c.b.r.b.b.config.WebClientFinanceApi - Request: POST,  http://localhost:8686/api/finance/resumes 
2025-04-20 15:00:06-255 [reactor-http-nio-3] INFO  c.b.r.b.b.config.WebClientProductApi - Response status: 200 OK 
2025-04-20 15:00:06-257 [reactor-http-nio-3] INFO  c.b.r.b.b.connector.ProductConnector - API findBalanceByProductId RS: {"creditLimit":0.0,"creditLimitUsed":0.0,"creditEnabledToUse":0.0,"totalAmountInAccount":1280.0} 
2025-04-20 15:00:06-258 [reactor-http-nio-3] INFO  c.b.r.b.b.service.ResumeServiceImpl - 3. Balance of product 67fac6f73d4d5b2abeb89bea, {"creditLimit":0.0,"creditLimitUsed":0.0,"creditEnabledToUse":0.0,"totalAmountInAccount":1280.0} 
2025-04-20 15:00:06-259 [reactor-http-nio-3] INFO  c.b.r.b.b.connector.FinanceConnector - API Create Resume RQ: {"scanAvailable":true} 
2025-04-20 15:00:06-260 [reactor-http-nio-3] INFO  c.b.r.b.b.connector.FinanceConnector - API Create resume RQ: {"productType":"CUENTA DE AHORROS","productId":"67fac6f73d4d5b2abeb89bea","customerId":"67ec1aa7fabf6d0f4ada9868","creditEnabledToUse":0.0,"creditLimitTotal":0.0,"creditLimitUsed":0.0,"totalAmountInAccount":1280.0,"informDate":[2025,4,20]} 
2025-04-20 15:00:06-261 [reactor-http-nio-3] INFO  c.b.r.b.b.config.WebClientFinanceApi - Request: POST,  http://localhost:8686/api/finance/resumes 
2025-04-20 15:00:06-264 [reactor-http-nio-3] INFO  c.b.r.b.b.config.WebClientProductApi - Response status: 200 OK 
2025-04-20 15:00:06-266 [reactor-http-nio-3] INFO  c.b.r.b.b.connector.ProductConnector - API findBalanceByProductId RS: {"creditLimit":0.0,"creditLimitUsed":0.0,"creditEnabledToUse":0.0,"totalAmountInAccount":1210.0} 
2025-04-20 15:00:06-266 [reactor-http-nio-3] INFO  c.b.r.b.b.service.ResumeServiceImpl - 3. Balance of product 67fb3aaa3d4d5b2abeb89bec, {"creditLimit":0.0,"creditLimitUsed":0.0,"creditEnabledToUse":0.0,"totalAmountInAccount":1210.0} 
2025-04-20 15:00:06-268 [reactor-http-nio-3] INFO  c.b.r.b.b.connector.FinanceConnector - API Create Resume RQ: {"scanAvailable":true} 
2025-04-20 15:00:06-270 [reactor-http-nio-3] INFO  c.b.r.b.b.connector.FinanceConnector - API Create resume RQ: {"productType":"CUENTA DE AHORROS","productId":"67fb3aaa3d4d5b2abeb89bec","customerId":"67ec1aa7fabf6d0f4ada9868","creditEnabledToUse":0.0,"creditLimitTotal":0.0,"creditLimitUsed":0.0,"totalAmountInAccount":1210.0,"informDate":[2025,4,20]} 
2025-04-20 15:00:06-270 [reactor-http-nio-3] INFO  c.b.r.b.b.config.WebClientFinanceApi - Request: POST,  http://localhost:8686/api/finance/resumes 
2025-04-20 15:00:06-272 [reactor-http-nio-3] INFO  c.b.r.b.b.config.WebClientProductApi - Response status: 200 OK 
2025-04-20 15:00:06-273 [reactor-http-nio-3] INFO  c.b.r.b.b.connector.ProductConnector - API findBalanceByProductId RS: {"creditLimit":0.0,"creditLimitUsed":0.0,"creditEnabledToUse":0.0,"totalAmountInAccount":980.0} 
2025-04-20 15:00:06-274 [reactor-http-nio-3] INFO  c.b.r.b.b.service.ResumeServiceImpl - 3. Balance of product 67fec9835c652468edc457d0, {"creditLimit":0.0,"creditLimitUsed":0.0,"creditEnabledToUse":0.0,"totalAmountInAccount":980.0} 
2025-04-20 15:00:06-275 [reactor-http-nio-3] INFO  c.b.r.b.b.connector.FinanceConnector - API Create Resume RQ: {"scanAvailable":true} 
2025-04-20 15:00:06-276 [reactor-http-nio-3] INFO  c.b.r.b.b.connector.FinanceConnector - API Create resume RQ: {"productType":"CUENTA CORRIENTE","productId":"67fec9835c652468edc457d0","customerId":"67ec1a63fabf6d0f4ada9866","creditEnabledToUse":0.0,"creditLimitTotal":0.0,"creditLimitUsed":0.0,"totalAmountInAccount":980.0,"informDate":[2025,4,20]} 
2025-04-20 15:00:06-276 [reactor-http-nio-3] INFO  c.b.r.b.b.config.WebClientFinanceApi - Request: POST,  http://localhost:8686/api/finance/resumes 
2025-04-20 15:00:06-278 [reactor-http-nio-3] INFO  c.b.r.b.b.config.WebClientProductApi - Response status: 200 OK 
2025-04-20 15:00:06-279 [reactor-http-nio-3] INFO  c.b.r.b.b.connector.ProductConnector - API findBalanceByProductId RS: {"creditLimit":0.0,"creditLimitUsed":0.0,"creditEnabledToUse":0.0,"totalAmountInAccount":1000.0} 
2025-04-20 15:00:06-280 [reactor-http-nio-3] INFO  c.b.r.b.b.service.ResumeServiceImpl - 3. Balance of product 67fe92e0f83aa2186dd5e69c, {"creditLimit":0.0,"creditLimitUsed":0.0,"creditEnabledToUse":0.0,"totalAmountInAccount":1000.0} 
2025-04-20 15:00:06-280 [reactor-http-nio-3] INFO  c.b.r.b.b.connector.FinanceConnector - API Create Resume RQ: {"scanAvailable":true} 
2025-04-20 15:00:06-281 [reactor-http-nio-3] INFO  c.b.r.b.b.connector.FinanceConnector - API Create resume RQ: {"productType":"CUENTA DE AHORROS","productId":"67fe92e0f83aa2186dd5e69c","customerId":"67ec1aa7fabf6d0f4ada9868","creditEnabledToUse":0.0,"creditLimitTotal":0.0,"creditLimitUsed":0.0,"totalAmountInAccount":1000.0,"informDate":[2025,4,20]} 
2025-04-20 15:00:06-281 [reactor-http-nio-3] INFO  c.b.r.b.b.config.WebClientFinanceApi - Request: POST,  http://localhost:8686/api/finance/resumes 
2025-04-20 15:00:06-333 [reactor-http-nio-3] INFO  c.b.r.b.b.config.WebClientFinanceApi - Response status: 200 OK 
2025-04-20 15:00:06-339 [reactor-http-nio-3] INFO  c.b.r.b.b.connector.FinanceConnector - API Create Resume RS: {"id":"680552462e9ef8505be6e90e","result":"true","productType":"CUENTA DE AHORROS","productId":"67f9cc806e374c0902dcdb73","customerId":"67ec1a41fabf6d0f4ada9865","creditEnabledToUse":0.0,"creditLimitTotal":0.0,"creditLimitUsed":0.0,"totalAmountInAccount":505.0} 
2025-04-20 15:00:06-340 [reactor-http-nio-3] INFO  c.b.r.b.b.service.ResumeServiceImpl - 4. Saving resume saved successfully: {"id":"680552462e9ef8505be6e90e","result":"true","productType":"CUENTA DE AHORROS","productId":"67f9cc806e374c0902dcdb73","customerId":"67ec1a41fabf6d0f4ada9865","creditEnabledToUse":0.0,"creditLimitTotal":0.0,"creditLimitUsed":0.0,"totalAmountInAccount":505.0} 
2025-04-20 15:00:06-341 [reactor-http-nio-3] INFO  c.b.r.b.b.config.WebClientFinanceApi - Response status: 200 OK 
2025-04-20 15:00:06-343 [reactor-http-nio-3] INFO  c.b.r.b.b.connector.FinanceConnector - API Create Resume RS: {"id":"680552462e9ef8505be6e90f","result":"true","productType":"CUENTA CORRIENTE","productId":"67f9cd80200fc270ce30e284","customerId":"67ec1a41fabf6d0f4ada9865","creditEnabledToUse":0.0,"creditLimitTotal":0.0,"creditLimitUsed":0.0,"totalAmountInAccount":3720.0} 
2025-04-20 15:00:06-344 [reactor-http-nio-3] INFO  c.b.r.b.b.service.ResumeServiceImpl - 4. Saving resume saved successfully: {"id":"680552462e9ef8505be6e90f","result":"true","productType":"CUENTA CORRIENTE","productId":"67f9cd80200fc270ce30e284","customerId":"67ec1a41fabf6d0f4ada9865","creditEnabledToUse":0.0,"creditLimitTotal":0.0,"creditLimitUsed":0.0,"totalAmountInAccount":3720.0} 
2025-04-20 15:00:06-344 [reactor-http-nio-3] INFO  c.b.r.b.b.config.WebClientFinanceApi - Response status: 200 OK 
2025-04-20 15:00:06-346 [reactor-http-nio-3] INFO  c.b.r.b.b.connector.FinanceConnector - API Create Resume RS: {"id":"680552462e9ef8505be6e910","result":"true","productType":"TARJETA DE CREDITO","productId":"67fabf94ec8287214a828c9c","customerId":"67ec1a41fabf6d0f4ada9865","creditEnabledToUse":2920.0,"creditLimitTotal":3000.0,"creditLimitUsed":80.0,"totalAmountInAccount":0.0} 
2025-04-20 15:00:06-347 [reactor-http-nio-3] INFO  c.b.r.b.b.service.ResumeServiceImpl - 4. Saving resume saved successfully: {"id":"680552462e9ef8505be6e910","result":"true","productType":"TARJETA DE CREDITO","productId":"67fabf94ec8287214a828c9c","customerId":"67ec1a41fabf6d0f4ada9865","creditEnabledToUse":2920.0,"creditLimitTotal":3000.0,"creditLimitUsed":80.0,"totalAmountInAccount":0.0} 
2025-04-20 15:00:06-348 [reactor-http-nio-3] INFO  c.b.r.b.b.config.WebClientFinanceApi - Response status: 200 OK 
2025-04-20 15:00:06-349 [reactor-http-nio-3] INFO  c.b.r.b.b.connector.FinanceConnector - API Create Resume RS: {"id":"680552462e9ef8505be6e911","result":"true","productType":"PLAZO FIJO","productId":"67f9e1c9fe034d395c6d23b3","customerId":"67ec1a41fabf6d0f4ada9865","creditEnabledToUse":0.0,"creditLimitTotal":0.0,"creditLimitUsed":0.0,"totalAmountInAccount":100.0} 
2025-04-20 15:00:06-350 [reactor-http-nio-3] INFO  c.b.r.b.b.service.ResumeServiceImpl - 4. Saving resume saved successfully: {"id":"680552462e9ef8505be6e911","result":"true","productType":"PLAZO FIJO","productId":"67f9e1c9fe034d395c6d23b3","customerId":"67ec1a41fabf6d0f4ada9865","creditEnabledToUse":0.0,"creditLimitTotal":0.0,"creditLimitUsed":0.0,"totalAmountInAccount":100.0} 
2025-04-20 15:00:06-351 [reactor-http-nio-3] INFO  c.b.r.b.b.config.WebClientFinanceApi - Response status: 200 OK 
2025-04-20 15:00:06-353 [reactor-http-nio-3] INFO  c.b.r.b.b.connector.FinanceConnector - API Create Resume RS: {"id":"680552462e9ef8505be6e912","result":"true","productType":"TARJETA DE CREDITO","productId":"67fac6ee3d4d5b2abeb89be8","customerId":"67ec1aa7fabf6d0f4ada9868","creditEnabledToUse":3000.0,"creditLimitTotal":3000.0,"creditLimitUsed":0.0,"totalAmountInAccount":0.0} 
2025-04-20 15:00:06-353 [reactor-http-nio-3] INFO  c.b.r.b.b.service.ResumeServiceImpl - 4. Saving resume saved successfully: {"id":"680552462e9ef8505be6e912","result":"true","productType":"TARJETA DE CREDITO","productId":"67fac6ee3d4d5b2abeb89be8","customerId":"67ec1aa7fabf6d0f4ada9868","creditEnabledToUse":3000.0,"creditLimitTotal":3000.0,"creditLimitUsed":0.0,"totalAmountInAccount":0.0} 
2025-04-20 15:00:06-354 [reactor-http-nio-3] INFO  c.b.r.b.b.config.WebClientFinanceApi - Response status: 200 OK 
2025-04-20 15:00:06-355 [reactor-http-nio-3] INFO  c.b.r.b.b.connector.FinanceConnector - API Create Resume RS: {"id":"680552462e9ef8505be6e913","result":"true","productType":"CUENTA DE AHORROS","productId":"67fe9360f83aa2186dd5e69e","customerId":"67ec1aa7fabf6d0f4ada9868","creditEnabledToUse":0.0,"creditLimitTotal":0.0,"creditLimitUsed":0.0,"totalAmountInAccount":1000.0} 
2025-04-20 15:00:06-356 [reactor-http-nio-3] INFO  c.b.r.b.b.service.ResumeServiceImpl - 4. Saving resume saved successfully: {"id":"680552462e9ef8505be6e913","result":"true","productType":"CUENTA DE AHORROS","productId":"67fe9360f83aa2186dd5e69e","customerId":"67ec1aa7fabf6d0f4ada9868","creditEnabledToUse":0.0,"creditLimitTotal":0.0,"creditLimitUsed":0.0,"totalAmountInAccount":1000.0} 
2025-04-20 15:00:06-357 [reactor-http-nio-3] INFO  c.b.r.b.b.config.WebClientFinanceApi - Response status: 200 OK 
2025-04-20 15:00:06-358 [reactor-http-nio-3] INFO  c.b.r.b.b.connector.FinanceConnector - API Create Resume RS: {"id":"680552462e9ef8505be6e914","result":"true","productType":"CUENTA DE AHORROS","productId":"67fe9db2f83aa2186dd5e6a0","customerId":"67ec1aa7fabf6d0f4ada9868","creditEnabledToUse":0.0,"creditLimitTotal":0.0,"creditLimitUsed":0.0,"totalAmountInAccount":1000.0} 
2025-04-20 15:00:06-359 [reactor-http-nio-3] INFO  c.b.r.b.b.service.ResumeServiceImpl - 4. Saving resume saved successfully: {"id":"680552462e9ef8505be6e914","result":"true","productType":"CUENTA DE AHORROS","productId":"67fe9db2f83aa2186dd5e6a0","customerId":"67ec1aa7fabf6d0f4ada9868","creditEnabledToUse":0.0,"creditLimitTotal":0.0,"creditLimitUsed":0.0,"totalAmountInAccount":1000.0} 
2025-04-20 15:00:06-359 [reactor-http-nio-3] INFO  c.b.r.b.b.config.WebClientFinanceApi - Response status: 200 OK 
2025-04-20 15:00:06-361 [reactor-http-nio-3] INFO  c.b.r.b.b.connector.FinanceConnector - API Create Resume RS: {"id":"680552462e9ef8505be6e915","result":"true","productType":"CUENTA DE AHORROS","productId":"67fac6f73d4d5b2abeb89bea","customerId":"67ec1aa7fabf6d0f4ada9868","creditEnabledToUse":0.0,"creditLimitTotal":0.0,"creditLimitUsed":0.0,"totalAmountInAccount":1280.0} 
2025-04-20 15:00:06-363 [reactor-http-nio-3] INFO  c.b.r.b.b.service.ResumeServiceImpl - 4. Saving resume saved successfully: {"id":"680552462e9ef8505be6e915","result":"true","productType":"CUENTA DE AHORROS","productId":"67fac6f73d4d5b2abeb89bea","customerId":"67ec1aa7fabf6d0f4ada9868","creditEnabledToUse":0.0,"creditLimitTotal":0.0,"creditLimitUsed":0.0,"totalAmountInAccount":1280.0} 
2025-04-20 15:00:06-364 [reactor-http-nio-3] INFO  c.b.r.b.b.config.WebClientFinanceApi - Response status: 200 OK 
2025-04-20 15:00:06-365 [reactor-http-nio-3] INFO  c.b.r.b.b.connector.FinanceConnector - API Create Resume RS: {"id":"680552462e9ef8505be6e916","result":"true","productType":"CUENTA DE AHORROS","productId":"67fb3aaa3d4d5b2abeb89bec","customerId":"67ec1aa7fabf6d0f4ada9868","creditEnabledToUse":0.0,"creditLimitTotal":0.0,"creditLimitUsed":0.0,"totalAmountInAccount":1210.0} 
2025-04-20 15:00:06-366 [reactor-http-nio-3] INFO  c.b.r.b.b.service.ResumeServiceImpl - 4. Saving resume saved successfully: {"id":"680552462e9ef8505be6e916","result":"true","productType":"CUENTA DE AHORROS","productId":"67fb3aaa3d4d5b2abeb89bec","customerId":"67ec1aa7fabf6d0f4ada9868","creditEnabledToUse":0.0,"creditLimitTotal":0.0,"creditLimitUsed":0.0,"totalAmountInAccount":1210.0} 
2025-04-20 15:00:06-367 [reactor-http-nio-3] INFO  c.b.r.b.b.config.WebClientFinanceApi - Response status: 200 OK 
2025-04-20 15:00:06-371 [reactor-http-nio-3] INFO  c.b.r.b.b.connector.FinanceConnector - API Create Resume RS: {"id":"680552462e9ef8505be6e917","result":"true","productType":"CUENTA CORRIENTE","productId":"67fec9835c652468edc457d0","customerId":"67ec1a63fabf6d0f4ada9866","creditEnabledToUse":0.0,"creditLimitTotal":0.0,"creditLimitUsed":0.0,"totalAmountInAccount":980.0} 
2025-04-20 15:00:06-372 [reactor-http-nio-3] INFO  c.b.r.b.b.service.ResumeServiceImpl - 4. Saving resume saved successfully: {"id":"680552462e9ef8505be6e917","result":"true","productType":"CUENTA CORRIENTE","productId":"67fec9835c652468edc457d0","customerId":"67ec1a63fabf6d0f4ada9866","creditEnabledToUse":0.0,"creditLimitTotal":0.0,"creditLimitUsed":0.0,"totalAmountInAccount":980.0} 
2025-04-20 15:00:06-373 [reactor-http-nio-3] INFO  c.b.r.b.b.config.WebClientFinanceApi - Response status: 200 OK 
2025-04-20 15:00:06-375 [reactor-http-nio-3] INFO  c.b.r.b.b.connector.FinanceConnector - API Create Resume RS: {"id":"680552462e9ef8505be6e918","result":"true","productType":"CUENTA DE AHORROS","productId":"67fe92e0f83aa2186dd5e69c","customerId":"67ec1aa7fabf6d0f4ada9868","creditEnabledToUse":0.0,"creditLimitTotal":0.0,"creditLimitUsed":0.0,"totalAmountInAccount":1000.0} 
2025-04-20 15:00:06-375 [reactor-http-nio-3] INFO  c.b.r.b.b.service.ResumeServiceImpl - 4. Saving resume saved successfully: {"id":"680552462e9ef8505be6e918","result":"true","productType":"CUENTA DE AHORROS","productId":"67fe92e0f83aa2186dd5e69c","customerId":"67ec1aa7fabf6d0f4ada9868","creditEnabledToUse":0.0,"creditLimitTotal":0.0,"creditLimitUsed":0.0,"totalAmountInAccount":1000.0} 
2025-04-20 15:01:05-292 [scheduling-1] INFO  c.b.r.b.b.connector.ProductConnector - API get products 
2025-04-20 15:01:05-293 [scheduling-1] INFO  c.b.r.b.b.config.WebClientProductApi - Request: GET,  http://localhost:8383/api/products 
2025-04-20 15:01:05-303 [reactor-http-nio-3] INFO  c.b.r.b.b.config.WebClientProductApi - Response status: 200 OK 
2025-04-20 15:01:05-309 [reactor-http-nio-3] INFO  c.b.r.b.b.connector.ProductConnector - API getting product: {"id":"67f9cc806e374c0902dcdb73","productType":"SA","amountOfOpen":10.0,"accountNumber":"SA01-7689199523","hasPlasticCard":true,"cardNumber":"67fd7f29c1328463019a244a","createdDate":[2025,4,12],"customer":{"customerId":"67ec1a41fabf6d0f4ada9865"}} 
2025-04-20 15:01:05-310 [reactor-http-nio-3] INFO  c.b.r.b.b.service.ResumeServiceImpl - 1. Getting products SA. 
2025-04-20 15:01:05-310 [reactor-http-nio-3] INFO  c.b.r.b.b.service.ResumeServiceImpl - 2. Creating resume request of product 67f9cc806e374c0902dcdb73. 
2025-04-20 15:01:05-310 [reactor-http-nio-3] INFO  c.b.r.b.b.connector.ProductConnector - API findBalanceByProductId RQ: 67f9cc806e374c0902dcdb73 
2025-04-20 15:01:05-310 [reactor-http-nio-3] INFO  c.b.r.b.b.config.WebClientProductApi - Request: GET,  http://localhost:8383/api/products/67f9cc806e374c0902dcdb73/balance 
2025-04-20 15:01:05-313 [reactor-http-nio-3] INFO  c.b.r.b.b.connector.ProductConnector - API getting product: {"id":"67f9cd80200fc270ce30e284","productType":"CA","amountOfOpen":10.0,"accountNumber":"CA01-8730016551","hasPlasticCard":true,"cardNumber":"67fd7f29c1328463019a244a","createdDate":[2025,4,11],"customer":{"customerId":"67ec1a41fabf6d0f4ada9865"}} 
2025-04-20 15:01:05-313 [reactor-http-nio-3] INFO  c.b.r.b.b.service.ResumeServiceImpl - 1. Getting products SA. 
2025-04-20 15:01:05-313 [reactor-http-nio-3] INFO  c.b.r.b.b.service.ResumeServiceImpl - 2. Creating resume request of product 67f9cd80200fc270ce30e284. 
2025-04-20 15:01:05-313 [reactor-http-nio-3] INFO  c.b.r.b.b.connector.ProductConnector - API findBalanceByProductId RQ: 67f9cd80200fc270ce30e284 
2025-04-20 15:01:05-314 [reactor-http-nio-3] INFO  c.b.r.b.b.config.WebClientProductApi - Request: GET,  http://localhost:8383/api/products/67f9cd80200fc270ce30e284/balance 
2025-04-20 15:01:05-319 [reactor-http-nio-3] INFO  c.b.r.b.b.connector.ProductConnector - API getting product: {"id":"67f9e1c9fe034d395c6d23b3","productType":"FA","amountOfOpen":100.0,"accountNumber":"FA01-9408688263","hasPlasticCard":true,"cardNumber":"67fd7f29c1328463019a244a","createdDate":[2025,4,11],"customer":{"customerId":"67ec1a41fabf6d0f4ada9865"}} 
2025-04-20 15:01:05-319 [reactor-http-nio-3] INFO  c.b.r.b.b.service.ResumeServiceImpl - 1. Getting products SA. 
2025-04-20 15:01:05-319 [reactor-http-nio-3] INFO  c.b.r.b.b.service.ResumeServiceImpl - 2. Creating resume request of product 67f9e1c9fe034d395c6d23b3. 
2025-04-20 15:01:05-319 [reactor-http-nio-3] INFO  c.b.r.b.b.connector.ProductConnector - API findBalanceByProductId RQ: 67f9e1c9fe034d395c6d23b3 
2025-04-20 15:01:05-321 [reactor-http-nio-3] INFO  c.b.r.b.b.config.WebClientProductApi - Request: GET,  http://localhost:8383/api/products/67f9e1c9fe034d395c6d23b3/balance 
2025-04-20 15:01:05-326 [reactor-http-nio-3] INFO  c.b.r.b.b.connector.ProductConnector - API getting product: {"id":"67fabf94ec8287214a828c9c","productType":"CC","amountOfOpen":100.0,"accountNumber":"CC01-4406914878","hasPlasticCard":true,"cardNumber":"67fd811bc1328463019a244c","createdDate":[2025,4,12],"customer":{"customerId":"67ec1a41fabf6d0f4ada9865"}} 
2025-04-20 15:01:05-326 [reactor-http-nio-3] INFO  c.b.r.b.b.service.ResumeServiceImpl - 1. Getting products SA. 
2025-04-20 15:01:05-326 [reactor-http-nio-3] INFO  c.b.r.b.b.service.ResumeServiceImpl - 2. Creating resume request of product 67fabf94ec8287214a828c9c. 
2025-04-20 15:01:05-326 [reactor-http-nio-3] INFO  c.b.r.b.b.connector.ProductConnector - API findBalanceByProductId RQ: 67fabf94ec8287214a828c9c 
2025-04-20 15:01:05-327 [reactor-http-nio-3] INFO  c.b.r.b.b.config.WebClientProductApi - Request: GET,  http://localhost:8383/api/products/67fabf94ec8287214a828c9c/balance 
2025-04-20 15:01:05-336 [reactor-http-nio-3] INFO  c.b.r.b.b.connector.ProductConnector - API getting product: {"id":"67fac6ee3d4d5b2abeb89be8","productType":"CC","amountOfOpen":0.0,"accountNumber":"CC01-1698441355","hasPlasticCard":true,"createdDate":[2025,4,12],"customer":{"customerId":"67ec1aa7fabf6d0f4ada9868"}} 
2025-04-20 15:01:05-336 [reactor-http-nio-3] INFO  c.b.r.b.b.service.ResumeServiceImpl - 1. Getting products SA. 
2025-04-20 15:01:05-336 [reactor-http-nio-3] INFO  c.b.r.b.b.service.ResumeServiceImpl - 2. Creating resume request of product 67fac6ee3d4d5b2abeb89be8. 
2025-04-20 15:01:05-336 [reactor-http-nio-3] INFO  c.b.r.b.b.connector.ProductConnector - API findBalanceByProductId RQ: 67fac6ee3d4d5b2abeb89be8 
2025-04-20 15:01:05-338 [reactor-http-nio-3] INFO  c.b.r.b.b.config.WebClientProductApi - Request: GET,  http://localhost:8383/api/products/67fac6ee3d4d5b2abeb89be8/balance 
2025-04-20 15:01:05-340 [reactor-http-nio-3] INFO  c.b.r.b.b.config.WebClientProductApi - Response status: 200 OK 
2025-04-20 15:01:05-342 [reactor-http-nio-3] INFO  c.b.r.b.b.connector.ProductConnector - API findBalanceByProductId RS: {"creditLimit":0.0,"creditLimitUsed":0.0,"creditEnabledToUse":0.0,"totalAmountInAccount":505.0} 
2025-04-20 15:01:05-343 [reactor-http-nio-3] INFO  c.b.r.b.b.service.ResumeServiceImpl - 3. Balance of product 67f9cc806e374c0902dcdb73, {"creditLimit":0.0,"creditLimitUsed":0.0,"creditEnabledToUse":0.0,"totalAmountInAccount":505.0} 
2025-04-20 15:01:05-345 [reactor-http-nio-3] INFO  c.b.r.b.b.connector.FinanceConnector - API Create Resume RQ: {"scanAvailable":true} 
2025-04-20 15:01:05-346 [reactor-http-nio-3] INFO  c.b.r.b.b.connector.FinanceConnector - API Create resume RQ: {"productType":"CUENTA DE AHORROS","productId":"67f9cc806e374c0902dcdb73","customerId":"67ec1a41fabf6d0f4ada9865","creditEnabledToUse":0.0,"creditLimitTotal":0.0,"creditLimitUsed":0.0,"totalAmountInAccount":505.0,"informDate":[2025,4,20]} 
2025-04-20 15:01:05-347 [reactor-http-nio-3] INFO  c.b.r.b.b.config.WebClientFinanceApi - Request: POST,  http://localhost:8686/api/finance/resumes 
2025-04-20 15:01:05-352 [reactor-http-nio-3] INFO  c.b.r.b.b.config.WebClientProductApi - Response status: 200 OK 
2025-04-20 15:01:05-354 [reactor-http-nio-3] INFO  c.b.r.b.b.connector.ProductConnector - API findBalanceByProductId RS: {"creditLimit":0.0,"creditLimitUsed":0.0,"creditEnabledToUse":0.0,"totalAmountInAccount":3720.0} 
2025-04-20 15:01:05-355 [reactor-http-nio-3] INFO  c.b.r.b.b.service.ResumeServiceImpl - 3. Balance of product 67f9cd80200fc270ce30e284, {"creditLimit":0.0,"creditLimitUsed":0.0,"creditEnabledToUse":0.0,"totalAmountInAccount":3720.0} 
2025-04-20 15:01:05-356 [reactor-http-nio-3] INFO  c.b.r.b.b.connector.FinanceConnector - API Create Resume RQ: {"scanAvailable":true} 
2025-04-20 15:01:05-357 [reactor-http-nio-3] INFO  c.b.r.b.b.connector.FinanceConnector - API Create resume RQ: {"productType":"CUENTA CORRIENTE","productId":"67f9cd80200fc270ce30e284","customerId":"67ec1a41fabf6d0f4ada9865","creditEnabledToUse":0.0,"creditLimitTotal":0.0,"creditLimitUsed":0.0,"totalAmountInAccount":3720.0,"informDate":[2025,4,20]} 
2025-04-20 15:01:05-358 [reactor-http-nio-3] INFO  c.b.r.b.b.config.WebClientFinanceApi - Request: POST,  http://localhost:8686/api/finance/resumes 
2025-04-20 15:01:05-360 [reactor-http-nio-3] INFO  c.b.r.b.b.config.WebClientProductApi - Response status: 200 OK 
2025-04-20 15:01:05-363 [reactor-http-nio-3] INFO  c.b.r.b.b.connector.ProductConnector - API findBalanceByProductId RS: {"creditLimit":0.0,"creditLimitUsed":0.0,"creditEnabledToUse":0.0,"totalAmountInAccount":100.0} 
2025-04-20 15:01:05-363 [reactor-http-nio-3] INFO  c.b.r.b.b.service.ResumeServiceImpl - 3. Balance of product 67f9e1c9fe034d395c6d23b3, {"creditLimit":0.0,"creditLimitUsed":0.0,"creditEnabledToUse":0.0,"totalAmountInAccount":100.0} 
2025-04-20 15:01:05-365 [reactor-http-nio-3] INFO  c.b.r.b.b.connector.FinanceConnector - API Create Resume RQ: {"scanAvailable":true} 
2025-04-20 15:01:05-367 [reactor-http-nio-3] INFO  c.b.r.b.b.connector.FinanceConnector - API Create resume RQ: {"productType":"PLAZO FIJO","productId":"67f9e1c9fe034d395c6d23b3","customerId":"67ec1a41fabf6d0f4ada9865","creditEnabledToUse":0.0,"creditLimitTotal":0.0,"creditLimitUsed":0.0,"totalAmountInAccount":100.0,"informDate":[2025,4,20]} 
2025-04-20 15:01:05-368 [reactor-http-nio-3] INFO  c.b.r.b.b.config.WebClientFinanceApi - Request: POST,  http://localhost:8686/api/finance/resumes 
2025-04-20 15:01:05-370 [reactor-http-nio-3] INFO  c.b.r.b.b.config.WebClientProductApi - Response status: 200 OK 
2025-04-20 15:01:05-372 [reactor-http-nio-3] INFO  c.b.r.b.b.connector.ProductConnector - API findBalanceByProductId RS: {"creditLimit":3000.0,"creditLimitUsed":80.0,"creditEnabledToUse":2920.0,"totalAmountInAccount":0.0} 
2025-04-20 15:01:05-373 [reactor-http-nio-3] INFO  c.b.r.b.b.service.ResumeServiceImpl - 3. Balance of product 67fabf94ec8287214a828c9c, {"creditLimit":3000.0,"creditLimitUsed":80.0,"creditEnabledToUse":2920.0,"totalAmountInAccount":0.0} 
2025-04-20 15:01:05-374 [reactor-http-nio-3] INFO  c.b.r.b.b.connector.FinanceConnector - API Create Resume RQ: {"scanAvailable":true} 
2025-04-20 15:01:05-374 [reactor-http-nio-3] INFO  c.b.r.b.b.connector.FinanceConnector - API Create resume RQ: {"productType":"TARJETA DE CREDITO","productId":"67fabf94ec8287214a828c9c","customerId":"67ec1a41fabf6d0f4ada9865","creditEnabledToUse":2920.0,"creditLimitTotal":3000.0,"creditLimitUsed":80.0,"totalAmountInAccount":0.0,"informDate":[2025,4,20]} 
2025-04-20 15:01:05-375 [reactor-http-nio-3] INFO  c.b.r.b.b.config.WebClientFinanceApi - Request: POST,  http://localhost:8686/api/finance/resumes 
2025-04-20 15:01:05-385 [SpringApplicationShutdownHook] INFO  o.s.c.n.e.s.EurekaServiceRegistry - Unregistering application RESUME-BALANCE-BOT with eureka with status DOWN 
2025-04-20 15:01:05-384 [reactor-http-nio-3] INFO  c.b.r.b.b.connector.ProductConnector - API getting product: {"id":"67fac6f73d4d5b2abeb89bea","productType":"SA","amountOfOpen":0.0,"accountNumber":"SA01-3755826271","hasPlasticCard":true,"createdDate":[2025,4,12],"customer":{"customerId":"67ec1aa7fabf6d0f4ada9868"}} 
2025-04-20 15:01:05-385 [reactor-http-nio-3] INFO  c.b.r.b.b.service.ResumeServiceImpl - 1. Getting products SA. 
2025-04-20 15:01:05-385 [reactor-http-nio-3] INFO  c.b.r.b.b.service.ResumeServiceImpl - 2. Creating resume request of product 67fac6f73d4d5b2abeb89bea. 
2025-04-20 15:01:05-385 [SpringApplicationShutdownHook] INFO  c.netflix.discovery.DiscoveryClient - Saw local status change event StatusChangeEvent [timestamp=1745179265385, current=DOWN, previous=UP] 
2025-04-20 15:01:05-385 [reactor-http-nio-3] INFO  c.b.r.b.b.connector.ProductConnector - API findBalanceByProductId RQ: 67fac6f73d4d5b2abeb89bea 
2025-04-20 15:01:05-385 [DiscoveryClient-InstanceInfoReplicator-%d] INFO  c.netflix.discovery.DiscoveryClient - DiscoveryClient_RESUME-BALANCE-BOT/resume-balance-bot:8787: registering service... 
2025-04-20 15:01:05-386 [reactor-http-nio-3] INFO  c.b.r.b.b.config.WebClientProductApi - Request: GET,  http://localhost:8383/api/products/67fac6f73d4d5b2abeb89bea/balance 
2025-04-20 15:01:05-389 [SpringApplicationShutdownHook] INFO  o.s.b.w.e.netty.GracefulShutdown - Commencing graceful shutdown. Waiting for active requests to complete 
2025-04-20 15:01:05-389 [reactor-http-nio-3] INFO  c.b.r.b.b.connector.ProductConnector - API getting product: {"id":"67fb3aaa3d4d5b2abeb89bec","productType":"SA","amountOfOpen":1000.0,"accountNumber":"SA01-4830318062","hasPlasticCard":true,"createdDate":[2025,4,12],"customer":{"customerId":"67ec1aa7fabf6d0f4ada9868"}} 
2025-04-20 15:01:05-389 [reactor-http-nio-3] INFO  c.b.r.b.b.service.ResumeServiceImpl - 1. Getting products SA. 
2025-04-20 15:01:05-389 [reactor-http-nio-3] INFO  c.b.r.b.b.service.ResumeServiceImpl - 2. Creating resume request of product 67fb3aaa3d4d5b2abeb89bec. 
2025-04-20 15:01:05-390 [reactor-http-nio-3] INFO  c.b.r.b.b.connector.ProductConnector - API findBalanceByProductId RQ: 67fb3aaa3d4d5b2abeb89bec 
2025-04-20 15:01:05-390 [reactor-http-nio-3] INFO  c.b.r.b.b.config.WebClientProductApi - Request: GET,  http://localhost:8383/api/products/67fb3aaa3d4d5b2abeb89bec/balance 
2025-04-20 15:01:05-392 [netty-shutdown] INFO  o.s.b.w.e.netty.GracefulShutdown - Graceful shutdown complete 
2025-04-20 15:01:05-393 [reactor-http-nio-3] INFO  c.b.r.b.b.connector.ProductConnector - API getting product: {"id":"67fe92e0f83aa2186dd5e69c","productType":"SA","amountOfOpen":1000.0,"accountNumber":"SA01-3509644191","hasPlasticCard":true,"createdDate":[2025,4,15],"customer":{"customerId":"67ec1aa7fabf6d0f4ada9868"}} 
2025-04-20 15:01:05-393 [reactor-http-nio-3] INFO  c.b.r.b.b.service.ResumeServiceImpl - 1. Getting products SA. 
2025-04-20 15:01:05-393 [reactor-http-nio-3] INFO  c.b.r.b.b.service.ResumeServiceImpl - 2. Creating resume request of product 67fe92e0f83aa2186dd5e69c. 
2025-04-20 15:01:05-393 [reactor-http-nio-3] INFO  c.b.r.b.b.connector.ProductConnector - API findBalanceByProductId RQ: 67fe92e0f83aa2186dd5e69c 
2025-04-20 15:01:05-394 [reactor-http-nio-3] INFO  c.b.r.b.b.config.WebClientProductApi - Request: GET,  http://localhost:8383/api/products/67fe92e0f83aa2186dd5e69c/balance 
2025-04-20 15:01:05-398 [reactor-http-nio-3] INFO  c.b.r.b.b.connector.ProductConnector - API getting product: {"id":"67fe9360f83aa2186dd5e69e","productType":"SA","amountOfOpen":1000.0,"accountNumber":"SA01-9811236276","hasPlasticCard":true,"createdDate":[2025,4,15],"customer":{"customerId":"67ec1aa7fabf6d0f4ada9868"}} 
2025-04-20 15:01:05-398 [reactor-http-nio-3] INFO  c.b.r.b.b.service.ResumeServiceImpl - 1. Getting products SA. 
2025-04-20 15:01:05-398 [reactor-http-nio-3] INFO  c.b.r.b.b.service.ResumeServiceImpl - 2. Creating resume request of product 67fe9360f83aa2186dd5e69e. 
2025-04-20 15:01:05-398 [reactor-http-nio-3] INFO  c.b.r.b.b.connector.ProductConnector - API findBalanceByProductId RQ: 67fe9360f83aa2186dd5e69e 
2025-04-20 15:01:05-400 [DiscoveryClient-InstanceInfoReplicator-%d] INFO  c.netflix.discovery.DiscoveryClient - DiscoveryClient_RESUME-BALANCE-BOT/resume-balance-bot:8787 - registration status: 204 
2025-04-20 15:01:05-400 [reactor-http-nio-3] INFO  c.b.r.b.b.config.WebClientProductApi - Request: GET,  http://localhost:8383/api/products/67fe9360f83aa2186dd5e69e/balance 
2025-04-20 15:01:05-404 [reactor-http-nio-3] INFO  c.b.r.b.b.connector.ProductConnector - API getting product: {"id":"67fe9db2f83aa2186dd5e6a0","productType":"SA","amountOfOpen":1000.0,"accountNumber":"SA01-2207291036","hasPlasticCard":true,"createdDate":[2025,4,15],"customer":{"customerId":"67ec1aa7fabf6d0f4ada9868"}} 
2025-04-20 15:01:05-404 [reactor-http-nio-3] INFO  c.b.r.b.b.service.ResumeServiceImpl - 1. Getting products SA. 
2025-04-20 15:01:05-404 [reactor-http-nio-3] INFO  c.b.r.b.b.service.ResumeServiceImpl - 2. Creating resume request of product 67fe9db2f83aa2186dd5e6a0. 
2025-04-20 15:01:05-404 [reactor-http-nio-3] INFO  c.b.r.b.b.connector.ProductConnector - API findBalanceByProductId RQ: 67fe9db2f83aa2186dd5e6a0 
2025-04-20 15:01:05-405 [reactor-http-nio-3] INFO  c.b.r.b.b.config.WebClientProductApi - Request: GET,  http://localhost:8383/api/products/67fe9db2f83aa2186dd5e6a0/balance 
2025-04-20 15:01:05-408 [reactor-http-nio-3] INFO  c.b.r.b.b.connector.ProductConnector - API getting product: {"id":"67fec9835c652468edc457d0","productType":"CA","amountOfOpen":1000.0,"accountNumber":"CA01-3433862793","hasPlasticCard":false,"createdDate":[2025,4,15],"customer":{"customerId":"67ec1a63fabf6d0f4ada9866"},"holders":[{"fullName":"ABRAHAM  BERMEJO","email":"mail@gmail.commmm","phone":"11111","identification":{"typeIdentification":"DNI","numberIdentification":"444"}}],"authorizedSignatories":[{"fullName":"VERONICA ARANGO YAMASHIRO","email":"mail@gmail.commmm","phone":"2222222","identification":{"typeIdentification":"DNI","numberIdentification":"22222"}}]} 
2025-04-20 15:01:05-408 [reactor-http-nio-3] INFO  c.b.r.b.b.service.ResumeServiceImpl - 1. Getting products SA. 
2025-04-20 15:01:05-409 [reactor-http-nio-3] INFO  c.b.r.b.b.service.ResumeServiceImpl - 2. Creating resume request of product 67fec9835c652468edc457d0. 
2025-04-20 15:01:05-409 [reactor-http-nio-3] INFO  c.b.r.b.b.connector.ProductConnector - API findBalanceByProductId RQ: 67fec9835c652468edc457d0 
2025-04-20 15:01:05-409 [reactor-http-nio-3] INFO  c.b.r.b.b.config.WebClientProductApi - Request: GET,  http://localhost:8383/api/products/67fec9835c652468edc457d0/balance 
2025-04-20 15:01:05-419 [reactor-http-nio-3] ERROR c.b.r.b.b.connector.ProductConnector - Error API while getting balance by product: executor not accepting a task 
2025-04-20 15:01:05-422 [reactor-http-nio-3] ERROR c.b.r.b.b.service.ResumeServiceImpl - Saving resume failed executor not accepting a task 
2025-04-20 15:01:05-423 [reactor-http-nio-3] ERROR reactor.core.publisher.Operators - Operator called default onErrorDropped 
reactor.core.Exceptions$ErrorCallbackNotImplemented: org.springframework.web.reactive.function.client.WebClientRequestException: executor not accepting a task
Caused by: org.springframework.web.reactive.function.client.WebClientRequestException: executor not accepting a task
	at org.springframework.web.reactive.function.client.ExchangeFunctions$DefaultExchangeFunction.lambda$wrapException$9(ExchangeFunctions.java:137)
	Suppressed: reactor.core.publisher.FluxOnAssembly$OnAssemblyException: 
Assembly trace from producer [reactor.core.publisher.MonoErrorSupplied] :
	reactor.core.publisher.Mono.error(Mono.java:315)
	org.springframework.web.reactive.function.client.ExchangeFunctions$DefaultExchangeFunction.wrapException(ExchangeFunctions.java:137)
Error has been observed at the following site(s):
	*____________Mono.error ⇢ at org.springframework.web.reactive.function.client.ExchangeFunctions$DefaultExchangeFunction.wrapException(ExchangeFunctions.java:137)
	*____Mono.onErrorResume ⇢ at org.springframework.web.reactive.function.client.ExchangeFunctions$DefaultExchangeFunction.exchange(ExchangeFunctions.java:106)
	|_             Mono.map ⇢ at org.springframework.web.reactive.function.client.ExchangeFunctions$DefaultExchangeFunction.exchange(ExchangeFunctions.java:107)
	|_        Mono.doOnNext ⇢ at org.springframework.web.reactive.function.client.DefaultWebClient$ObservationFilterFunction.filter(DefaultWebClient.java:745)
	|_         Mono.flatMap ⇢ at org.springframework.web.reactive.function.client.ExchangeFilterFunction.lambda$ofResponseProcessor$4(ExchangeFilterFunction.java:95)
	*__________Mono.flatMap ⇢ at org.springframework.web.reactive.function.client.ExchangeFilterFunction.lambda$ofRequestProcessor$3(ExchangeFilterFunction.java:84)
	*____________Mono.defer ⇢ at org.springframework.web.reactive.function.client.DefaultWebClient$DefaultRequestBodyUriSpec.lambda$exchange$12(DefaultWebClient.java:467)
	|_           checkpoint ⇢ Request to GET http://localhost:8383/api/products/67fec9835c652468edc457d0/balance [DefaultWebClient]
	|_   Mono.switchIfEmpty ⇢ at org.springframework.web.reactive.function.client.DefaultWebClient$DefaultRequestBodyUriSpec.lambda$exchange$12(DefaultWebClient.java:472)
	|_        Mono.doOnNext ⇢ at org.springframework.web.reactive.function.client.DefaultWebClient$DefaultRequestBodyUriSpec.lambda$exchange$12(DefaultWebClient.java:478)
	|_       Mono.doOnError ⇢ at org.springframework.web.reactive.function.client.DefaultWebClient$DefaultRequestBodyUriSpec.lambda$exchange$12(DefaultWebClient.java:479)
	|_       Mono.doFinally ⇢ at org.springframework.web.reactive.function.client.DefaultWebClient$DefaultRequestBodyUriSpec.lambda$exchange$12(DefaultWebClient.java:480)
	|_    Mono.contextWrite ⇢ at org.springframework.web.reactive.function.client.DefaultWebClient$DefaultRequestBodyUriSpec.lambda$exchange$12(DefaultWebClient.java:486)
	*__Mono.deferContextual ⇢ at org.springframework.web.reactive.function.client.DefaultWebClient$DefaultRequestBodyUriSpec.exchange(DefaultWebClient.java:453)
	|_         Mono.flatMap ⇢ at org.springframework.web.reactive.function.client.DefaultWebClient$DefaultResponseSpec.bodyToMono(DefaultWebClient.java:580)
	|_        Mono.doOnNext ⇢ at com.bootcamp.resume.balance.bot.connector.ProductConnector.findBalanceByProductId(ProductConnector.java:40)
	|_       Mono.doOnError ⇢ at com.bootcamp.resume.balance.bot.connector.ProductConnector.findBalanceByProductId(ProductConnector.java:42)
	|_     Mono.doOnSuccess ⇢ at com.bootcamp.resume.balance.bot.service.ResumeServiceImpl.lambda$saveResumes$3(ResumeServiceImpl.java:34)
	|_         Mono.flatMap ⇢ at com.bootcamp.resume.balance.bot.service.ResumeServiceImpl.lambda$saveResumes$3(ResumeServiceImpl.java:36)
	*__________Flux.flatMap ⇢ at com.bootcamp.resume.balance.bot.service.ResumeServiceImpl.saveResumes(ResumeServiceImpl.java:31)
	|_         Flux.flatMap ⇢ at com.bootcamp.resume.balance.bot.service.ResumeServiceImpl.saveResumes(ResumeServiceImpl.java:49)
	|_        Flux.doOnNext ⇢ at com.bootcamp.resume.balance.bot.service.ResumeServiceImpl.saveResumes(ResumeServiceImpl.java:50)
	|_       Flux.doOnError ⇢ at com.bootcamp.resume.balance.bot.service.ResumeServiceImpl.saveResumes(ResumeServiceImpl.java:52)
Original Stack Trace:
		at org.springframework.web.reactive.function.client.ExchangeFunctions$DefaultExchangeFunction.lambda$wrapException$9(ExchangeFunctions.java:137)
		at reactor.core.publisher.MonoErrorSupplied.subscribe(MonoErrorSupplied.java:55)
		at reactor.core.publisher.Mono.subscribe(Mono.java:4576)
		at reactor.core.publisher.FluxOnErrorResume$ResumeSubscriber.onError(FluxOnErrorResume.java:103)
		at reactor.core.publisher.FluxPeekFuseable$PeekFuseableSubscriber.onError(FluxPeekFuseable.java:234)
		at reactor.core.publisher.FluxPeekFuseable$PeekFuseableSubscriber.onError(FluxPeekFuseable.java:234)
		at reactor.core.publisher.FluxPeekFuseable$PeekFuseableSubscriber.onError(FluxPeekFuseable.java:234)
		at reactor.core.publisher.MonoNext$NextSubscriber.onError(MonoNext.java:93)
		at reactor.core.publisher.MonoFlatMapMany$FlatMapManyMain.onError(MonoFlatMapMany.java:205)
		at reactor.core.publisher.SerializedSubscriber.onError(SerializedSubscriber.java:124)
		at reactor.core.publisher.FluxRetryWhen$RetryWhenMainSubscriber.whenError(FluxRetryWhen.java:229)
		at reactor.core.publisher.FluxRetryWhen$RetryWhenOtherSubscriber.onError(FluxRetryWhen.java:279)
		at reactor.core.publisher.FluxContextWrite$ContextWriteSubscriber.onError(FluxContextWrite.java:121)
		at reactor.core.publisher.FluxConcatMapNoPrefetch$FluxConcatMapNoPrefetchSubscriber.maybeOnError(FluxConcatMapNoPrefetch.java:327)
		at reactor.core.publisher.FluxConcatMapNoPrefetch$FluxConcatMapNoPrefetchSubscriber.onNext(FluxConcatMapNoPrefetch.java:212)
		at reactor.core.publisher.FluxContextWrite$ContextWriteSubscriber.onNext(FluxContextWrite.java:107)
		at reactor.core.publisher.SinkManyEmitterProcessor.drain(SinkManyEmitterProcessor.java:476)
		at reactor.core.publisher.SinkManyEmitterProcessor$EmitterInner.drainParent(SinkManyEmitterProcessor.java:620)
		at reactor.core.publisher.FluxPublish$PubSubInner.request(FluxPublish.java:874)
		at reactor.core.publisher.FluxContextWrite$ContextWriteSubscriber.request(FluxContextWrite.java:136)
		at reactor.core.publisher.FluxConcatMapNoPrefetch$FluxConcatMapNoPrefetchSubscriber.request(FluxConcatMapNoPrefetch.java:337)
		at reactor.core.publisher.FluxContextWrite$ContextWriteSubscriber.request(FluxContextWrite.java:136)
		at reactor.core.publisher.Operators$DeferredSubscription.request(Operators.java:1743)
		at reactor.core.publisher.FluxRetryWhen$RetryWhenMainSubscriber.onError(FluxRetryWhen.java:196)
		at reactor.core.publisher.MonoCreate$DefaultMonoSink.error(MonoCreate.java:205)
		at reactor.netty.http.client.HttpClientConnect$MonoHttpConnect$ClientTransportSubscriber.onError(HttpClientConnect.java:323)
		at reactor.core.publisher.MonoCreate$DefaultMonoSink.error(MonoCreate.java:205)
		at reactor.netty.resources.DefaultPooledConnectionProvider$DisposableAcquire.onError(DefaultPooledConnectionProvider.java:174)
		at reactor.core.publisher.FluxContextWrite$ContextWriteSubscriber.onError(FluxContextWrite.java:121)
		at reactor.netty.internal.shaded.reactor.pool.AbstractPool$Borrower.fail(AbstractPool.java:479)
		at reactor.netty.internal.shaded.reactor.pool.SimpleDequePool.lambda$drainLoop$9(SimpleDequePool.java:443)
		at reactor.core.publisher.FluxDoOnEach$DoOnEachSubscriber.onError(FluxDoOnEach.java:186)
		at reactor.core.publisher.MonoCreate$DefaultMonoSink.error(MonoCreate.java:205)
		at reactor.netty.resources.DefaultPooledConnectionProvider$PooledConnectionAllocator$PooledConnectionInitializer.onError(DefaultPooledConnectionProvider.java:593)
		at reactor.core.publisher.MonoFlatMap$FlatMapMain.secondError(MonoFlatMap.java:241)
		at reactor.core.publisher.MonoFlatMap$FlatMapInner.onError(MonoFlatMap.java:315)
		at reactor.core.publisher.FluxOnErrorResume$ResumeSubscriber.onError(FluxOnErrorResume.java:106)
		at reactor.core.publisher.Operators.error(Operators.java:198)
		at reactor.core.publisher.MonoError.subscribe(MonoError.java:53)
		at reactor.core.publisher.Mono.subscribe(Mono.java:4576)
		at reactor.core.publisher.FluxOnErrorResume$ResumeSubscriber.onError(FluxOnErrorResume.java:103)
		at reactor.core.publisher.Operators.error(Operators.java:198)
		at reactor.core.publisher.MonoError.subscribe(MonoError.java:53)
		at reactor.core.publisher.InternalMonoOperator.subscribe(InternalMonoOperator.java:76)
		at reactor.core.publisher.MonoFlatMap$FlatMapMain.onNext(MonoFlatMap.java:165)
		at reactor.netty.transport.TransportConnector$MonoChannelPromise._subscribe(TransportConnector.java:638)
		at reactor.netty.transport.TransportConnector$MonoChannelPromise.subscribe(TransportConnector.java:547)
		at reactor.core.publisher.InternalMonoOperator.subscribe(InternalMonoOperator.java:76)
		at reactor.netty.resources.DefaultPooledConnectionProvider$PooledConnectionAllocator.lambda$connectChannel$0(DefaultPooledConnectionProvider.java:544)
		at reactor.core.publisher.MonoCreate.subscribe(MonoCreate.java:61)
		at reactor.core.publisher.Mono.subscribe(Mono.java:4576)
		at reactor.core.publisher.Mono.subscribeWith(Mono.java:4641)
		at reactor.core.publisher.Mono.subscribe(Mono.java:4542)
		at reactor.core.publisher.Mono.subscribe(Mono.java:4478)
		at reactor.netty.internal.shaded.reactor.pool.SimpleDequePool.drainLoop(SimpleDequePool.java:449)
		at reactor.netty.internal.shaded.reactor.pool.SimpleDequePool.pendingOffer(SimpleDequePool.java:625)
		at reactor.netty.internal.shaded.reactor.pool.SimpleDequePool.doAcquire(SimpleDequePool.java:306)
		at reactor.netty.internal.shaded.reactor.pool.AbstractPool$Borrower.request(AbstractPool.java:425)
		at reactor.core.publisher.FluxContextWrite$ContextWriteSubscriber.request(FluxContextWrite.java:136)
		at reactor.netty.resources.DefaultPooledConnectionProvider$DisposableAcquire.onSubscribe(DefaultPooledConnectionProvider.java:218)
		at reactor.core.publisher.FluxContextWrite$ContextWriteSubscriber.onSubscribe(FluxContextWrite.java:101)
		at reactor.netty.internal.shaded.reactor.pool.SimpleDequePool$QueueBorrowerMono.subscribe(SimpleDequePool.java:743)
		at reactor.core.publisher.InternalMonoOperator.subscribe(InternalMonoOperator.java:76)
		at reactor.netty.resources.PooledConnectionProvider.lambda$acquire$3(PooledConnectionProvider.java:196)
		at reactor.core.publisher.MonoCreate.subscribe(MonoCreate.java:61)
		at reactor.core.publisher.InternalMonoOperator.subscribe(InternalMonoOperator.java:76)
		at reactor.netty.http.client.HttpClientConnect$MonoHttpConnect.lambda$subscribe$0(HttpClientConnect.java:285)
		at reactor.core.publisher.MonoCreate.subscribe(MonoCreate.java:61)
		at reactor.core.publisher.InternalMonoOperator.subscribe(InternalMonoOperator.java:76)
		at reactor.core.publisher.FluxRetryWhen.subscribe(FluxRetryWhen.java:81)
		at reactor.core.publisher.MonoRetryWhen.subscribeOrReturn(MonoRetryWhen.java:46)
		at reactor.core.publisher.InternalMonoOperator.subscribe(InternalMonoOperator.java:63)
		at reactor.netty.http.client.HttpClientConnect$MonoHttpConnect.subscribe(HttpClientConnect.java:288)
		at reactor.core.publisher.Mono.subscribe(Mono.java:4576)
		at reactor.core.publisher.FluxFlatMap.trySubscribeScalarMap(FluxFlatMap.java:202)
		at reactor.core.publisher.MonoFlatMap.subscribeOrReturn(MonoFlatMap.java:53)
		at reactor.core.publisher.InternalMonoOperator.subscribe(InternalMonoOperator.java:63)
		at reactor.core.publisher.MonoDefer.subscribe(MonoDefer.java:53)
		at reactor.core.publisher.InternalMonoOperator.subscribe(InternalMonoOperator.java:76)
		at reactor.core.publisher.MonoDeferContextual.subscribe(MonoDeferContextual.java:55)
		at reactor.core.publisher.Mono.subscribe(Mono.java:4576)
		at reactor.core.publisher.FluxFlatMap$FlatMapMain.onNext(FluxFlatMap.java:430)
		at reactor.core.publisher.FluxPeekFuseable$PeekFuseableSubscriber.onNext(FluxPeekFuseable.java:210)
		at reactor.core.publisher.FluxPeekFuseable$PeekFuseableSubscriber.onNext(FluxPeekFuseable.java:210)
		at reactor.core.publisher.FluxPeekFuseable$PeekFuseableSubscriber.onNext(FluxPeekFuseable.java:210)
		at reactor.core.publisher.MonoFlatMapMany$FlatMapManyInner.onNext(MonoFlatMapMany.java:251)
		at reactor.core.publisher.FluxOnErrorResume$ResumeSubscriber.onNext(FluxOnErrorResume.java:79)
		at reactor.core.publisher.FluxContextWrite$ContextWriteSubscriber.onNext(FluxContextWrite.java:107)
		at reactor.core.publisher.FluxHandleFuseable$HandleFuseableConditionalSubscriber.onNext(FluxHandleFuseable.java:505)
		at reactor.core.publisher.FluxConcatArray$ConcatArraySubscriber.onNext(FluxConcatArray.java:180)
		at reactor.core.publisher.FluxFlattenIterable$FlattenIterableSubscriber.drainAsync(FluxFlattenIterable.java:453)
		at reactor.core.publisher.FluxFlattenIterable$FlattenIterableSubscriber.drain(FluxFlattenIterable.java:724)
		at reactor.core.publisher.FluxFlattenIterable$FlattenIterableSubscriber.onNext(FluxFlattenIterable.java:256)
		at reactor.core.publisher.FluxMapFuseable$MapFuseableSubscriber.onNext(FluxMapFuseable.java:129)
		at reactor.core.publisher.FluxPeekFuseable$PeekFuseableSubscriber.onNext(FluxPeekFuseable.java:210)
		at reactor.core.publisher.FluxMap$MapSubscriber.onNext(FluxMap.java:122)
		at reactor.netty.channel.FluxReceive.drainReceiver(FluxReceive.java:292)
		at reactor.netty.channel.FluxReceive.onInboundNext(FluxReceive.java:401)
		at reactor.netty.channel.ChannelOperations.onInboundNext(ChannelOperations.java:435)
		at reactor.netty.http.client.HttpClientOperations.onInboundNext(HttpClientOperations.java:846)
		at reactor.netty.channel.ChannelOperationsHandler.channelRead(ChannelOperationsHandler.java:115)
		at io.netty.channel.AbstractChannelHandlerContext.invokeChannelRead(AbstractChannelHandlerContext.java:444)
		at io.netty.channel.AbstractChannelHandlerContext.invokeChannelRead(AbstractChannelHandlerContext.java:420)
		at io.netty.channel.AbstractChannelHandlerContext.fireChannelRead(AbstractChannelHandlerContext.java:412)
		at io.netty.handler.codec.MessageToMessageDecoder.channelRead(MessageToMessageDecoder.java:107)
		at io.netty.channel.AbstractChannelHandlerContext.invokeChannelRead(AbstractChannelHandlerContext.java:444)
		at io.netty.channel.AbstractChannelHandlerContext.invokeChannelRead(AbstractChannelHandlerContext.java:420)
		at io.netty.channel.AbstractChannelHandlerContext.fireChannelRead(AbstractChannelHandlerContext.java:412)
		at io.netty.channel.CombinedChannelDuplexHandler$DelegatingChannelHandlerContext.fireChannelRead(CombinedChannelDuplexHandler.java:436)
		at io.netty.handler.codec.ByteToMessageDecoder.fireChannelRead(ByteToMessageDecoder.java:346)
		at io.netty.handler.codec.ByteToMessageDecoder.fireChannelRead(ByteToMessageDecoder.java:333)
		at io.netty.handler.codec.ByteToMessageDecoder.callDecode(ByteToMessageDecoder.java:455)
		at io.netty.handler.codec.ByteToMessageDecoder.channelRead(ByteToMessageDecoder.java:290)
		at io.netty.channel.CombinedChannelDuplexHandler.channelRead(CombinedChannelDuplexHandler.java:251)
		at io.netty.channel.AbstractChannelHandlerContext.invokeChannelRead(AbstractChannelHandlerContext.java:442)
		at io.netty.channel.AbstractChannelHandlerContext.invokeChannelRead(AbstractChannelHandlerContext.java:420)
		at io.netty.channel.AbstractChannelHandlerContext.fireChannelRead(AbstractChannelHandlerContext.java:412)
		at io.netty.channel.DefaultChannelPipeline$HeadContext.channelRead(DefaultChannelPipeline.java:1357)
		at io.netty.channel.AbstractChannelHandlerContext.invokeChannelRead(AbstractChannelHandlerContext.java:440)
		at io.netty.channel.AbstractChannelHandlerContext.invokeChannelRead(AbstractChannelHandlerContext.java:420)
		at io.netty.channel.DefaultChannelPipeline.fireChannelRead(DefaultChannelPipeline.java:868)
		at io.netty.channel.nio.AbstractNioByteChannel$NioByteUnsafe.read(AbstractNioByteChannel.java:166)
		at io.netty.channel.nio.NioEventLoop.processSelectedKey(NioEventLoop.java:796)
		at io.netty.channel.nio.NioEventLoop.processSelectedKeysOptimized(NioEventLoop.java:732)
		at io.netty.channel.nio.NioEventLoop.processSelectedKeys(NioEventLoop.java:658)
		at io.netty.channel.nio.NioEventLoop.run(NioEventLoop.java:562)
		at io.netty.util.concurrent.SingleThreadEventExecutor$4.run(SingleThreadEventExecutor.java:998)
		at io.netty.util.internal.ThreadExecutorMap$2.run(ThreadExecutorMap.java:74)
		at io.netty.util.concurrent.FastThreadLocalRunnable.run(FastThreadLocalRunnable.java:30)
		at java.base/java.lang.Thread.run(Thread.java:842)
Caused by: java.lang.IllegalStateException: executor not accepting a task
	at io.netty.resolver.AddressResolverGroup.getResolver(AddressResolverGroup.java:61)
	Suppressed: reactor.core.publisher.FluxOnAssembly$OnAssemblyException: 
Assembly trace from producer [reactor.core.publisher.MonoError] :
	reactor.core.publisher.Mono.error(Mono.java:299)
	reactor.netty.transport.TransportConnector.doResolveAndConnect(TransportConnector.java:308)
Error has been observed at the following site(s):
	*____________Mono.error ⇢ at reactor.netty.transport.TransportConnector.doResolveAndConnect(TransportConnector.java:308)
	|_   Mono.onErrorResume ⇢ at reactor.netty.transport.TransportConnector.lambda$connect$6(TransportConnector.java:166)
	*__________Mono.flatMap ⇢ at reactor.netty.transport.TransportConnector.connect(TransportConnector.java:165)
	*___________Mono.create ⇢ at reactor.netty.resources.DefaultPooledConnectionProvider$PooledConnectionAllocator.connectChannel(DefaultPooledConnectionProvider.java:537)
	*_____Mono.contextWrite ⇢ at reactor.netty.resources.PooledConnectionProvider.lambda$acquire$3(PooledConnectionProvider.java:185)
	*___________Mono.create ⇢ at reactor.netty.resources.PooledConnectionProvider.acquire(PooledConnectionProvider.java:130)
	*___________Mono.create ⇢ at reactor.netty.http.client.HttpClientConnect$MonoHttpConnect.subscribe(HttpClientConnect.java:213)
	|_       Mono.retryWhen ⇢ at reactor.netty.http.client.HttpClientConnect$MonoHttpConnect.subscribe(HttpClientConnect.java:287)
	*________Flux.concatMap ⇢ at reactor.util.retry.RetrySpec.lambda$generateCompanion$6(RetrySpec.java:360)
	|_     Flux.onErrorStop ⇢ at reactor.util.retry.RetrySpec.lambda$generateCompanion$6(RetrySpec.java:379)
	*__Flux.deferContextual ⇢ at reactor.util.retry.RetrySpec.generateCompanion(RetrySpec.java:357)
	*______Mono.flatMapMany ⇢ at reactor.netty.http.client.HttpClientFinalizer.responseConnection(HttpClientFinalizer.java:102)
	|_            Flux.next ⇢ at org.springframework.http.client.reactive.ReactorClientHttpConnector.connect(ReactorClientHttpConnector.java:174)
	|_      Mono.doOnCancel ⇢ at org.springframework.http.client.reactive.ReactorClientHttpConnector.connect(ReactorClientHttpConnector.java:175)
	|_     Mono.doOnRequest ⇢ at org.springframework.web.reactive.function.client.ExchangeFunctions$DefaultExchangeFunction.exchange(ExchangeFunctions.java:104)
	|_      Mono.doOnCancel ⇢ at org.springframework.web.reactive.function.client.ExchangeFunctions$DefaultExchangeFunction.exchange(ExchangeFunctions.java:105)
Original Stack Trace:
		at io.netty.resolver.AddressResolverGroup.getResolver(AddressResolverGroup.java:61)
		at reactor.netty.transport.TransportConnector.doResolveAndConnect(TransportConnector.java:303)
		at reactor.netty.transport.TransportConnector.lambda$connect$6(TransportConnector.java:165)
		at reactor.core.publisher.MonoFlatMap$FlatMapMain.onNext(MonoFlatMap.java:132)
		at reactor.netty.transport.TransportConnector$MonoChannelPromise._subscribe(TransportConnector.java:638)
		at reactor.netty.transport.TransportConnector$MonoChannelPromise.subscribe(TransportConnector.java:547)
		at reactor.core.publisher.InternalMonoOperator.subscribe(InternalMonoOperator.java:76)
		at reactor.netty.resources.DefaultPooledConnectionProvider$PooledConnectionAllocator.lambda$connectChannel$0(DefaultPooledConnectionProvider.java:544)
		at reactor.core.publisher.MonoCreate.subscribe(MonoCreate.java:61)
		at reactor.core.publisher.Mono.subscribe(Mono.java:4576)
		at reactor.core.publisher.Mono.subscribeWith(Mono.java:4641)
		at reactor.core.publisher.Mono.subscribe(Mono.java:4542)
		at reactor.core.publisher.Mono.subscribe(Mono.java:4478)
		at reactor.netty.internal.shaded.reactor.pool.SimpleDequePool.drainLoop(SimpleDequePool.java:449)
		at reactor.netty.internal.shaded.reactor.pool.SimpleDequePool.pendingOffer(SimpleDequePool.java:625)
		at reactor.netty.internal.shaded.reactor.pool.SimpleDequePool.doAcquire(SimpleDequePool.java:306)
		at reactor.netty.internal.shaded.reactor.pool.AbstractPool$Borrower.request(AbstractPool.java:425)
		at reactor.core.publisher.FluxContextWrite$ContextWriteSubscriber.request(FluxContextWrite.java:136)
		at reactor.netty.resources.DefaultPooledConnectionProvider$DisposableAcquire.onSubscribe(DefaultPooledConnectionProvider.java:218)
		at reactor.core.publisher.FluxContextWrite$ContextWriteSubscriber.onSubscribe(FluxContextWrite.java:101)
		at reactor.netty.internal.shaded.reactor.pool.SimpleDequePool$QueueBorrowerMono.subscribe(SimpleDequePool.java:743)
		at reactor.core.publisher.InternalMonoOperator.subscribe(InternalMonoOperator.java:76)
		at reactor.netty.resources.PooledConnectionProvider.lambda$acquire$3(PooledConnectionProvider.java:196)
		at reactor.core.publisher.MonoCreate.subscribe(MonoCreate.java:61)
		at reactor.core.publisher.InternalMonoOperator.subscribe(InternalMonoOperator.java:76)
		at reactor.netty.http.client.HttpClientConnect$MonoHttpConnect.lambda$subscribe$0(HttpClientConnect.java:285)
		at reactor.core.publisher.MonoCreate.subscribe(MonoCreate.java:61)
		at reactor.core.publisher.InternalMonoOperator.subscribe(InternalMonoOperator.java:76)
		at reactor.core.publisher.FluxRetryWhen.subscribe(FluxRetryWhen.java:81)
		at reactor.core.publisher.MonoRetryWhen.subscribeOrReturn(MonoRetryWhen.java:46)
		at reactor.core.publisher.InternalMonoOperator.subscribe(InternalMonoOperator.java:63)
		at reactor.netty.http.client.HttpClientConnect$MonoHttpConnect.subscribe(HttpClientConnect.java:288)
		at reactor.core.publisher.Mono.subscribe(Mono.java:4576)
		at reactor.core.publisher.FluxFlatMap.trySubscribeScalarMap(FluxFlatMap.java:202)
		at reactor.core.publisher.MonoFlatMap.subscribeOrReturn(MonoFlatMap.java:53)
		at reactor.core.publisher.InternalMonoOperator.subscribe(InternalMonoOperator.java:63)
		at reactor.core.publisher.MonoDefer.subscribe(MonoDefer.java:53)
		at reactor.core.publisher.InternalMonoOperator.subscribe(InternalMonoOperator.java:76)
		at reactor.core.publisher.MonoDeferContextual.subscribe(MonoDeferContextual.java:55)
		at reactor.core.publisher.Mono.subscribe(Mono.java:4576)
		at reactor.core.publisher.FluxFlatMap$FlatMapMain.onNext(FluxFlatMap.java:430)
		at reactor.core.publisher.FluxPeekFuseable$PeekFuseableSubscriber.onNext(FluxPeekFuseable.java:210)
		at reactor.core.publisher.FluxPeekFuseable$PeekFuseableSubscriber.onNext(FluxPeekFuseable.java:210)
		at reactor.core.publisher.FluxPeekFuseable$PeekFuseableSubscriber.onNext(FluxPeekFuseable.java:210)
		at reactor.core.publisher.MonoFlatMapMany$FlatMapManyInner.onNext(MonoFlatMapMany.java:251)
		at reactor.core.publisher.FluxOnErrorResume$ResumeSubscriber.onNext(FluxOnErrorResume.java:79)
		at reactor.core.publisher.FluxContextWrite$ContextWriteSubscriber.onNext(FluxContextWrite.java:107)
		at reactor.core.publisher.FluxHandleFuseable$HandleFuseableConditionalSubscriber.onNext(FluxHandleFuseable.java:505)
		at reactor.core.publisher.FluxConcatArray$ConcatArraySubscriber.onNext(FluxConcatArray.java:180)
		at reactor.core.publisher.FluxFlattenIterable$FlattenIterableSubscriber.drainAsync(FluxFlattenIterable.java:453)
		at reactor.core.publisher.FluxFlattenIterable$FlattenIterableSubscriber.drain(FluxFlattenIterable.java:724)
		at reactor.core.publisher.FluxFlattenIterable$FlattenIterableSubscriber.onNext(FluxFlattenIterable.java:256)
		at reactor.core.publisher.FluxMapFuseable$MapFuseableSubscriber.onNext(FluxMapFuseable.java:129)
		at reactor.core.publisher.FluxPeekFuseable$PeekFuseableSubscriber.onNext(FluxPeekFuseable.java:210)
		at reactor.core.publisher.FluxMap$MapSubscriber.onNext(FluxMap.java:122)
		at reactor.netty.channel.FluxReceive.drainReceiver(FluxReceive.java:292)
		at reactor.netty.channel.FluxReceive.onInboundNext(FluxReceive.java:401)
		at reactor.netty.channel.ChannelOperations.onInboundNext(ChannelOperations.java:435)
		at reactor.netty.http.client.HttpClientOperations.onInboundNext(HttpClientOperations.java:846)
		at reactor.netty.channel.ChannelOperationsHandler.channelRead(ChannelOperationsHandler.java:115)
		at io.netty.channel.AbstractChannelHandlerContext.invokeChannelRead(AbstractChannelHandlerContext.java:444)
		at io.netty.channel.AbstractChannelHandlerContext.invokeChannelRead(AbstractChannelHandlerContext.java:420)
		at io.netty.channel.AbstractChannelHandlerContext.fireChannelRead(AbstractChannelHandlerContext.java:412)
		at io.netty.handler.codec.MessageToMessageDecoder.channelRead(MessageToMessageDecoder.java:107)
		at io.netty.channel.AbstractChannelHandlerContext.invokeChannelRead(AbstractChannelHandlerContext.java:444)
		at io.netty.channel.AbstractChannelHandlerContext.invokeChannelRead(AbstractChannelHandlerContext.java:420)
		at io.netty.channel.AbstractChannelHandlerContext.fireChannelRead(AbstractChannelHandlerContext.java:412)
		at io.netty.channel.CombinedChannelDuplexHandler$DelegatingChannelHandlerContext.fireChannelRead(CombinedChannelDuplexHandler.java:436)
		at io.netty.handler.codec.ByteToMessageDecoder.fireChannelRead(ByteToMessageDecoder.java:346)
		at io.netty.handler.codec.ByteToMessageDecoder.fireChannelRead(ByteToMessageDecoder.java:333)
		at io.netty.handler.codec.ByteToMessageDecoder.callDecode(ByteToMessageDecoder.java:455)
		at io.netty.handler.codec.ByteToMessageDecoder.channelRead(ByteToMessageDecoder.java:290)
		at io.netty.channel.CombinedChannelDuplexHandler.channelRead(CombinedChannelDuplexHandler.java:251)
		at io.netty.channel.AbstractChannelHandlerContext.invokeChannelRead(AbstractChannelHandlerContext.java:442)
		at io.netty.channel.AbstractChannelHandlerContext.invokeChannelRead(AbstractChannelHandlerContext.java:420)
		at io.netty.channel.AbstractChannelHandlerContext.fireChannelRead(AbstractChannelHandlerContext.java:412)
		at io.netty.channel.DefaultChannelPipeline$HeadContext.channelRead(DefaultChannelPipeline.java:1357)
		at io.netty.channel.AbstractChannelHandlerContext.invokeChannelRead(AbstractChannelHandlerContext.java:440)
		at io.netty.channel.AbstractChannelHandlerContext.invokeChannelRead(AbstractChannelHandlerContext.java:420)
		at io.netty.channel.DefaultChannelPipeline.fireChannelRead(DefaultChannelPipeline.java:868)
		at io.netty.channel.nio.AbstractNioByteChannel$NioByteUnsafe.read(AbstractNioByteChannel.java:166)
		at io.netty.channel.nio.NioEventLoop.processSelectedKey(NioEventLoop.java:796)
		at io.netty.channel.nio.NioEventLoop.processSelectedKeysOptimized(NioEventLoop.java:732)
		at io.netty.channel.nio.NioEventLoop.processSelectedKeys(NioEventLoop.java:658)
		at io.netty.channel.nio.NioEventLoop.run(NioEventLoop.java:562)
		at io.netty.util.concurrent.SingleThreadEventExecutor$4.run(SingleThreadEventExecutor.java:998)
		at io.netty.util.internal.ThreadExecutorMap$2.run(ThreadExecutorMap.java:74)
		at io.netty.util.concurrent.FastThreadLocalRunnable.run(FastThreadLocalRunnable.java:30)
		at java.base/java.lang.Thread.run(Thread.java:842)
2025-04-20 15:31:16-976 [background-preinit] INFO  o.h.validator.internal.util.Version - HV000001: Hibernate Validator 8.0.2.Final 
2025-04-20 15:31:17-018 [main] INFO  c.b.r.b.b.ResumeBalanceBotApplication - Starting ResumeBalanceBotApplication using Java 17.0.12 with PID 26352 (C:\Users\mgarcsar\Documents\Bootcamp\etregables\resume-balance-bot\target\classes started by mgarcsar in C:\Users\mgarcsar\Documents\Bootcamp\etregables\resume-balance-bot) 
2025-04-20 15:31:17-019 [main] INFO  c.b.r.b.b.ResumeBalanceBotApplication - The following 1 profile is active: "local" 
2025-04-20 15:31:17-053 [main] INFO  o.s.c.c.c.ConfigServerConfigDataLoader - Fetching config from server at : http://localhost:8888 
2025-04-20 15:31:17-053 [main] INFO  o.s.c.c.c.ConfigServerConfigDataLoader - Located environment: name=resume-balance-bot, profiles=[default], label=null, version=5a7a97dd55033225eab016a6e8a81b123bbbd9e0, state= 
2025-04-20 15:31:17-054 [main] INFO  o.s.c.c.c.ConfigServerConfigDataLoader - Fetching config from server at : http://localhost:8888 
2025-04-20 15:31:17-054 [main] INFO  o.s.c.c.c.ConfigServerConfigDataLoader - Located environment: name=resume-balance-bot, profiles=[local], label=null, version=5a7a97dd55033225eab016a6e8a81b123bbbd9e0, state= 
2025-04-20 15:31:17-929 [main] INFO  o.s.cloud.context.scope.GenericScope - BeanFactory id=558b01df-a481-3acf-835c-3805a4461b92 
2025-04-20 15:31:19-533 [main] INFO  o.s.b.a.e.web.EndpointLinksResolver - Exposing 2 endpoints beneath base path '/actuator' 
2025-04-20 15:31:20-004 [main] INFO  o.s.c.n.e.c.DiscoveryClientOptionalArgsConfiguration - Eureka HTTP Client uses RestTemplate. 
2025-04-20 15:31:20-073 [main] WARN  o.s.c.l.c.LoadBalancerCacheAutoConfiguration$LoadBalancerCaffeineWarnLogger - Spring Cloud LoadBalancer is currently working with the default cache. While this cache implementation is useful for development and tests, it's recommended to use Caffeine cache in production.You can switch to using Caffeine cache, by adding it and org.springframework.cache.caffeine.CaffeineCacheManager to the classpath. 
2025-04-20 15:31:20-148 [main] INFO  o.s.c.n.eureka.InstanceInfoFactory - Setting initial instance status as: STARTING 
2025-04-20 15:31:20-175 [main] INFO  c.netflix.discovery.DiscoveryClient - Initializing Eureka in region us-east-1 
2025-04-20 15:31:20-181 [main] INFO  c.n.d.s.r.aws.ConfigClusterResolver - Resolving eureka endpoints via configuration 
2025-04-20 15:31:20-192 [main] INFO  c.netflix.discovery.DiscoveryClient - Disable delta property : false 
2025-04-20 15:31:20-193 [main] INFO  c.netflix.discovery.DiscoveryClient - Single vip registry refresh property : null 
2025-04-20 15:31:20-193 [main] INFO  c.netflix.discovery.DiscoveryClient - Force full registry fetch : false 
2025-04-20 15:31:20-193 [main] INFO  c.netflix.discovery.DiscoveryClient - Application is null : false 
2025-04-20 15:31:20-193 [main] INFO  c.netflix.discovery.DiscoveryClient - Registered Applications size is zero : true 
2025-04-20 15:31:20-193 [main] INFO  c.netflix.discovery.DiscoveryClient - Application version is -1: true 
2025-04-20 15:31:20-193 [main] INFO  c.netflix.discovery.DiscoveryClient - Getting all instance registry info from the eureka server 
2025-04-20 15:31:20-465 [main] INFO  c.netflix.discovery.DiscoveryClient - The response status is 200 
2025-04-20 15:31:20-467 [main] INFO  c.netflix.discovery.DiscoveryClient - Starting heartbeat executor: renew interval is: 30 
2025-04-20 15:31:20-470 [main] INFO  c.n.discovery.InstanceInfoReplicator - InstanceInfoReplicator onDemand update allowed rate per min is 4 
2025-04-20 15:31:20-471 [main] INFO  c.netflix.discovery.DiscoveryClient - Discovery Client initialized at timestamp 1745181080471 with initial instances count: 4 
2025-04-20 15:31:20-478 [main] INFO  o.s.c.n.e.s.EurekaServiceRegistry - Registering application RESUME-BALANCE-BOT with eureka with status UP 
2025-04-20 15:31:20-480 [main] INFO  c.netflix.discovery.DiscoveryClient - Saw local status change event StatusChangeEvent [timestamp=1745181080479, current=UP, previous=STARTING] 
2025-04-20 15:31:20-482 [DiscoveryClient-InstanceInfoReplicator-%d] INFO  c.netflix.discovery.DiscoveryClient - DiscoveryClient_RESUME-BALANCE-BOT/resume-balance-bot:8787: registering service... 
2025-04-20 15:31:20-515 [DiscoveryClient-InstanceInfoReplicator-%d] INFO  c.netflix.discovery.DiscoveryClient - DiscoveryClient_RESUME-BALANCE-BOT/resume-balance-bot:8787 - registration status: 204 
2025-04-20 15:31:20-675 [main] INFO  o.s.b.w.e.netty.NettyWebServer - Netty started on port 8787 (http) 
2025-04-20 15:31:20-676 [main] INFO  o.s.c.n.e.s.EurekaAutoServiceRegistration - Updating port to 8787 
2025-04-20 15:31:20-941 [main] INFO  c.b.r.b.b.ResumeBalanceBotApplication - Started ResumeBalanceBotApplication in 7.436 seconds (process running for 8.893) 
2025-04-20 15:32:02-881 [scheduling-1] INFO  c.b.r.b.b.connector.ProductConnector - API get products 
2025-04-20 15:32:02-902 [scheduling-1] INFO  c.b.r.b.b.config.WebClientProductApi - Request: GET,  http://localhost:8383/api/products 
2025-04-20 15:32:03-038 [reactor-http-nio-3] INFO  c.b.r.b.b.config.WebClientProductApi - Response status: 200 OK 
2025-04-20 15:32:03-065 [reactor-http-nio-3] INFO  c.b.r.b.b.connector.ProductConnector - API getting product: {"id":"67f9cc806e374c0902dcdb73","productType":"SA","amountOfOpen":10.0,"accountNumber":"SA01-7689199523","hasPlasticCard":true,"cardNumber":"67fd7f29c1328463019a244a","createdDate":[2025,4,12],"customer":{"customerId":"67ec1a41fabf6d0f4ada9865"}} 
2025-04-20 15:32:03-065 [reactor-http-nio-3] INFO  c.b.r.b.b.service.ResumeServiceImpl - 1. Getting products SA. 
2025-04-20 15:32:03-065 [reactor-http-nio-3] INFO  c.b.r.b.b.service.ResumeServiceImpl - 2. Creating resume request of product 67f9cc806e374c0902dcdb73. 
2025-04-20 15:32:03-065 [reactor-http-nio-3] INFO  c.b.r.b.b.connector.ProductConnector - API findBalanceByProductId RQ: 67f9cc806e374c0902dcdb73 
2025-04-20 15:32:03-067 [reactor-http-nio-3] INFO  c.b.r.b.b.config.WebClientProductApi - Request: GET,  http://localhost:8383/api/products/67f9cc806e374c0902dcdb73/balance 
2025-04-20 15:32:03-071 [reactor-http-nio-3] INFO  c.b.r.b.b.connector.ProductConnector - API getting product: {"id":"67f9cd80200fc270ce30e284","productType":"CA","amountOfOpen":10.0,"accountNumber":"CA01-8730016551","hasPlasticCard":true,"cardNumber":"67fd7f29c1328463019a244a","createdDate":[2025,4,11],"customer":{"customerId":"67ec1a41fabf6d0f4ada9865"}} 
2025-04-20 15:32:03-071 [reactor-http-nio-3] INFO  c.b.r.b.b.service.ResumeServiceImpl - 1. Getting products SA. 
2025-04-20 15:32:03-071 [reactor-http-nio-3] INFO  c.b.r.b.b.service.ResumeServiceImpl - 2. Creating resume request of product 67f9cd80200fc270ce30e284. 
2025-04-20 15:32:03-071 [reactor-http-nio-3] INFO  c.b.r.b.b.connector.ProductConnector - API findBalanceByProductId RQ: 67f9cd80200fc270ce30e284 
2025-04-20 15:32:03-072 [reactor-http-nio-3] INFO  c.b.r.b.b.config.WebClientProductApi - Request: GET,  http://localhost:8383/api/products/67f9cd80200fc270ce30e284/balance 
2025-04-20 15:32:03-074 [reactor-http-nio-3] INFO  c.b.r.b.b.connector.ProductConnector - API getting product: {"id":"67f9e1c9fe034d395c6d23b3","productType":"FA","amountOfOpen":100.0,"accountNumber":"FA01-9408688263","hasPlasticCard":true,"cardNumber":"67fd7f29c1328463019a244a","createdDate":[2025,4,11],"customer":{"customerId":"67ec1a41fabf6d0f4ada9865"}} 
2025-04-20 15:32:03-074 [reactor-http-nio-3] INFO  c.b.r.b.b.service.ResumeServiceImpl - 1. Getting products SA. 
2025-04-20 15:32:03-074 [reactor-http-nio-3] INFO  c.b.r.b.b.service.ResumeServiceImpl - 2. Creating resume request of product 67f9e1c9fe034d395c6d23b3. 
2025-04-20 15:32:03-074 [reactor-http-nio-3] INFO  c.b.r.b.b.connector.ProductConnector - API findBalanceByProductId RQ: 67f9e1c9fe034d395c6d23b3 
2025-04-20 15:32:03-075 [reactor-http-nio-3] INFO  c.b.r.b.b.config.WebClientProductApi - Request: GET,  http://localhost:8383/api/products/67f9e1c9fe034d395c6d23b3/balance 
2025-04-20 15:32:03-077 [reactor-http-nio-3] INFO  c.b.r.b.b.connector.ProductConnector - API getting product: {"id":"67fabf94ec8287214a828c9c","productType":"CC","amountOfOpen":100.0,"accountNumber":"CC01-4406914878","hasPlasticCard":true,"cardNumber":"67fd811bc1328463019a244c","createdDate":[2025,4,12],"customer":{"customerId":"67ec1a41fabf6d0f4ada9865"}} 
2025-04-20 15:32:03-077 [reactor-http-nio-3] INFO  c.b.r.b.b.service.ResumeServiceImpl - 1. Getting products SA. 
2025-04-20 15:32:03-077 [reactor-http-nio-3] INFO  c.b.r.b.b.service.ResumeServiceImpl - 2. Creating resume request of product 67fabf94ec8287214a828c9c. 
2025-04-20 15:32:03-077 [reactor-http-nio-3] INFO  c.b.r.b.b.connector.ProductConnector - API findBalanceByProductId RQ: 67fabf94ec8287214a828c9c 
2025-04-20 15:32:03-078 [reactor-http-nio-3] INFO  c.b.r.b.b.config.WebClientProductApi - Request: GET,  http://localhost:8383/api/products/67fabf94ec8287214a828c9c/balance 
2025-04-20 15:32:03-080 [reactor-http-nio-3] INFO  c.b.r.b.b.connector.ProductConnector - API getting product: {"id":"67fac6ee3d4d5b2abeb89be8","productType":"CC","amountOfOpen":0.0,"accountNumber":"CC01-1698441355","hasPlasticCard":true,"createdDate":[2025,4,12],"customer":{"customerId":"67ec1aa7fabf6d0f4ada9868"}} 
2025-04-20 15:32:03-080 [reactor-http-nio-3] INFO  c.b.r.b.b.service.ResumeServiceImpl - 1. Getting products SA. 
2025-04-20 15:32:03-080 [reactor-http-nio-3] INFO  c.b.r.b.b.service.ResumeServiceImpl - 2. Creating resume request of product 67fac6ee3d4d5b2abeb89be8. 
2025-04-20 15:32:03-080 [reactor-http-nio-3] INFO  c.b.r.b.b.connector.ProductConnector - API findBalanceByProductId RQ: 67fac6ee3d4d5b2abeb89be8 
2025-04-20 15:32:03-081 [reactor-http-nio-3] INFO  c.b.r.b.b.config.WebClientProductApi - Request: GET,  http://localhost:8383/api/products/67fac6ee3d4d5b2abeb89be8/balance 
2025-04-20 15:32:03-084 [reactor-http-nio-3] INFO  c.b.r.b.b.connector.ProductConnector - API getting product: {"id":"67fac6f73d4d5b2abeb89bea","productType":"SA","amountOfOpen":0.0,"accountNumber":"SA01-3755826271","hasPlasticCard":true,"createdDate":[2025,4,12],"customer":{"customerId":"67ec1aa7fabf6d0f4ada9868"}} 
2025-04-20 15:32:03-084 [reactor-http-nio-3] INFO  c.b.r.b.b.service.ResumeServiceImpl - 1. Getting products SA. 
2025-04-20 15:32:03-084 [reactor-http-nio-3] INFO  c.b.r.b.b.service.ResumeServiceImpl - 2. Creating resume request of product 67fac6f73d4d5b2abeb89bea. 
2025-04-20 15:32:03-084 [reactor-http-nio-3] INFO  c.b.r.b.b.connector.ProductConnector - API findBalanceByProductId RQ: 67fac6f73d4d5b2abeb89bea 
2025-04-20 15:32:03-084 [reactor-http-nio-3] INFO  c.b.r.b.b.config.WebClientProductApi - Request: GET,  http://localhost:8383/api/products/67fac6f73d4d5b2abeb89bea/balance 
2025-04-20 15:32:03-088 [reactor-http-nio-3] INFO  c.b.r.b.b.connector.ProductConnector - API getting product: {"id":"67fb3aaa3d4d5b2abeb89bec","productType":"SA","amountOfOpen":1000.0,"accountNumber":"SA01-4830318062","hasPlasticCard":true,"createdDate":[2025,4,12],"customer":{"customerId":"67ec1aa7fabf6d0f4ada9868"}} 
2025-04-20 15:32:03-088 [reactor-http-nio-3] INFO  c.b.r.b.b.service.ResumeServiceImpl - 1. Getting products SA. 
2025-04-20 15:32:03-088 [reactor-http-nio-3] INFO  c.b.r.b.b.service.ResumeServiceImpl - 2. Creating resume request of product 67fb3aaa3d4d5b2abeb89bec. 
2025-04-20 15:32:03-088 [reactor-http-nio-3] INFO  c.b.r.b.b.connector.ProductConnector - API findBalanceByProductId RQ: 67fb3aaa3d4d5b2abeb89bec 
2025-04-20 15:32:03-089 [reactor-http-nio-3] INFO  c.b.r.b.b.config.WebClientProductApi - Request: GET,  http://localhost:8383/api/products/67fb3aaa3d4d5b2abeb89bec/balance 
2025-04-20 15:32:03-091 [reactor-http-nio-3] INFO  c.b.r.b.b.connector.ProductConnector - API getting product: {"id":"67fe92e0f83aa2186dd5e69c","productType":"SA","amountOfOpen":1000.0,"accountNumber":"SA01-3509644191","hasPlasticCard":true,"createdDate":[2025,4,15],"customer":{"customerId":"67ec1aa7fabf6d0f4ada9868"}} 
2025-04-20 15:32:03-092 [reactor-http-nio-3] INFO  c.b.r.b.b.service.ResumeServiceImpl - 1. Getting products SA. 
2025-04-20 15:32:03-092 [reactor-http-nio-3] INFO  c.b.r.b.b.service.ResumeServiceImpl - 2. Creating resume request of product 67fe92e0f83aa2186dd5e69c. 
2025-04-20 15:32:03-092 [reactor-http-nio-3] INFO  c.b.r.b.b.connector.ProductConnector - API findBalanceByProductId RQ: 67fe92e0f83aa2186dd5e69c 
2025-04-20 15:32:03-092 [reactor-http-nio-3] INFO  c.b.r.b.b.config.WebClientProductApi - Request: GET,  http://localhost:8383/api/products/67fe92e0f83aa2186dd5e69c/balance 
2025-04-20 15:32:03-094 [reactor-http-nio-3] INFO  c.b.r.b.b.connector.ProductConnector - API getting product: {"id":"67fe9360f83aa2186dd5e69e","productType":"SA","amountOfOpen":1000.0,"accountNumber":"SA01-9811236276","hasPlasticCard":true,"createdDate":[2025,4,15],"customer":{"customerId":"67ec1aa7fabf6d0f4ada9868"}} 
2025-04-20 15:32:03-094 [reactor-http-nio-3] INFO  c.b.r.b.b.service.ResumeServiceImpl - 1. Getting products SA. 
2025-04-20 15:32:03-095 [reactor-http-nio-3] INFO  c.b.r.b.b.service.ResumeServiceImpl - 2. Creating resume request of product 67fe9360f83aa2186dd5e69e. 
2025-04-20 15:32:03-095 [reactor-http-nio-3] INFO  c.b.r.b.b.connector.ProductConnector - API findBalanceByProductId RQ: 67fe9360f83aa2186dd5e69e 
2025-04-20 15:32:03-095 [reactor-http-nio-3] INFO  c.b.r.b.b.config.WebClientProductApi - Request: GET,  http://localhost:8383/api/products/67fe9360f83aa2186dd5e69e/balance 
2025-04-20 15:32:03-097 [reactor-http-nio-3] INFO  c.b.r.b.b.connector.ProductConnector - API getting product: {"id":"67fe9db2f83aa2186dd5e6a0","productType":"SA","amountOfOpen":1000.0,"accountNumber":"SA01-2207291036","hasPlasticCard":true,"createdDate":[2025,4,15],"customer":{"customerId":"67ec1aa7fabf6d0f4ada9868"}} 
2025-04-20 15:32:03-097 [reactor-http-nio-3] INFO  c.b.r.b.b.service.ResumeServiceImpl - 1. Getting products SA. 
2025-04-20 15:32:03-097 [reactor-http-nio-3] INFO  c.b.r.b.b.service.ResumeServiceImpl - 2. Creating resume request of product 67fe9db2f83aa2186dd5e6a0. 
2025-04-20 15:32:03-097 [reactor-http-nio-3] INFO  c.b.r.b.b.connector.ProductConnector - API findBalanceByProductId RQ: 67fe9db2f83aa2186dd5e6a0 
2025-04-20 15:32:03-098 [reactor-http-nio-3] INFO  c.b.r.b.b.config.WebClientProductApi - Request: GET,  http://localhost:8383/api/products/67fe9db2f83aa2186dd5e6a0/balance 
2025-04-20 15:32:03-100 [reactor-http-nio-3] INFO  c.b.r.b.b.connector.ProductConnector - API getting product: {"id":"67fec9835c652468edc457d0","productType":"CA","amountOfOpen":1000.0,"accountNumber":"CA01-3433862793","hasPlasticCard":false,"createdDate":[2025,4,15],"customer":{"customerId":"67ec1a63fabf6d0f4ada9866"},"holders":[{"fullName":"ABRAHAM  BERMEJO","email":"mail@gmail.commmm","phone":"11111","identification":{"typeIdentification":"DNI","numberIdentification":"444"}}],"authorizedSignatories":[{"fullName":"VERONICA ARANGO YAMASHIRO","email":"mail@gmail.commmm","phone":"2222222","identification":{"typeIdentification":"DNI","numberIdentification":"22222"}}]} 
2025-04-20 15:32:03-100 [reactor-http-nio-3] INFO  c.b.r.b.b.service.ResumeServiceImpl - 1. Getting products SA. 
2025-04-20 15:32:03-100 [reactor-http-nio-3] INFO  c.b.r.b.b.service.ResumeServiceImpl - 2. Creating resume request of product 67fec9835c652468edc457d0. 
2025-04-20 15:32:03-100 [reactor-http-nio-3] INFO  c.b.r.b.b.connector.ProductConnector - API findBalanceByProductId RQ: 67fec9835c652468edc457d0 
2025-04-20 15:32:03-101 [reactor-http-nio-3] INFO  c.b.r.b.b.config.WebClientProductApi - Request: GET,  http://localhost:8383/api/products/67fec9835c652468edc457d0/balance 
2025-04-20 15:32:03-129 [reactor-http-nio-3] INFO  c.b.r.b.b.config.WebClientProductApi - Response status: 200 OK 
2025-04-20 15:32:03-142 [reactor-http-nio-3] INFO  c.b.r.b.b.connector.ProductConnector - API findBalanceByProductId RS: {"creditLimit":0.0,"creditLimitUsed":0.0,"creditEnabledToUse":0.0,"totalAmountInAccount":505.0} 
2025-04-20 15:32:03-143 [reactor-http-nio-3] INFO  c.b.r.b.b.service.ResumeServiceImpl - 3. Balance of product 67f9cc806e374c0902dcdb73, {"creditLimit":0.0,"creditLimitUsed":0.0,"creditEnabledToUse":0.0,"totalAmountInAccount":505.0} 
2025-04-20 15:32:03-149 [reactor-http-nio-3] INFO  c.b.r.b.b.connector.FinanceConnector - API Create Resume RQ: {"scanAvailable":true} 
2025-04-20 15:32:03-151 [reactor-http-nio-3] INFO  c.b.r.b.b.connector.FinanceConnector - API Create resume RQ: {"productType":"CUENTA DE AHORROS","productId":"67f9cc806e374c0902dcdb73","customerId":"67ec1a41fabf6d0f4ada9865","creditEnabledToUse":0.0,"creditLimitTotal":0.0,"creditLimitUsed":0.0,"totalAmountInAccount":505.0,"informDate":[2025,4,20]} 
2025-04-20 15:32:03-153 [reactor-http-nio-3] INFO  c.b.r.b.b.config.WebClientFinanceApi - Request: POST,  http://localhost:8686/api/finance/resumes 
2025-04-20 15:32:03-155 [reactor-http-nio-3] INFO  c.b.r.b.b.config.WebClientProductApi - Response status: 200 OK 
2025-04-20 15:32:03-157 [reactor-http-nio-3] INFO  c.b.r.b.b.connector.ProductConnector - API findBalanceByProductId RS: {"creditLimit":0.0,"creditLimitUsed":0.0,"creditEnabledToUse":0.0,"totalAmountInAccount":100.0} 
2025-04-20 15:32:03-157 [reactor-http-nio-3] INFO  c.b.r.b.b.service.ResumeServiceImpl - 3. Balance of product 67f9e1c9fe034d395c6d23b3, {"creditLimit":0.0,"creditLimitUsed":0.0,"creditEnabledToUse":0.0,"totalAmountInAccount":100.0} 
2025-04-20 15:32:03-158 [reactor-http-nio-3] INFO  c.b.r.b.b.connector.FinanceConnector - API Create Resume RQ: {"scanAvailable":true} 
2025-04-20 15:32:03-159 [reactor-http-nio-3] INFO  c.b.r.b.b.connector.FinanceConnector - API Create resume RQ: {"productType":"PLAZO FIJO","productId":"67f9e1c9fe034d395c6d23b3","customerId":"67ec1a41fabf6d0f4ada9865","creditEnabledToUse":0.0,"creditLimitTotal":0.0,"creditLimitUsed":0.0,"totalAmountInAccount":100.0,"informDate":[2025,4,20]} 
2025-04-20 15:32:03-159 [reactor-http-nio-3] INFO  c.b.r.b.b.config.WebClientFinanceApi - Request: POST,  http://localhost:8686/api/finance/resumes 
2025-04-20 15:32:03-161 [reactor-http-nio-3] INFO  c.b.r.b.b.config.WebClientProductApi - Response status: 200 OK 
2025-04-20 15:32:03-162 [reactor-http-nio-3] INFO  c.b.r.b.b.connector.ProductConnector - API findBalanceByProductId RS: {"creditLimit":3000.0,"creditLimitUsed":80.0,"creditEnabledToUse":2920.0,"totalAmountInAccount":0.0} 
2025-04-20 15:32:03-163 [reactor-http-nio-3] INFO  c.b.r.b.b.service.ResumeServiceImpl - 3. Balance of product 67fabf94ec8287214a828c9c, {"creditLimit":3000.0,"creditLimitUsed":80.0,"creditEnabledToUse":2920.0,"totalAmountInAccount":0.0} 
2025-04-20 15:32:03-164 [reactor-http-nio-3] INFO  c.b.r.b.b.connector.FinanceConnector - API Create Resume RQ: {"scanAvailable":true} 
2025-04-20 15:32:03-165 [reactor-http-nio-3] INFO  c.b.r.b.b.connector.FinanceConnector - API Create resume RQ: {"productType":"TARJETA DE CREDITO","productId":"67fabf94ec8287214a828c9c","customerId":"67ec1a41fabf6d0f4ada9865","creditEnabledToUse":2920.0,"creditLimitTotal":3000.0,"creditLimitUsed":80.0,"totalAmountInAccount":0.0,"informDate":[2025,4,20]} 
2025-04-20 15:32:03-166 [reactor-http-nio-3] INFO  c.b.r.b.b.config.WebClientFinanceApi - Request: POST,  http://localhost:8686/api/finance/resumes 
2025-04-20 15:32:03-167 [reactor-http-nio-3] INFO  c.b.r.b.b.config.WebClientProductApi - Response status: 200 OK 
2025-04-20 15:32:03-169 [reactor-http-nio-3] INFO  c.b.r.b.b.connector.ProductConnector - API findBalanceByProductId RS: {"creditLimit":3000.0,"creditLimitUsed":0.0,"creditEnabledToUse":3000.0,"totalAmountInAccount":0.0} 
2025-04-20 15:32:03-170 [reactor-http-nio-3] INFO  c.b.r.b.b.service.ResumeServiceImpl - 3. Balance of product 67fac6ee3d4d5b2abeb89be8, {"creditLimit":3000.0,"creditLimitUsed":0.0,"creditEnabledToUse":3000.0,"totalAmountInAccount":0.0} 
2025-04-20 15:32:03-172 [reactor-http-nio-3] INFO  c.b.r.b.b.connector.FinanceConnector - API Create Resume RQ: {"scanAvailable":true} 
2025-04-20 15:32:03-173 [reactor-http-nio-3] INFO  c.b.r.b.b.connector.FinanceConnector - API Create resume RQ: {"productType":"TARJETA DE CREDITO","productId":"67fac6ee3d4d5b2abeb89be8","customerId":"67ec1aa7fabf6d0f4ada9868","creditEnabledToUse":3000.0,"creditLimitTotal":3000.0,"creditLimitUsed":0.0,"totalAmountInAccount":0.0,"informDate":[2025,4,20]} 
2025-04-20 15:32:03-174 [reactor-http-nio-3] INFO  c.b.r.b.b.config.WebClientFinanceApi - Request: POST,  http://localhost:8686/api/finance/resumes 
2025-04-20 15:32:03-176 [reactor-http-nio-3] INFO  c.b.r.b.b.config.WebClientProductApi - Response status: 200 OK 
2025-04-20 15:32:03-178 [reactor-http-nio-3] INFO  c.b.r.b.b.connector.ProductConnector - API findBalanceByProductId RS: {"creditLimit":0.0,"creditLimitUsed":0.0,"creditEnabledToUse":0.0,"totalAmountInAccount":1280.0} 
2025-04-20 15:32:03-178 [reactor-http-nio-3] INFO  c.b.r.b.b.service.ResumeServiceImpl - 3. Balance of product 67fac6f73d4d5b2abeb89bea, {"creditLimit":0.0,"creditLimitUsed":0.0,"creditEnabledToUse":0.0,"totalAmountInAccount":1280.0} 
2025-04-20 15:32:03-179 [reactor-http-nio-3] INFO  c.b.r.b.b.connector.FinanceConnector - API Create Resume RQ: {"scanAvailable":true} 
2025-04-20 15:32:03-180 [reactor-http-nio-3] INFO  c.b.r.b.b.connector.FinanceConnector - API Create resume RQ: {"productType":"CUENTA DE AHORROS","productId":"67fac6f73d4d5b2abeb89bea","customerId":"67ec1aa7fabf6d0f4ada9868","creditEnabledToUse":0.0,"creditLimitTotal":0.0,"creditLimitUsed":0.0,"totalAmountInAccount":1280.0,"informDate":[2025,4,20]} 
2025-04-20 15:32:03-181 [reactor-http-nio-3] INFO  c.b.r.b.b.config.WebClientFinanceApi - Request: POST,  http://localhost:8686/api/finance/resumes 
2025-04-20 15:32:03-182 [reactor-http-nio-3] INFO  c.b.r.b.b.config.WebClientProductApi - Response status: 200 OK 
2025-04-20 15:32:03-184 [reactor-http-nio-3] INFO  c.b.r.b.b.connector.ProductConnector - API findBalanceByProductId RS: {"creditLimit":0.0,"creditLimitUsed":0.0,"creditEnabledToUse":0.0,"totalAmountInAccount":1210.0} 
2025-04-20 15:32:03-185 [reactor-http-nio-3] INFO  c.b.r.b.b.service.ResumeServiceImpl - 3. Balance of product 67fb3aaa3d4d5b2abeb89bec, {"creditLimit":0.0,"creditLimitUsed":0.0,"creditEnabledToUse":0.0,"totalAmountInAccount":1210.0} 
2025-04-20 15:32:03-188 [reactor-http-nio-3] INFO  c.b.r.b.b.connector.FinanceConnector - API Create Resume RQ: {"scanAvailable":true} 
2025-04-20 15:32:03-189 [reactor-http-nio-3] INFO  c.b.r.b.b.connector.FinanceConnector - API Create resume RQ: {"productType":"CUENTA DE AHORROS","productId":"67fb3aaa3d4d5b2abeb89bec","customerId":"67ec1aa7fabf6d0f4ada9868","creditEnabledToUse":0.0,"creditLimitTotal":0.0,"creditLimitUsed":0.0,"totalAmountInAccount":1210.0,"informDate":[2025,4,20]} 
2025-04-20 15:32:03-190 [reactor-http-nio-3] INFO  c.b.r.b.b.config.WebClientFinanceApi - Request: POST,  http://localhost:8686/api/finance/resumes 
2025-04-20 15:32:03-197 [reactor-http-nio-3] INFO  c.b.r.b.b.config.WebClientProductApi - Response status: 200 OK 
2025-04-20 15:32:03-201 [reactor-http-nio-3] INFO  c.b.r.b.b.connector.ProductConnector - API findBalanceByProductId RS: {"creditLimit":0.0,"creditLimitUsed":0.0,"creditEnabledToUse":0.0,"totalAmountInAccount":3720.0} 
2025-04-20 15:32:03-202 [reactor-http-nio-3] INFO  c.b.r.b.b.service.ResumeServiceImpl - 3. Balance of product 67f9cd80200fc270ce30e284, {"creditLimit":0.0,"creditLimitUsed":0.0,"creditEnabledToUse":0.0,"totalAmountInAccount":3720.0} 
2025-04-20 15:32:03-205 [reactor-http-nio-3] INFO  c.b.r.b.b.connector.FinanceConnector - API Create Resume RQ: {"scanAvailable":true} 
2025-04-20 15:32:03-207 [reactor-http-nio-3] INFO  c.b.r.b.b.connector.FinanceConnector - API Create resume RQ: {"productType":"CUENTA CORRIENTE","productId":"67f9cd80200fc270ce30e284","customerId":"67ec1a41fabf6d0f4ada9865","creditEnabledToUse":0.0,"creditLimitTotal":0.0,"creditLimitUsed":0.0,"totalAmountInAccount":3720.0,"informDate":[2025,4,20]} 
2025-04-20 15:32:03-208 [reactor-http-nio-3] INFO  c.b.r.b.b.config.WebClientFinanceApi - Request: POST,  http://localhost:8686/api/finance/resumes 
2025-04-20 15:32:03-210 [reactor-http-nio-3] INFO  c.b.r.b.b.config.WebClientProductApi - Response status: 200 OK 
2025-04-20 15:32:03-212 [reactor-http-nio-3] INFO  c.b.r.b.b.connector.ProductConnector - API findBalanceByProductId RS: {"creditLimit":0.0,"creditLimitUsed":0.0,"creditEnabledToUse":0.0,"totalAmountInAccount":1000.0} 
2025-04-20 15:32:03-214 [reactor-http-nio-3] INFO  c.b.r.b.b.service.ResumeServiceImpl - 3. Balance of product 67fe92e0f83aa2186dd5e69c, {"creditLimit":0.0,"creditLimitUsed":0.0,"creditEnabledToUse":0.0,"totalAmountInAccount":1000.0} 
2025-04-20 15:32:03-215 [reactor-http-nio-3] INFO  c.b.r.b.b.connector.FinanceConnector - API Create Resume RQ: {"scanAvailable":true} 
2025-04-20 15:32:03-217 [reactor-http-nio-3] INFO  c.b.r.b.b.connector.FinanceConnector - API Create resume RQ: {"productType":"CUENTA DE AHORROS","productId":"67fe92e0f83aa2186dd5e69c","customerId":"67ec1aa7fabf6d0f4ada9868","creditEnabledToUse":0.0,"creditLimitTotal":0.0,"creditLimitUsed":0.0,"totalAmountInAccount":1000.0,"informDate":[2025,4,20]} 
2025-04-20 15:32:03-218 [reactor-http-nio-3] INFO  c.b.r.b.b.config.WebClientFinanceApi - Request: POST,  http://localhost:8686/api/finance/resumes 
2025-04-20 15:32:03-220 [reactor-http-nio-3] INFO  c.b.r.b.b.config.WebClientProductApi - Response status: 200 OK 
2025-04-20 15:32:03-222 [reactor-http-nio-3] INFO  c.b.r.b.b.connector.ProductConnector - API findBalanceByProductId RS: {"creditLimit":0.0,"creditLimitUsed":0.0,"creditEnabledToUse":0.0,"totalAmountInAccount":1000.0} 
2025-04-20 15:32:03-223 [reactor-http-nio-3] INFO  c.b.r.b.b.service.ResumeServiceImpl - 3. Balance of product 67fe9360f83aa2186dd5e69e, {"creditLimit":0.0,"creditLimitUsed":0.0,"creditEnabledToUse":0.0,"totalAmountInAccount":1000.0} 
2025-04-20 15:32:03-225 [reactor-http-nio-3] INFO  c.b.r.b.b.connector.FinanceConnector - API Create Resume RQ: {"scanAvailable":true} 
2025-04-20 15:32:03-227 [reactor-http-nio-3] INFO  c.b.r.b.b.connector.FinanceConnector - API Create resume RQ: {"productType":"CUENTA DE AHORROS","productId":"67fe9360f83aa2186dd5e69e","customerId":"67ec1aa7fabf6d0f4ada9868","creditEnabledToUse":0.0,"creditLimitTotal":0.0,"creditLimitUsed":0.0,"totalAmountInAccount":1000.0,"informDate":[2025,4,20]} 
2025-04-20 15:32:03-228 [reactor-http-nio-3] INFO  c.b.r.b.b.config.WebClientFinanceApi - Request: POST,  http://localhost:8686/api/finance/resumes 
2025-04-20 15:32:03-230 [reactor-http-nio-3] INFO  c.b.r.b.b.config.WebClientProductApi - Response status: 200 OK 
2025-04-20 15:32:03-232 [reactor-http-nio-3] INFO  c.b.r.b.b.connector.ProductConnector - API findBalanceByProductId RS: {"creditLimit":0.0,"creditLimitUsed":0.0,"creditEnabledToUse":0.0,"totalAmountInAccount":1000.0} 
2025-04-20 15:32:03-233 [reactor-http-nio-3] INFO  c.b.r.b.b.service.ResumeServiceImpl - 3. Balance of product 67fe9db2f83aa2186dd5e6a0, {"creditLimit":0.0,"creditLimitUsed":0.0,"creditEnabledToUse":0.0,"totalAmountInAccount":1000.0} 
2025-04-20 15:32:03-234 [reactor-http-nio-3] INFO  c.b.r.b.b.connector.FinanceConnector - API Create Resume RQ: {"scanAvailable":true} 
2025-04-20 15:32:03-235 [reactor-http-nio-3] INFO  c.b.r.b.b.connector.FinanceConnector - API Create resume RQ: {"productType":"CUENTA DE AHORROS","productId":"67fe9db2f83aa2186dd5e6a0","customerId":"67ec1aa7fabf6d0f4ada9868","creditEnabledToUse":0.0,"creditLimitTotal":0.0,"creditLimitUsed":0.0,"totalAmountInAccount":1000.0,"informDate":[2025,4,20]} 
2025-04-20 15:32:03-237 [reactor-http-nio-3] INFO  c.b.r.b.b.config.WebClientFinanceApi - Request: POST,  http://localhost:8686/api/finance/resumes 
2025-04-20 15:32:03-240 [reactor-http-nio-3] INFO  c.b.r.b.b.config.WebClientProductApi - Response status: 200 OK 
2025-04-20 15:32:03-242 [reactor-http-nio-3] INFO  c.b.r.b.b.connector.ProductConnector - API findBalanceByProductId RS: {"creditLimit":0.0,"creditLimitUsed":0.0,"creditEnabledToUse":0.0,"totalAmountInAccount":980.0} 
2025-04-20 15:32:03-242 [reactor-http-nio-3] INFO  c.b.r.b.b.service.ResumeServiceImpl - 3. Balance of product 67fec9835c652468edc457d0, {"creditLimit":0.0,"creditLimitUsed":0.0,"creditEnabledToUse":0.0,"totalAmountInAccount":980.0} 
2025-04-20 15:32:03-243 [reactor-http-nio-3] INFO  c.b.r.b.b.connector.FinanceConnector - API Create Resume RQ: {"scanAvailable":true} 
2025-04-20 15:32:03-244 [reactor-http-nio-3] INFO  c.b.r.b.b.connector.FinanceConnector - API Create resume RQ: {"productType":"CUENTA CORRIENTE","productId":"67fec9835c652468edc457d0","customerId":"67ec1a63fabf6d0f4ada9866","creditEnabledToUse":0.0,"creditLimitTotal":0.0,"creditLimitUsed":0.0,"totalAmountInAccount":980.0,"informDate":[2025,4,20]} 
2025-04-20 15:32:03-244 [reactor-http-nio-3] INFO  c.b.r.b.b.config.WebClientFinanceApi - Request: POST,  http://localhost:8686/api/finance/resumes 
2025-04-20 15:32:03-739 [reactor-http-nio-3] INFO  c.b.r.b.b.config.WebClientFinanceApi - Response status: 200 OK 
2025-04-20 15:32:03-742 [reactor-http-nio-3] INFO  c.b.r.b.b.connector.FinanceConnector - API Create Resume RS: {"id":"680559c3530ef227e49e8f4c","result":"true","productType":"CUENTA DE AHORROS","productId":"67fb3aaa3d4d5b2abeb89bec","customerId":"67ec1aa7fabf6d0f4ada9868","creditEnabledToUse":0.0,"creditLimitTotal":0.0,"creditLimitUsed":0.0,"totalAmountInAccount":1210.0} 
2025-04-20 15:32:03-743 [reactor-http-nio-3] INFO  c.b.r.b.b.service.ResumeServiceImpl - 4. Saving resume saved successfully: {"id":"680559c3530ef227e49e8f4c","result":"true","productType":"CUENTA DE AHORROS","productId":"67fb3aaa3d4d5b2abeb89bec","customerId":"67ec1aa7fabf6d0f4ada9868","creditEnabledToUse":0.0,"creditLimitTotal":0.0,"creditLimitUsed":0.0,"totalAmountInAccount":1210.0} 
2025-04-20 15:32:03-743 [reactor-http-nio-3] INFO  c.b.r.b.b.config.WebClientFinanceApi - Response status: 200 OK 
2025-04-20 15:32:03-745 [reactor-http-nio-3] INFO  c.b.r.b.b.connector.FinanceConnector - API Create Resume RS: {"id":"680559c3530ef227e49e8f53","result":"true","productType":"CUENTA CORRIENTE","productId":"67fec9835c652468edc457d0","customerId":"67ec1a63fabf6d0f4ada9866","creditEnabledToUse":0.0,"creditLimitTotal":0.0,"creditLimitUsed":0.0,"totalAmountInAccount":980.0} 
2025-04-20 15:32:03-746 [reactor-http-nio-3] INFO  c.b.r.b.b.service.ResumeServiceImpl - 4. Saving resume saved successfully: {"id":"680559c3530ef227e49e8f53","result":"true","productType":"CUENTA CORRIENTE","productId":"67fec9835c652468edc457d0","customerId":"67ec1a63fabf6d0f4ada9866","creditEnabledToUse":0.0,"creditLimitTotal":0.0,"creditLimitUsed":0.0,"totalAmountInAccount":980.0} 
2025-04-20 15:32:03-746 [reactor-http-nio-3] INFO  c.b.r.b.b.config.WebClientFinanceApi - Response status: 200 OK 
2025-04-20 15:32:03-748 [reactor-http-nio-3] INFO  c.b.r.b.b.connector.FinanceConnector - API Create Resume RS: {"id":"680559c3530ef227e49e8f4a","result":"true","productType":"CUENTA CORRIENTE","productId":"67f9cd80200fc270ce30e284","customerId":"67ec1a41fabf6d0f4ada9865","creditEnabledToUse":0.0,"creditLimitTotal":0.0,"creditLimitUsed":0.0,"totalAmountInAccount":3720.0} 
2025-04-20 15:32:03-748 [reactor-http-nio-3] INFO  c.b.r.b.b.service.ResumeServiceImpl - 4. Saving resume saved successfully: {"id":"680559c3530ef227e49e8f4a","result":"true","productType":"CUENTA CORRIENTE","productId":"67f9cd80200fc270ce30e284","customerId":"67ec1a41fabf6d0f4ada9865","creditEnabledToUse":0.0,"creditLimitTotal":0.0,"creditLimitUsed":0.0,"totalAmountInAccount":3720.0} 
2025-04-20 15:32:03-749 [reactor-http-nio-3] INFO  c.b.r.b.b.config.WebClientFinanceApi - Response status: 200 OK 
2025-04-20 15:32:03-750 [reactor-http-nio-3] INFO  c.b.r.b.b.connector.FinanceConnector - API Create Resume RS: {"id":"680559c3530ef227e49e8f4d","result":"true","productType":"CUENTA DE AHORROS","productId":"67fac6f73d4d5b2abeb89bea","customerId":"67ec1aa7fabf6d0f4ada9868","creditEnabledToUse":0.0,"creditLimitTotal":0.0,"creditLimitUsed":0.0,"totalAmountInAccount":1280.0} 
2025-04-20 15:32:03-751 [reactor-http-nio-3] INFO  c.b.r.b.b.service.ResumeServiceImpl - 4. Saving resume saved successfully: {"id":"680559c3530ef227e49e8f4d","result":"true","productType":"CUENTA DE AHORROS","productId":"67fac6f73d4d5b2abeb89bea","customerId":"67ec1aa7fabf6d0f4ada9868","creditEnabledToUse":0.0,"creditLimitTotal":0.0,"creditLimitUsed":0.0,"totalAmountInAccount":1280.0} 
2025-04-20 15:32:03-751 [reactor-http-nio-3] INFO  c.b.r.b.b.config.WebClientFinanceApi - Response status: 200 OK 
2025-04-20 15:32:03-752 [reactor-http-nio-3] INFO  c.b.r.b.b.connector.FinanceConnector - API Create Resume RS: {"id":"680559c3530ef227e49e8f4b","result":"true","productType":"CUENTA DE AHORROS","productId":"67f9cc806e374c0902dcdb73","customerId":"67ec1a41fabf6d0f4ada9865","creditEnabledToUse":0.0,"creditLimitTotal":0.0,"creditLimitUsed":0.0,"totalAmountInAccount":505.0} 
2025-04-20 15:32:03-752 [reactor-http-nio-3] INFO  c.b.r.b.b.service.ResumeServiceImpl - 4. Saving resume saved successfully: {"id":"680559c3530ef227e49e8f4b","result":"true","productType":"CUENTA DE AHORROS","productId":"67f9cc806e374c0902dcdb73","customerId":"67ec1a41fabf6d0f4ada9865","creditEnabledToUse":0.0,"creditLimitTotal":0.0,"creditLimitUsed":0.0,"totalAmountInAccount":505.0} 
2025-04-20 15:32:03-753 [reactor-http-nio-3] INFO  c.b.r.b.b.config.WebClientFinanceApi - Response status: 200 OK 
2025-04-20 15:32:03-754 [reactor-http-nio-3] INFO  c.b.r.b.b.connector.FinanceConnector - API Create Resume RS: {"id":"680559c3530ef227e49e8f52","result":"true","productType":"CUENTA DE AHORROS","productId":"67fe9db2f83aa2186dd5e6a0","customerId":"67ec1aa7fabf6d0f4ada9868","creditEnabledToUse":0.0,"creditLimitTotal":0.0,"creditLimitUsed":0.0,"totalAmountInAccount":1000.0} 
2025-04-20 15:32:03-755 [reactor-http-nio-3] INFO  c.b.r.b.b.service.ResumeServiceImpl - 4. Saving resume saved successfully: {"id":"680559c3530ef227e49e8f52","result":"true","productType":"CUENTA DE AHORROS","productId":"67fe9db2f83aa2186dd5e6a0","customerId":"67ec1aa7fabf6d0f4ada9868","creditEnabledToUse":0.0,"creditLimitTotal":0.0,"creditLimitUsed":0.0,"totalAmountInAccount":1000.0} 
2025-04-20 15:32:03-755 [reactor-http-nio-3] INFO  c.b.r.b.b.config.WebClientFinanceApi - Response status: 200 OK 
2025-04-20 15:32:03-756 [reactor-http-nio-3] INFO  c.b.r.b.b.connector.FinanceConnector - API Create Resume RS: {"id":"680559c3530ef227e49e8f51","result":"true","productType":"CUENTA DE AHORROS","productId":"67fe92e0f83aa2186dd5e69c","customerId":"67ec1aa7fabf6d0f4ada9868","creditEnabledToUse":0.0,"creditLimitTotal":0.0,"creditLimitUsed":0.0,"totalAmountInAccount":1000.0} 
2025-04-20 15:32:03-757 [reactor-http-nio-3] INFO  c.b.r.b.b.service.ResumeServiceImpl - 4. Saving resume saved successfully: {"id":"680559c3530ef227e49e8f51","result":"true","productType":"CUENTA DE AHORROS","productId":"67fe92e0f83aa2186dd5e69c","customerId":"67ec1aa7fabf6d0f4ada9868","creditEnabledToUse":0.0,"creditLimitTotal":0.0,"creditLimitUsed":0.0,"totalAmountInAccount":1000.0} 
2025-04-20 15:32:03-758 [reactor-http-nio-3] INFO  c.b.r.b.b.config.WebClientFinanceApi - Response status: 200 OK 
2025-04-20 15:32:03-759 [reactor-http-nio-3] INFO  c.b.r.b.b.connector.FinanceConnector - API Create Resume RS: {"id":"680559c3530ef227e49e8f4e","result":"true","productType":"TARJETA DE CREDITO","productId":"67fac6ee3d4d5b2abeb89be8","customerId":"67ec1aa7fabf6d0f4ada9868","creditEnabledToUse":3000.0,"creditLimitTotal":3000.0,"creditLimitUsed":0.0,"totalAmountInAccount":0.0} 
2025-04-20 15:32:03-761 [reactor-http-nio-3] INFO  c.b.r.b.b.service.ResumeServiceImpl - 4. Saving resume saved successfully: {"id":"680559c3530ef227e49e8f4e","result":"true","productType":"TARJETA DE CREDITO","productId":"67fac6ee3d4d5b2abeb89be8","customerId":"67ec1aa7fabf6d0f4ada9868","creditEnabledToUse":3000.0,"creditLimitTotal":3000.0,"creditLimitUsed":0.0,"totalAmountInAccount":0.0} 
2025-04-20 15:32:03-761 [reactor-http-nio-3] INFO  c.b.r.b.b.config.WebClientFinanceApi - Response status: 200 OK 
2025-04-20 15:32:03-763 [reactor-http-nio-3] INFO  c.b.r.b.b.connector.FinanceConnector - API Create Resume RS: {"id":"680559c3530ef227e49e8f50","result":"true","productType":"PLAZO FIJO","productId":"67f9e1c9fe034d395c6d23b3","customerId":"67ec1a41fabf6d0f4ada9865","creditEnabledToUse":0.0,"creditLimitTotal":0.0,"creditLimitUsed":0.0,"totalAmountInAccount":100.0} 
2025-04-20 15:32:03-763 [reactor-http-nio-3] INFO  c.b.r.b.b.service.ResumeServiceImpl - 4. Saving resume saved successfully: {"id":"680559c3530ef227e49e8f50","result":"true","productType":"PLAZO FIJO","productId":"67f9e1c9fe034d395c6d23b3","customerId":"67ec1a41fabf6d0f4ada9865","creditEnabledToUse":0.0,"creditLimitTotal":0.0,"creditLimitUsed":0.0,"totalAmountInAccount":100.0} 
2025-04-20 15:32:03-764 [reactor-http-nio-3] INFO  c.b.r.b.b.config.WebClientFinanceApi - Response status: 200 OK 
2025-04-20 15:32:03-765 [reactor-http-nio-3] INFO  c.b.r.b.b.connector.FinanceConnector - API Create Resume RS: {"id":"680559c3530ef227e49e8f54","result":"true","productType":"CUENTA DE AHORROS","productId":"67fe9360f83aa2186dd5e69e","customerId":"67ec1aa7fabf6d0f4ada9868","creditEnabledToUse":0.0,"creditLimitTotal":0.0,"creditLimitUsed":0.0,"totalAmountInAccount":1000.0} 
2025-04-20 15:32:03-766 [reactor-http-nio-3] INFO  c.b.r.b.b.service.ResumeServiceImpl - 4. Saving resume saved successfully: {"id":"680559c3530ef227e49e8f54","result":"true","productType":"CUENTA DE AHORROS","productId":"67fe9360f83aa2186dd5e69e","customerId":"67ec1aa7fabf6d0f4ada9868","creditEnabledToUse":0.0,"creditLimitTotal":0.0,"creditLimitUsed":0.0,"totalAmountInAccount":1000.0} 
2025-04-20 15:32:03-766 [reactor-http-nio-3] INFO  c.b.r.b.b.config.WebClientFinanceApi - Response status: 200 OK 
2025-04-20 15:32:03-767 [reactor-http-nio-3] INFO  c.b.r.b.b.connector.FinanceConnector - API Create Resume RS: {"id":"680559c3530ef227e49e8f4f","result":"true","productType":"TARJETA DE CREDITO","productId":"67fabf94ec8287214a828c9c","customerId":"67ec1a41fabf6d0f4ada9865","creditEnabledToUse":2920.0,"creditLimitTotal":3000.0,"creditLimitUsed":80.0,"totalAmountInAccount":0.0} 
2025-04-20 15:32:03-768 [reactor-http-nio-3] INFO  c.b.r.b.b.service.ResumeServiceImpl - 4. Saving resume saved successfully: {"id":"680559c3530ef227e49e8f4f","result":"true","productType":"TARJETA DE CREDITO","productId":"67fabf94ec8287214a828c9c","customerId":"67ec1a41fabf6d0f4ada9865","creditEnabledToUse":2920.0,"creditLimitTotal":3000.0,"creditLimitUsed":80.0,"totalAmountInAccount":0.0} 
2025-04-20 15:33:00-011 [scheduling-1] INFO  c.b.r.b.b.connector.ProductConnector - API get products 
2025-04-20 15:33:00-012 [scheduling-1] INFO  c.b.r.b.b.config.WebClientProductApi - Request: GET,  http://localhost:8383/api/products 
2025-04-20 15:33:00-024 [reactor-http-nio-3] INFO  c.b.r.b.b.config.WebClientProductApi - Response status: 200 OK 
2025-04-20 15:33:00-027 [reactor-http-nio-3] INFO  c.b.r.b.b.connector.ProductConnector - API getting product: {"id":"67f9cc806e374c0902dcdb73","productType":"SA","amountOfOpen":10.0,"accountNumber":"SA01-7689199523","hasPlasticCard":true,"cardNumber":"67fd7f29c1328463019a244a","createdDate":[2025,4,12],"customer":{"customerId":"67ec1a41fabf6d0f4ada9865"}} 
2025-04-20 15:33:00-027 [reactor-http-nio-3] INFO  c.b.r.b.b.service.ResumeServiceImpl - 1. Getting products SA. 
2025-04-20 15:33:00-027 [reactor-http-nio-3] INFO  c.b.r.b.b.service.ResumeServiceImpl - 2. Creating resume request of product 67f9cc806e374c0902dcdb73. 
2025-04-20 15:33:00-027 [reactor-http-nio-3] INFO  c.b.r.b.b.connector.ProductConnector - API findBalanceByProductId RQ: 67f9cc806e374c0902dcdb73 
2025-04-20 15:33:00-028 [reactor-http-nio-3] INFO  c.b.r.b.b.config.WebClientProductApi - Request: GET,  http://localhost:8383/api/products/67f9cc806e374c0902dcdb73/balance 
2025-04-20 15:33:00-031 [reactor-http-nio-3] INFO  c.b.r.b.b.connector.ProductConnector - API getting product: {"id":"67f9cd80200fc270ce30e284","productType":"CA","amountOfOpen":10.0,"accountNumber":"CA01-8730016551","hasPlasticCard":true,"cardNumber":"67fd7f29c1328463019a244a","createdDate":[2025,4,11],"customer":{"customerId":"67ec1a41fabf6d0f4ada9865"}} 
2025-04-20 15:33:00-031 [reactor-http-nio-3] INFO  c.b.r.b.b.service.ResumeServiceImpl - 1. Getting products SA. 
2025-04-20 15:33:00-031 [reactor-http-nio-3] INFO  c.b.r.b.b.service.ResumeServiceImpl - 2. Creating resume request of product 67f9cd80200fc270ce30e284. 
2025-04-20 15:33:00-031 [reactor-http-nio-3] INFO  c.b.r.b.b.connector.ProductConnector - API findBalanceByProductId RQ: 67f9cd80200fc270ce30e284 
2025-04-20 15:33:00-031 [reactor-http-nio-3] INFO  c.b.r.b.b.config.WebClientProductApi - Request: GET,  http://localhost:8383/api/products/67f9cd80200fc270ce30e284/balance 
2025-04-20 15:33:00-034 [reactor-http-nio-3] INFO  c.b.r.b.b.connector.ProductConnector - API getting product: {"id":"67f9e1c9fe034d395c6d23b3","productType":"FA","amountOfOpen":100.0,"accountNumber":"FA01-9408688263","hasPlasticCard":true,"cardNumber":"67fd7f29c1328463019a244a","createdDate":[2025,4,11],"customer":{"customerId":"67ec1a41fabf6d0f4ada9865"}} 
2025-04-20 15:33:00-035 [reactor-http-nio-3] INFO  c.b.r.b.b.service.ResumeServiceImpl - 1. Getting products SA. 
2025-04-20 15:33:00-035 [reactor-http-nio-3] INFO  c.b.r.b.b.service.ResumeServiceImpl - 2. Creating resume request of product 67f9e1c9fe034d395c6d23b3. 
2025-04-20 15:33:00-035 [reactor-http-nio-3] INFO  c.b.r.b.b.connector.ProductConnector - API findBalanceByProductId RQ: 67f9e1c9fe034d395c6d23b3 
2025-04-20 15:33:00-036 [reactor-http-nio-3] INFO  c.b.r.b.b.config.WebClientProductApi - Request: GET,  http://localhost:8383/api/products/67f9e1c9fe034d395c6d23b3/balance 
2025-04-20 15:33:00-039 [reactor-http-nio-3] INFO  c.b.r.b.b.connector.ProductConnector - API getting product: {"id":"67fabf94ec8287214a828c9c","productType":"CC","amountOfOpen":100.0,"accountNumber":"CC01-4406914878","hasPlasticCard":true,"cardNumber":"67fd811bc1328463019a244c","createdDate":[2025,4,12],"customer":{"customerId":"67ec1a41fabf6d0f4ada9865"}} 
2025-04-20 15:33:00-039 [reactor-http-nio-3] INFO  c.b.r.b.b.service.ResumeServiceImpl - 1. Getting products SA. 
2025-04-20 15:33:00-039 [reactor-http-nio-3] INFO  c.b.r.b.b.service.ResumeServiceImpl - 2. Creating resume request of product 67fabf94ec8287214a828c9c. 
2025-04-20 15:33:00-039 [reactor-http-nio-3] INFO  c.b.r.b.b.connector.ProductConnector - API findBalanceByProductId RQ: 67fabf94ec8287214a828c9c 
2025-04-20 15:33:00-040 [reactor-http-nio-3] INFO  c.b.r.b.b.config.WebClientProductApi - Request: GET,  http://localhost:8383/api/products/67fabf94ec8287214a828c9c/balance 
2025-04-20 15:33:00-047 [reactor-http-nio-3] INFO  c.b.r.b.b.connector.ProductConnector - API getting product: {"id":"67fac6ee3d4d5b2abeb89be8","productType":"CC","amountOfOpen":0.0,"accountNumber":"CC01-1698441355","hasPlasticCard":true,"createdDate":[2025,4,12],"customer":{"customerId":"67ec1aa7fabf6d0f4ada9868"}} 
2025-04-20 15:33:00-047 [reactor-http-nio-3] INFO  c.b.r.b.b.service.ResumeServiceImpl - 1. Getting products SA. 
2025-04-20 15:33:00-047 [reactor-http-nio-3] INFO  c.b.r.b.b.service.ResumeServiceImpl - 2. Creating resume request of product 67fac6ee3d4d5b2abeb89be8. 
2025-04-20 15:33:00-047 [reactor-http-nio-3] INFO  c.b.r.b.b.connector.ProductConnector - API findBalanceByProductId RQ: 67fac6ee3d4d5b2abeb89be8 
2025-04-20 15:33:00-048 [reactor-http-nio-3] INFO  c.b.r.b.b.config.WebClientProductApi - Request: GET,  http://localhost:8383/api/products/67fac6ee3d4d5b2abeb89be8/balance 
2025-04-20 15:33:00-050 [reactor-http-nio-3] INFO  c.b.r.b.b.connector.ProductConnector - API getting product: {"id":"67fac6f73d4d5b2abeb89bea","productType":"SA","amountOfOpen":0.0,"accountNumber":"SA01-3755826271","hasPlasticCard":true,"createdDate":[2025,4,12],"customer":{"customerId":"67ec1aa7fabf6d0f4ada9868"}} 
2025-04-20 15:33:00-050 [reactor-http-nio-3] INFO  c.b.r.b.b.service.ResumeServiceImpl - 1. Getting products SA. 
2025-04-20 15:33:00-051 [reactor-http-nio-3] INFO  c.b.r.b.b.service.ResumeServiceImpl - 2. Creating resume request of product 67fac6f73d4d5b2abeb89bea. 
2025-04-20 15:33:00-051 [reactor-http-nio-3] INFO  c.b.r.b.b.connector.ProductConnector - API findBalanceByProductId RQ: 67fac6f73d4d5b2abeb89bea 
2025-04-20 15:33:00-051 [reactor-http-nio-3] INFO  c.b.r.b.b.config.WebClientProductApi - Request: GET,  http://localhost:8383/api/products/67fac6f73d4d5b2abeb89bea/balance 
2025-04-20 15:33:00-057 [reactor-http-nio-3] INFO  c.b.r.b.b.connector.ProductConnector - API getting product: {"id":"67fb3aaa3d4d5b2abeb89bec","productType":"SA","amountOfOpen":1000.0,"accountNumber":"SA01-4830318062","hasPlasticCard":true,"createdDate":[2025,4,12],"customer":{"customerId":"67ec1aa7fabf6d0f4ada9868"}} 
2025-04-20 15:33:00-058 [reactor-http-nio-3] INFO  c.b.r.b.b.service.ResumeServiceImpl - 1. Getting products SA. 
2025-04-20 15:33:00-058 [reactor-http-nio-3] INFO  c.b.r.b.b.service.ResumeServiceImpl - 2. Creating resume request of product 67fb3aaa3d4d5b2abeb89bec. 
2025-04-20 15:33:00-058 [reactor-http-nio-3] INFO  c.b.r.b.b.connector.ProductConnector - API findBalanceByProductId RQ: 67fb3aaa3d4d5b2abeb89bec 
2025-04-20 15:33:00-058 [reactor-http-nio-3] INFO  c.b.r.b.b.config.WebClientProductApi - Request: GET,  http://localhost:8383/api/products/67fb3aaa3d4d5b2abeb89bec/balance 
2025-04-20 15:33:00-062 [reactor-http-nio-3] INFO  c.b.r.b.b.connector.ProductConnector - API getting product: {"id":"67fe92e0f83aa2186dd5e69c","productType":"SA","amountOfOpen":1000.0,"accountNumber":"SA01-3509644191","hasPlasticCard":true,"createdDate":[2025,4,15],"customer":{"customerId":"67ec1aa7fabf6d0f4ada9868"}} 
2025-04-20 15:33:00-062 [reactor-http-nio-3] INFO  c.b.r.b.b.service.ResumeServiceImpl - 1. Getting products SA. 
2025-04-20 15:33:00-062 [reactor-http-nio-3] INFO  c.b.r.b.b.service.ResumeServiceImpl - 2. Creating resume request of product 67fe92e0f83aa2186dd5e69c. 
2025-04-20 15:33:00-062 [reactor-http-nio-3] INFO  c.b.r.b.b.connector.ProductConnector - API findBalanceByProductId RQ: 67fe92e0f83aa2186dd5e69c 
2025-04-20 15:33:00-063 [reactor-http-nio-3] INFO  c.b.r.b.b.config.WebClientProductApi - Request: GET,  http://localhost:8383/api/products/67fe92e0f83aa2186dd5e69c/balance 
2025-04-20 15:33:00-066 [reactor-http-nio-3] INFO  c.b.r.b.b.connector.ProductConnector - API getting product: {"id":"67fe9360f83aa2186dd5e69e","productType":"SA","amountOfOpen":1000.0,"accountNumber":"SA01-9811236276","hasPlasticCard":true,"createdDate":[2025,4,15],"customer":{"customerId":"67ec1aa7fabf6d0f4ada9868"}} 
2025-04-20 15:33:00-066 [reactor-http-nio-3] INFO  c.b.r.b.b.service.ResumeServiceImpl - 1. Getting products SA. 
2025-04-20 15:33:00-066 [reactor-http-nio-3] INFO  c.b.r.b.b.service.ResumeServiceImpl - 2. Creating resume request of product 67fe9360f83aa2186dd5e69e. 
2025-04-20 15:33:00-066 [reactor-http-nio-3] INFO  c.b.r.b.b.connector.ProductConnector - API findBalanceByProductId RQ: 67fe9360f83aa2186dd5e69e 
2025-04-20 15:33:00-067 [reactor-http-nio-3] INFO  c.b.r.b.b.config.WebClientProductApi - Request: GET,  http://localhost:8383/api/products/67fe9360f83aa2186dd5e69e/balance 
2025-04-20 15:33:00-070 [reactor-http-nio-3] INFO  c.b.r.b.b.connector.ProductConnector - API getting product: {"id":"67fe9db2f83aa2186dd5e6a0","productType":"SA","amountOfOpen":1000.0,"accountNumber":"SA01-2207291036","hasPlasticCard":true,"createdDate":[2025,4,15],"customer":{"customerId":"67ec1aa7fabf6d0f4ada9868"}} 
2025-04-20 15:33:00-071 [reactor-http-nio-3] INFO  c.b.r.b.b.service.ResumeServiceImpl - 1. Getting products SA. 
2025-04-20 15:33:00-071 [reactor-http-nio-3] INFO  c.b.r.b.b.service.ResumeServiceImpl - 2. Creating resume request of product 67fe9db2f83aa2186dd5e6a0. 
2025-04-20 15:33:00-071 [reactor-http-nio-3] INFO  c.b.r.b.b.connector.ProductConnector - API findBalanceByProductId RQ: 67fe9db2f83aa2186dd5e6a0 
2025-04-20 15:33:00-071 [reactor-http-nio-3] INFO  c.b.r.b.b.config.WebClientProductApi - Request: GET,  http://localhost:8383/api/products/67fe9db2f83aa2186dd5e6a0/balance 
2025-04-20 15:33:00-074 [reactor-http-nio-3] INFO  c.b.r.b.b.connector.ProductConnector - API getting product: {"id":"67fec9835c652468edc457d0","productType":"CA","amountOfOpen":1000.0,"accountNumber":"CA01-3433862793","hasPlasticCard":false,"createdDate":[2025,4,15],"customer":{"customerId":"67ec1a63fabf6d0f4ada9866"},"holders":[{"fullName":"ABRAHAM  BERMEJO","email":"mail@gmail.commmm","phone":"11111","identification":{"typeIdentification":"DNI","numberIdentification":"444"}}],"authorizedSignatories":[{"fullName":"VERONICA ARANGO YAMASHIRO","email":"mail@gmail.commmm","phone":"2222222","identification":{"typeIdentification":"DNI","numberIdentification":"22222"}}]} 
2025-04-20 15:33:00-074 [reactor-http-nio-3] INFO  c.b.r.b.b.service.ResumeServiceImpl - 1. Getting products SA. 
2025-04-20 15:33:00-074 [reactor-http-nio-3] INFO  c.b.r.b.b.service.ResumeServiceImpl - 2. Creating resume request of product 67fec9835c652468edc457d0. 
2025-04-20 15:33:00-075 [reactor-http-nio-3] INFO  c.b.r.b.b.connector.ProductConnector - API findBalanceByProductId RQ: 67fec9835c652468edc457d0 
2025-04-20 15:33:00-075 [reactor-http-nio-3] INFO  c.b.r.b.b.config.WebClientProductApi - Request: GET,  http://localhost:8383/api/products/67fec9835c652468edc457d0/balance 
2025-04-20 15:33:00-078 [reactor-http-nio-3] INFO  c.b.r.b.b.config.WebClientProductApi - Response status: 200 OK 
2025-04-20 15:33:00-081 [reactor-http-nio-3] INFO  c.b.r.b.b.connector.ProductConnector - API findBalanceByProductId RS: {"creditLimit":0.0,"creditLimitUsed":0.0,"creditEnabledToUse":0.0,"totalAmountInAccount":505.0} 
2025-04-20 15:33:00-081 [reactor-http-nio-3] INFO  c.b.r.b.b.service.ResumeServiceImpl - 3. Balance of product 67f9cc806e374c0902dcdb73, {"creditLimit":0.0,"creditLimitUsed":0.0,"creditEnabledToUse":0.0,"totalAmountInAccount":505.0} 
2025-04-20 15:33:00-082 [reactor-http-nio-3] INFO  c.b.r.b.b.connector.FinanceConnector - API Create Resume RQ: {"scanAvailable":true} 
2025-04-20 15:33:00-083 [reactor-http-nio-3] INFO  c.b.r.b.b.connector.FinanceConnector - API Create resume RQ: {"productType":"CUENTA DE AHORROS","productId":"67f9cc806e374c0902dcdb73","customerId":"67ec1a41fabf6d0f4ada9865","creditEnabledToUse":0.0,"creditLimitTotal":0.0,"creditLimitUsed":0.0,"totalAmountInAccount":505.0,"informDate":[2025,4,20]} 
2025-04-20 15:33:00-084 [reactor-http-nio-3] INFO  c.b.r.b.b.config.WebClientFinanceApi - Request: POST,  http://localhost:8686/api/finance/resumes 
2025-04-20 15:33:00-087 [reactor-http-nio-3] INFO  c.b.r.b.b.config.WebClientProductApi - Response status: 200 OK 
2025-04-20 15:33:00-088 [reactor-http-nio-3] INFO  c.b.r.b.b.connector.ProductConnector - API findBalanceByProductId RS: {"creditLimit":0.0,"creditLimitUsed":0.0,"creditEnabledToUse":0.0,"totalAmountInAccount":3720.0} 
2025-04-20 15:33:00-089 [reactor-http-nio-3] INFO  c.b.r.b.b.service.ResumeServiceImpl - 3. Balance of product 67f9cd80200fc270ce30e284, {"creditLimit":0.0,"creditLimitUsed":0.0,"creditEnabledToUse":0.0,"totalAmountInAccount":3720.0} 
2025-04-20 15:33:00-090 [reactor-http-nio-3] INFO  c.b.r.b.b.connector.FinanceConnector - API Create Resume RQ: {"scanAvailable":true} 
2025-04-20 15:33:00-092 [reactor-http-nio-3] INFO  c.b.r.b.b.connector.FinanceConnector - API Create resume RQ: {"productType":"CUENTA CORRIENTE","productId":"67f9cd80200fc270ce30e284","customerId":"67ec1a41fabf6d0f4ada9865","creditEnabledToUse":0.0,"creditLimitTotal":0.0,"creditLimitUsed":0.0,"totalAmountInAccount":3720.0,"informDate":[2025,4,20]} 
2025-04-20 15:33:00-092 [reactor-http-nio-3] INFO  c.b.r.b.b.config.WebClientFinanceApi - Request: POST,  http://localhost:8686/api/finance/resumes 
2025-04-20 15:33:00-095 [reactor-http-nio-3] INFO  c.b.r.b.b.config.WebClientProductApi - Response status: 200 OK 
2025-04-20 15:33:00-096 [reactor-http-nio-3] INFO  c.b.r.b.b.connector.ProductConnector - API findBalanceByProductId RS: {"creditLimit":0.0,"creditLimitUsed":0.0,"creditEnabledToUse":0.0,"totalAmountInAccount":100.0} 
2025-04-20 15:33:00-097 [reactor-http-nio-3] INFO  c.b.r.b.b.service.ResumeServiceImpl - 3. Balance of product 67f9e1c9fe034d395c6d23b3, {"creditLimit":0.0,"creditLimitUsed":0.0,"creditEnabledToUse":0.0,"totalAmountInAccount":100.0} 
2025-04-20 15:33:00-098 [reactor-http-nio-3] INFO  c.b.r.b.b.connector.FinanceConnector - API Create Resume RQ: {"scanAvailable":true} 
2025-04-20 15:33:00-099 [reactor-http-nio-3] INFO  c.b.r.b.b.connector.FinanceConnector - API Create resume RQ: {"productType":"PLAZO FIJO","productId":"67f9e1c9fe034d395c6d23b3","customerId":"67ec1a41fabf6d0f4ada9865","creditEnabledToUse":0.0,"creditLimitTotal":0.0,"creditLimitUsed":0.0,"totalAmountInAccount":100.0,"informDate":[2025,4,20]} 
2025-04-20 15:33:00-099 [reactor-http-nio-3] INFO  c.b.r.b.b.config.WebClientFinanceApi - Request: POST,  http://localhost:8686/api/finance/resumes 
2025-04-20 15:33:00-103 [reactor-http-nio-3] INFO  c.b.r.b.b.config.WebClientProductApi - Response status: 200 OK 
2025-04-20 15:33:00-105 [reactor-http-nio-3] INFO  c.b.r.b.b.connector.ProductConnector - API findBalanceByProductId RS: {"creditLimit":3000.0,"creditLimitUsed":80.0,"creditEnabledToUse":2920.0,"totalAmountInAccount":0.0} 
2025-04-20 15:33:00-105 [reactor-http-nio-3] INFO  c.b.r.b.b.service.ResumeServiceImpl - 3. Balance of product 67fabf94ec8287214a828c9c, {"creditLimit":3000.0,"creditLimitUsed":80.0,"creditEnabledToUse":2920.0,"totalAmountInAccount":0.0} 
2025-04-20 15:33:00-107 [reactor-http-nio-3] INFO  c.b.r.b.b.connector.FinanceConnector - API Create Resume RQ: {"scanAvailable":true} 
2025-04-20 15:33:00-108 [reactor-http-nio-3] INFO  c.b.r.b.b.connector.FinanceConnector - API Create resume RQ: {"productType":"TARJETA DE CREDITO","productId":"67fabf94ec8287214a828c9c","customerId":"67ec1a41fabf6d0f4ada9865","creditEnabledToUse":2920.0,"creditLimitTotal":3000.0,"creditLimitUsed":80.0,"totalAmountInAccount":0.0,"informDate":[2025,4,20]} 
2025-04-20 15:33:00-108 [reactor-http-nio-3] INFO  c.b.r.b.b.config.WebClientFinanceApi - Request: POST,  http://localhost:8686/api/finance/resumes 
2025-04-20 15:33:00-111 [reactor-http-nio-3] INFO  c.b.r.b.b.config.WebClientProductApi - Response status: 200 OK 
2025-04-20 15:33:00-114 [reactor-http-nio-3] INFO  c.b.r.b.b.connector.ProductConnector - API findBalanceByProductId RS: {"creditLimit":3000.0,"creditLimitUsed":0.0,"creditEnabledToUse":3000.0,"totalAmountInAccount":0.0} 
2025-04-20 15:33:00-115 [reactor-http-nio-3] INFO  c.b.r.b.b.service.ResumeServiceImpl - 3. Balance of product 67fac6ee3d4d5b2abeb89be8, {"creditLimit":3000.0,"creditLimitUsed":0.0,"creditEnabledToUse":3000.0,"totalAmountInAccount":0.0} 
2025-04-20 15:33:00-116 [reactor-http-nio-3] INFO  c.b.r.b.b.connector.FinanceConnector - API Create Resume RQ: {"scanAvailable":true} 
2025-04-20 15:33:00-117 [reactor-http-nio-3] INFO  c.b.r.b.b.connector.FinanceConnector - API Create resume RQ: {"productType":"TARJETA DE CREDITO","productId":"67fac6ee3d4d5b2abeb89be8","customerId":"67ec1aa7fabf6d0f4ada9868","creditEnabledToUse":3000.0,"creditLimitTotal":3000.0,"creditLimitUsed":0.0,"totalAmountInAccount":0.0,"informDate":[2025,4,20]} 
2025-04-20 15:33:00-117 [reactor-http-nio-3] INFO  c.b.r.b.b.config.WebClientFinanceApi - Request: POST,  http://localhost:8686/api/finance/resumes 
2025-04-20 15:33:00-120 [reactor-http-nio-3] INFO  c.b.r.b.b.config.WebClientProductApi - Response status: 200 OK 
2025-04-20 15:33:00-122 [reactor-http-nio-3] INFO  c.b.r.b.b.connector.ProductConnector - API findBalanceByProductId RS: {"creditLimit":0.0,"creditLimitUsed":0.0,"creditEnabledToUse":0.0,"totalAmountInAccount":1280.0} 
2025-04-20 15:33:00-123 [reactor-http-nio-3] INFO  c.b.r.b.b.service.ResumeServiceImpl - 3. Balance of product 67fac6f73d4d5b2abeb89bea, {"creditLimit":0.0,"creditLimitUsed":0.0,"creditEnabledToUse":0.0,"totalAmountInAccount":1280.0} 
2025-04-20 15:33:00-124 [reactor-http-nio-3] INFO  c.b.r.b.b.connector.FinanceConnector - API Create Resume RQ: {"scanAvailable":true} 
2025-04-20 15:33:00-125 [reactor-http-nio-3] INFO  c.b.r.b.b.connector.FinanceConnector - API Create resume RQ: {"productType":"CUENTA DE AHORROS","productId":"67fac6f73d4d5b2abeb89bea","customerId":"67ec1aa7fabf6d0f4ada9868","creditEnabledToUse":0.0,"creditLimitTotal":0.0,"creditLimitUsed":0.0,"totalAmountInAccount":1280.0,"informDate":[2025,4,20]} 
2025-04-20 15:33:00-126 [reactor-http-nio-3] INFO  c.b.r.b.b.config.WebClientFinanceApi - Request: POST,  http://localhost:8686/api/finance/resumes 
2025-04-20 15:33:00-129 [reactor-http-nio-3] INFO  c.b.r.b.b.config.WebClientProductApi - Response status: 200 OK 
2025-04-20 15:33:00-131 [reactor-http-nio-3] INFO  c.b.r.b.b.connector.ProductConnector - API findBalanceByProductId RS: {"creditLimit":0.0,"creditLimitUsed":0.0,"creditEnabledToUse":0.0,"totalAmountInAccount":1210.0} 
2025-04-20 15:33:00-131 [reactor-http-nio-3] INFO  c.b.r.b.b.service.ResumeServiceImpl - 3. Balance of product 67fb3aaa3d4d5b2abeb89bec, {"creditLimit":0.0,"creditLimitUsed":0.0,"creditEnabledToUse":0.0,"totalAmountInAccount":1210.0} 
2025-04-20 15:33:00-132 [reactor-http-nio-3] INFO  c.b.r.b.b.connector.FinanceConnector - API Create Resume RQ: {"scanAvailable":true} 
2025-04-20 15:33:00-133 [reactor-http-nio-3] INFO  c.b.r.b.b.connector.FinanceConnector - API Create resume RQ: {"productType":"CUENTA DE AHORROS","productId":"67fb3aaa3d4d5b2abeb89bec","customerId":"67ec1aa7fabf6d0f4ada9868","creditEnabledToUse":0.0,"creditLimitTotal":0.0,"creditLimitUsed":0.0,"totalAmountInAccount":1210.0,"informDate":[2025,4,20]} 
2025-04-20 15:33:00-133 [reactor-http-nio-3] INFO  c.b.r.b.b.config.WebClientFinanceApi - Request: POST,  http://localhost:8686/api/finance/resumes 
2025-04-20 15:33:00-137 [reactor-http-nio-3] INFO  c.b.r.b.b.config.WebClientProductApi - Response status: 200 OK 
2025-04-20 15:33:00-139 [reactor-http-nio-3] INFO  c.b.r.b.b.connector.ProductConnector - API findBalanceByProductId RS: {"creditLimit":0.0,"creditLimitUsed":0.0,"creditEnabledToUse":0.0,"totalAmountInAccount":1000.0} 
2025-04-20 15:33:00-139 [reactor-http-nio-3] INFO  c.b.r.b.b.service.ResumeServiceImpl - 3. Balance of product 67fe92e0f83aa2186dd5e69c, {"creditLimit":0.0,"creditLimitUsed":0.0,"creditEnabledToUse":0.0,"totalAmountInAccount":1000.0} 
2025-04-20 15:33:00-140 [reactor-http-nio-3] INFO  c.b.r.b.b.connector.FinanceConnector - API Create Resume RQ: {"scanAvailable":true} 
2025-04-20 15:33:00-141 [reactor-http-nio-3] INFO  c.b.r.b.b.connector.FinanceConnector - API Create resume RQ: {"productType":"CUENTA DE AHORROS","productId":"67fe92e0f83aa2186dd5e69c","customerId":"67ec1aa7fabf6d0f4ada9868","creditEnabledToUse":0.0,"creditLimitTotal":0.0,"creditLimitUsed":0.0,"totalAmountInAccount":1000.0,"informDate":[2025,4,20]} 
2025-04-20 15:33:00-142 [reactor-http-nio-3] INFO  c.b.r.b.b.config.WebClientFinanceApi - Request: POST,  http://localhost:8686/api/finance/resumes 
2025-04-20 15:33:00-144 [reactor-http-nio-3] INFO  c.b.r.b.b.config.WebClientProductApi - Response status: 200 OK 
2025-04-20 15:33:00-146 [reactor-http-nio-3] INFO  c.b.r.b.b.connector.ProductConnector - API findBalanceByProductId RS: {"creditLimit":0.0,"creditLimitUsed":0.0,"creditEnabledToUse":0.0,"totalAmountInAccount":1000.0} 
2025-04-20 15:33:00-147 [reactor-http-nio-3] INFO  c.b.r.b.b.service.ResumeServiceImpl - 3. Balance of product 67fe9360f83aa2186dd5e69e, {"creditLimit":0.0,"creditLimitUsed":0.0,"creditEnabledToUse":0.0,"totalAmountInAccount":1000.0} 
2025-04-20 15:33:00-148 [reactor-http-nio-3] INFO  c.b.r.b.b.connector.FinanceConnector - API Create Resume RQ: {"scanAvailable":true} 
2025-04-20 15:33:00-149 [reactor-http-nio-3] INFO  c.b.r.b.b.connector.FinanceConnector - API Create resume RQ: {"productType":"CUENTA DE AHORROS","productId":"67fe9360f83aa2186dd5e69e","customerId":"67ec1aa7fabf6d0f4ada9868","creditEnabledToUse":0.0,"creditLimitTotal":0.0,"creditLimitUsed":0.0,"totalAmountInAccount":1000.0,"informDate":[2025,4,20]} 
2025-04-20 15:33:00-149 [reactor-http-nio-3] INFO  c.b.r.b.b.config.WebClientFinanceApi - Request: POST,  http://localhost:8686/api/finance/resumes 
2025-04-20 15:33:00-153 [reactor-http-nio-3] INFO  c.b.r.b.b.config.WebClientProductApi - Response status: 200 OK 
2025-04-20 15:33:00-156 [reactor-http-nio-3] INFO  c.b.r.b.b.connector.ProductConnector - API findBalanceByProductId RS: {"creditLimit":0.0,"creditLimitUsed":0.0,"creditEnabledToUse":0.0,"totalAmountInAccount":1000.0} 
2025-04-20 15:33:00-157 [reactor-http-nio-3] INFO  c.b.r.b.b.service.ResumeServiceImpl - 3. Balance of product 67fe9db2f83aa2186dd5e6a0, {"creditLimit":0.0,"creditLimitUsed":0.0,"creditEnabledToUse":0.0,"totalAmountInAccount":1000.0} 
2025-04-20 15:33:00-158 [reactor-http-nio-3] INFO  c.b.r.b.b.connector.FinanceConnector - API Create Resume RQ: {"scanAvailable":true} 
2025-04-20 15:33:00-159 [reactor-http-nio-3] INFO  c.b.r.b.b.connector.FinanceConnector - API Create resume RQ: {"productType":"CUENTA DE AHORROS","productId":"67fe9db2f83aa2186dd5e6a0","customerId":"67ec1aa7fabf6d0f4ada9868","creditEnabledToUse":0.0,"creditLimitTotal":0.0,"creditLimitUsed":0.0,"totalAmountInAccount":1000.0,"informDate":[2025,4,20]} 
2025-04-20 15:33:00-159 [reactor-http-nio-3] INFO  c.b.r.b.b.config.WebClientFinanceApi - Request: POST,  http://localhost:8686/api/finance/resumes 
2025-04-20 15:33:00-162 [reactor-http-nio-3] INFO  c.b.r.b.b.config.WebClientProductApi - Response status: 200 OK 
2025-04-20 15:33:00-163 [reactor-http-nio-3] INFO  c.b.r.b.b.connector.ProductConnector - API findBalanceByProductId RS: {"creditLimit":0.0,"creditLimitUsed":0.0,"creditEnabledToUse":0.0,"totalAmountInAccount":980.0} 
2025-04-20 15:33:00-164 [reactor-http-nio-3] INFO  c.b.r.b.b.service.ResumeServiceImpl - 3. Balance of product 67fec9835c652468edc457d0, {"creditLimit":0.0,"creditLimitUsed":0.0,"creditEnabledToUse":0.0,"totalAmountInAccount":980.0} 
2025-04-20 15:33:00-165 [reactor-http-nio-3] INFO  c.b.r.b.b.connector.FinanceConnector - API Create Resume RQ: {"scanAvailable":true} 
2025-04-20 15:33:00-166 [reactor-http-nio-3] INFO  c.b.r.b.b.connector.FinanceConnector - API Create resume RQ: {"productType":"CUENTA CORRIENTE","productId":"67fec9835c652468edc457d0","customerId":"67ec1a63fabf6d0f4ada9866","creditEnabledToUse":0.0,"creditLimitTotal":0.0,"creditLimitUsed":0.0,"totalAmountInAccount":980.0,"informDate":[2025,4,20]} 
2025-04-20 15:33:00-166 [reactor-http-nio-3] INFO  c.b.r.b.b.config.WebClientFinanceApi - Request: POST,  http://localhost:8686/api/finance/resumes 
2025-04-20 15:33:00-169 [reactor-http-nio-3] INFO  c.b.r.b.b.config.WebClientFinanceApi - Response status: 200 OK 
2025-04-20 15:33:00-171 [reactor-http-nio-3] INFO  c.b.r.b.b.connector.FinanceConnector - API Create Resume RS: {"id":"680559fc530ef227e49e8f55","result":"true","productType":"CUENTA DE AHORROS","productId":"67f9cc806e374c0902dcdb73","customerId":"67ec1a41fabf6d0f4ada9865","creditEnabledToUse":0.0,"creditLimitTotal":0.0,"creditLimitUsed":0.0,"totalAmountInAccount":505.0} 
2025-04-20 15:33:00-172 [reactor-http-nio-3] INFO  c.b.r.b.b.service.ResumeServiceImpl - 4. Saving resume saved successfully: {"id":"680559fc530ef227e49e8f55","result":"true","productType":"CUENTA DE AHORROS","productId":"67f9cc806e374c0902dcdb73","customerId":"67ec1a41fabf6d0f4ada9865","creditEnabledToUse":0.0,"creditLimitTotal":0.0,"creditLimitUsed":0.0,"totalAmountInAccount":505.0} 
2025-04-20 15:33:00-173 [reactor-http-nio-3] INFO  c.b.r.b.b.config.WebClientFinanceApi - Response status: 200 OK 
2025-04-20 15:33:00-174 [reactor-http-nio-3] INFO  c.b.r.b.b.connector.FinanceConnector - API Create Resume RS: {"id":"680559fc530ef227e49e8f56","result":"true","productType":"CUENTA CORRIENTE","productId":"67f9cd80200fc270ce30e284","customerId":"67ec1a41fabf6d0f4ada9865","creditEnabledToUse":0.0,"creditLimitTotal":0.0,"creditLimitUsed":0.0,"totalAmountInAccount":3720.0} 
2025-04-20 15:33:00-175 [reactor-http-nio-3] INFO  c.b.r.b.b.service.ResumeServiceImpl - 4. Saving resume saved successfully: {"id":"680559fc530ef227e49e8f56","result":"true","productType":"CUENTA CORRIENTE","productId":"67f9cd80200fc270ce30e284","customerId":"67ec1a41fabf6d0f4ada9865","creditEnabledToUse":0.0,"creditLimitTotal":0.0,"creditLimitUsed":0.0,"totalAmountInAccount":3720.0} 
2025-04-20 15:33:00-175 [reactor-http-nio-3] INFO  c.b.r.b.b.config.WebClientFinanceApi - Response status: 200 OK 
2025-04-20 15:33:00-177 [reactor-http-nio-3] INFO  c.b.r.b.b.connector.FinanceConnector - API Create Resume RS: {"id":"680559fc530ef227e49e8f57","result":"true","productType":"PLAZO FIJO","productId":"67f9e1c9fe034d395c6d23b3","customerId":"67ec1a41fabf6d0f4ada9865","creditEnabledToUse":0.0,"creditLimitTotal":0.0,"creditLimitUsed":0.0,"totalAmountInAccount":100.0} 
2025-04-20 15:33:00-177 [reactor-http-nio-3] INFO  c.b.r.b.b.service.ResumeServiceImpl - 4. Saving resume saved successfully: {"id":"680559fc530ef227e49e8f57","result":"true","productType":"PLAZO FIJO","productId":"67f9e1c9fe034d395c6d23b3","customerId":"67ec1a41fabf6d0f4ada9865","creditEnabledToUse":0.0,"creditLimitTotal":0.0,"creditLimitUsed":0.0,"totalAmountInAccount":100.0} 
2025-04-20 15:33:00-178 [reactor-http-nio-3] INFO  c.b.r.b.b.config.WebClientFinanceApi - Response status: 200 OK 
2025-04-20 15:33:00-179 [reactor-http-nio-3] INFO  c.b.r.b.b.connector.FinanceConnector - API Create Resume RS: {"id":"680559fc530ef227e49e8f58","result":"true","productType":"TARJETA DE CREDITO","productId":"67fabf94ec8287214a828c9c","customerId":"67ec1a41fabf6d0f4ada9865","creditEnabledToUse":2920.0,"creditLimitTotal":3000.0,"creditLimitUsed":80.0,"totalAmountInAccount":0.0} 
2025-04-20 15:33:00-179 [reactor-http-nio-3] INFO  c.b.r.b.b.service.ResumeServiceImpl - 4. Saving resume saved successfully: {"id":"680559fc530ef227e49e8f58","result":"true","productType":"TARJETA DE CREDITO","productId":"67fabf94ec8287214a828c9c","customerId":"67ec1a41fabf6d0f4ada9865","creditEnabledToUse":2920.0,"creditLimitTotal":3000.0,"creditLimitUsed":80.0,"totalAmountInAccount":0.0} 
2025-04-20 15:33:00-180 [reactor-http-nio-3] INFO  c.b.r.b.b.config.WebClientFinanceApi - Response status: 200 OK 
2025-04-20 15:33:00-183 [reactor-http-nio-3] INFO  c.b.r.b.b.connector.FinanceConnector - API Create Resume RS: {"id":"680559fc530ef227e49e8f59","result":"true","productType":"TARJETA DE CREDITO","productId":"67fac6ee3d4d5b2abeb89be8","customerId":"67ec1aa7fabf6d0f4ada9868","creditEnabledToUse":3000.0,"creditLimitTotal":3000.0,"creditLimitUsed":0.0,"totalAmountInAccount":0.0} 
2025-04-20 15:33:00-183 [reactor-http-nio-3] INFO  c.b.r.b.b.service.ResumeServiceImpl - 4. Saving resume saved successfully: {"id":"680559fc530ef227e49e8f59","result":"true","productType":"TARJETA DE CREDITO","productId":"67fac6ee3d4d5b2abeb89be8","customerId":"67ec1aa7fabf6d0f4ada9868","creditEnabledToUse":3000.0,"creditLimitTotal":3000.0,"creditLimitUsed":0.0,"totalAmountInAccount":0.0} 
2025-04-20 15:33:00-184 [reactor-http-nio-3] INFO  c.b.r.b.b.config.WebClientFinanceApi - Response status: 200 OK 
2025-04-20 15:33:00-184 [reactor-http-nio-3] INFO  c.b.r.b.b.connector.FinanceConnector - API Create Resume RS: {"id":"680559fc530ef227e49e8f5a","result":"true","productType":"CUENTA DE AHORROS","productId":"67fac6f73d4d5b2abeb89bea","customerId":"67ec1aa7fabf6d0f4ada9868","creditEnabledToUse":0.0,"creditLimitTotal":0.0,"creditLimitUsed":0.0,"totalAmountInAccount":1280.0} 
2025-04-20 15:33:00-185 [reactor-http-nio-3] INFO  c.b.r.b.b.service.ResumeServiceImpl - 4. Saving resume saved successfully: {"id":"680559fc530ef227e49e8f5a","result":"true","productType":"CUENTA DE AHORROS","productId":"67fac6f73d4d5b2abeb89bea","customerId":"67ec1aa7fabf6d0f4ada9868","creditEnabledToUse":0.0,"creditLimitTotal":0.0,"creditLimitUsed":0.0,"totalAmountInAccount":1280.0} 
2025-04-20 15:33:00-186 [reactor-http-nio-3] INFO  c.b.r.b.b.config.WebClientFinanceApi - Response status: 200 OK 
2025-04-20 15:33:00-187 [reactor-http-nio-3] INFO  c.b.r.b.b.connector.FinanceConnector - API Create Resume RS: {"id":"680559fc530ef227e49e8f5b","result":"true","productType":"CUENTA DE AHORROS","productId":"67fb3aaa3d4d5b2abeb89bec","customerId":"67ec1aa7fabf6d0f4ada9868","creditEnabledToUse":0.0,"creditLimitTotal":0.0,"creditLimitUsed":0.0,"totalAmountInAccount":1210.0} 
2025-04-20 15:33:00-188 [reactor-http-nio-3] INFO  c.b.r.b.b.service.ResumeServiceImpl - 4. Saving resume saved successfully: {"id":"680559fc530ef227e49e8f5b","result":"true","productType":"CUENTA DE AHORROS","productId":"67fb3aaa3d4d5b2abeb89bec","customerId":"67ec1aa7fabf6d0f4ada9868","creditEnabledToUse":0.0,"creditLimitTotal":0.0,"creditLimitUsed":0.0,"totalAmountInAccount":1210.0} 
2025-04-20 15:33:00-188 [reactor-http-nio-3] INFO  c.b.r.b.b.config.WebClientFinanceApi - Response status: 200 OK 
2025-04-20 15:33:00-190 [reactor-http-nio-3] INFO  c.b.r.b.b.connector.FinanceConnector - API Create Resume RS: {"id":"680559fc530ef227e49e8f5c","result":"true","productType":"CUENTA DE AHORROS","productId":"67fe92e0f83aa2186dd5e69c","customerId":"67ec1aa7fabf6d0f4ada9868","creditEnabledToUse":0.0,"creditLimitTotal":0.0,"creditLimitUsed":0.0,"totalAmountInAccount":1000.0} 
2025-04-20 15:33:00-190 [reactor-http-nio-3] INFO  c.b.r.b.b.service.ResumeServiceImpl - 4. Saving resume saved successfully: {"id":"680559fc530ef227e49e8f5c","result":"true","productType":"CUENTA DE AHORROS","productId":"67fe92e0f83aa2186dd5e69c","customerId":"67ec1aa7fabf6d0f4ada9868","creditEnabledToUse":0.0,"creditLimitTotal":0.0,"creditLimitUsed":0.0,"totalAmountInAccount":1000.0} 
2025-04-20 15:33:00-191 [reactor-http-nio-3] INFO  c.b.r.b.b.config.WebClientFinanceApi - Response status: 200 OK 
2025-04-20 15:33:00-192 [reactor-http-nio-3] INFO  c.b.r.b.b.connector.FinanceConnector - API Create Resume RS: {"id":"680559fc530ef227e49e8f5d","result":"true","productType":"CUENTA DE AHORROS","productId":"67fe9360f83aa2186dd5e69e","customerId":"67ec1aa7fabf6d0f4ada9868","creditEnabledToUse":0.0,"creditLimitTotal":0.0,"creditLimitUsed":0.0,"totalAmountInAccount":1000.0} 
2025-04-20 15:33:00-192 [reactor-http-nio-3] INFO  c.b.r.b.b.service.ResumeServiceImpl - 4. Saving resume saved successfully: {"id":"680559fc530ef227e49e8f5d","result":"true","productType":"CUENTA DE AHORROS","productId":"67fe9360f83aa2186dd5e69e","customerId":"67ec1aa7fabf6d0f4ada9868","creditEnabledToUse":0.0,"creditLimitTotal":0.0,"creditLimitUsed":0.0,"totalAmountInAccount":1000.0} 
2025-04-20 15:33:00-193 [reactor-http-nio-3] INFO  c.b.r.b.b.config.WebClientFinanceApi - Response status: 200 OK 
2025-04-20 15:33:00-193 [reactor-http-nio-3] INFO  c.b.r.b.b.connector.FinanceConnector - API Create Resume RS: {"id":"680559fc530ef227e49e8f5e","result":"true","productType":"CUENTA DE AHORROS","productId":"67fe9db2f83aa2186dd5e6a0","customerId":"67ec1aa7fabf6d0f4ada9868","creditEnabledToUse":0.0,"creditLimitTotal":0.0,"creditLimitUsed":0.0,"totalAmountInAccount":1000.0} 
2025-04-20 15:33:00-194 [reactor-http-nio-3] INFO  c.b.r.b.b.service.ResumeServiceImpl - 4. Saving resume saved successfully: {"id":"680559fc530ef227e49e8f5e","result":"true","productType":"CUENTA DE AHORROS","productId":"67fe9db2f83aa2186dd5e6a0","customerId":"67ec1aa7fabf6d0f4ada9868","creditEnabledToUse":0.0,"creditLimitTotal":0.0,"creditLimitUsed":0.0,"totalAmountInAccount":1000.0} 
2025-04-20 15:33:00-194 [reactor-http-nio-3] INFO  c.b.r.b.b.config.WebClientFinanceApi - Response status: 200 OK 
2025-04-20 15:33:00-195 [reactor-http-nio-3] INFO  c.b.r.b.b.connector.FinanceConnector - API Create Resume RS: {"id":"680559fc530ef227e49e8f5f","result":"true","productType":"CUENTA CORRIENTE","productId":"67fec9835c652468edc457d0","customerId":"67ec1a63fabf6d0f4ada9866","creditEnabledToUse":0.0,"creditLimitTotal":0.0,"creditLimitUsed":0.0,"totalAmountInAccount":980.0} 
2025-04-20 15:33:00-195 [reactor-http-nio-3] INFO  c.b.r.b.b.service.ResumeServiceImpl - 4. Saving resume saved successfully: {"id":"680559fc530ef227e49e8f5f","result":"true","productType":"CUENTA CORRIENTE","productId":"67fec9835c652468edc457d0","customerId":"67ec1a63fabf6d0f4ada9866","creditEnabledToUse":0.0,"creditLimitTotal":0.0,"creditLimitUsed":0.0,"totalAmountInAccount":980.0} 
2025-04-20 15:34:00-011 [scheduling-1] INFO  c.b.r.b.b.connector.ProductConnector - API get products 
2025-04-20 15:34:00-012 [scheduling-1] INFO  c.b.r.b.b.config.WebClientProductApi - Request: GET,  http://localhost:8383/api/products 
2025-04-20 15:34:00-021 [reactor-http-nio-3] INFO  c.b.r.b.b.config.WebClientProductApi - Response status: 200 OK 
2025-04-20 15:34:00-024 [reactor-http-nio-3] INFO  c.b.r.b.b.connector.ProductConnector - API getting product: {"id":"67f9cc806e374c0902dcdb73","productType":"SA","amountOfOpen":10.0,"accountNumber":"SA01-7689199523","hasPlasticCard":true,"cardNumber":"67fd7f29c1328463019a244a","createdDate":[2025,4,12],"customer":{"customerId":"67ec1a41fabf6d0f4ada9865"}} 
2025-04-20 15:34:00-024 [reactor-http-nio-3] INFO  c.b.r.b.b.service.ResumeServiceImpl - 1. Getting products SA. 
2025-04-20 15:34:00-024 [reactor-http-nio-3] INFO  c.b.r.b.b.service.ResumeServiceImpl - 2. Creating resume request of product 67f9cc806e374c0902dcdb73. 
2025-04-20 15:34:00-024 [reactor-http-nio-3] INFO  c.b.r.b.b.connector.ProductConnector - API findBalanceByProductId RQ: 67f9cc806e374c0902dcdb73 
2025-04-20 15:34:00-024 [reactor-http-nio-3] INFO  c.b.r.b.b.config.WebClientProductApi - Request: GET,  http://localhost:8383/api/products/67f9cc806e374c0902dcdb73/balance 
2025-04-20 15:34:00-026 [reactor-http-nio-3] INFO  c.b.r.b.b.connector.ProductConnector - API getting product: {"id":"67f9cd80200fc270ce30e284","productType":"CA","amountOfOpen":10.0,"accountNumber":"CA01-8730016551","hasPlasticCard":true,"cardNumber":"67fd7f29c1328463019a244a","createdDate":[2025,4,11],"customer":{"customerId":"67ec1a41fabf6d0f4ada9865"}} 
2025-04-20 15:34:00-027 [reactor-http-nio-3] INFO  c.b.r.b.b.service.ResumeServiceImpl - 1. Getting products SA. 
2025-04-20 15:34:00-027 [reactor-http-nio-3] INFO  c.b.r.b.b.service.ResumeServiceImpl - 2. Creating resume request of product 67f9cd80200fc270ce30e284. 
2025-04-20 15:34:00-027 [reactor-http-nio-3] INFO  c.b.r.b.b.connector.ProductConnector - API findBalanceByProductId RQ: 67f9cd80200fc270ce30e284 
2025-04-20 15:34:00-027 [reactor-http-nio-3] INFO  c.b.r.b.b.config.WebClientProductApi - Request: GET,  http://localhost:8383/api/products/67f9cd80200fc270ce30e284/balance 
2025-04-20 15:34:00-030 [reactor-http-nio-3] INFO  c.b.r.b.b.connector.ProductConnector - API getting product: {"id":"67f9e1c9fe034d395c6d23b3","productType":"FA","amountOfOpen":100.0,"accountNumber":"FA01-9408688263","hasPlasticCard":true,"cardNumber":"67fd7f29c1328463019a244a","createdDate":[2025,4,11],"customer":{"customerId":"67ec1a41fabf6d0f4ada9865"}} 
2025-04-20 15:34:00-030 [reactor-http-nio-3] INFO  c.b.r.b.b.service.ResumeServiceImpl - 1. Getting products SA. 
2025-04-20 15:34:00-030 [reactor-http-nio-3] INFO  c.b.r.b.b.service.ResumeServiceImpl - 2. Creating resume request of product 67f9e1c9fe034d395c6d23b3. 
2025-04-20 15:34:00-030 [reactor-http-nio-3] INFO  c.b.r.b.b.connector.ProductConnector - API findBalanceByProductId RQ: 67f9e1c9fe034d395c6d23b3 
2025-04-20 15:34:00-031 [reactor-http-nio-3] INFO  c.b.r.b.b.config.WebClientProductApi - Request: GET,  http://localhost:8383/api/products/67f9e1c9fe034d395c6d23b3/balance 
2025-04-20 15:34:00-034 [reactor-http-nio-3] INFO  c.b.r.b.b.connector.ProductConnector - API getting product: {"id":"67fabf94ec8287214a828c9c","productType":"CC","amountOfOpen":100.0,"accountNumber":"CC01-4406914878","hasPlasticCard":true,"cardNumber":"67fd811bc1328463019a244c","createdDate":[2025,4,12],"customer":{"customerId":"67ec1a41fabf6d0f4ada9865"}} 
2025-04-20 15:34:00-034 [reactor-http-nio-3] INFO  c.b.r.b.b.service.ResumeServiceImpl - 1. Getting products SA. 
2025-04-20 15:34:00-034 [reactor-http-nio-3] INFO  c.b.r.b.b.service.ResumeServiceImpl - 2. Creating resume request of product 67fabf94ec8287214a828c9c. 
2025-04-20 15:34:00-034 [reactor-http-nio-3] INFO  c.b.r.b.b.connector.ProductConnector - API findBalanceByProductId RQ: 67fabf94ec8287214a828c9c 
2025-04-20 15:34:00-035 [reactor-http-nio-3] INFO  c.b.r.b.b.config.WebClientProductApi - Request: GET,  http://localhost:8383/api/products/67fabf94ec8287214a828c9c/balance 
2025-04-20 15:34:00-038 [reactor-http-nio-3] INFO  c.b.r.b.b.connector.ProductConnector - API getting product: {"id":"67fac6ee3d4d5b2abeb89be8","productType":"CC","amountOfOpen":0.0,"accountNumber":"CC01-1698441355","hasPlasticCard":true,"createdDate":[2025,4,12],"customer":{"customerId":"67ec1aa7fabf6d0f4ada9868"}} 
2025-04-20 15:34:00-038 [reactor-http-nio-3] INFO  c.b.r.b.b.service.ResumeServiceImpl - 1. Getting products SA. 
2025-04-20 15:34:00-038 [reactor-http-nio-3] INFO  c.b.r.b.b.service.ResumeServiceImpl - 2. Creating resume request of product 67fac6ee3d4d5b2abeb89be8. 
2025-04-20 15:34:00-038 [reactor-http-nio-3] INFO  c.b.r.b.b.connector.ProductConnector - API findBalanceByProductId RQ: 67fac6ee3d4d5b2abeb89be8 
2025-04-20 15:34:00-039 [reactor-http-nio-3] INFO  c.b.r.b.b.config.WebClientProductApi - Request: GET,  http://localhost:8383/api/products/67fac6ee3d4d5b2abeb89be8/balance 
2025-04-20 15:34:00-042 [reactor-http-nio-3] INFO  c.b.r.b.b.connector.ProductConnector - API getting product: {"id":"67fac6f73d4d5b2abeb89bea","productType":"SA","amountOfOpen":0.0,"accountNumber":"SA01-3755826271","hasPlasticCard":true,"createdDate":[2025,4,12],"customer":{"customerId":"67ec1aa7fabf6d0f4ada9868"}} 
2025-04-20 15:34:00-042 [reactor-http-nio-3] INFO  c.b.r.b.b.service.ResumeServiceImpl - 1. Getting products SA. 
2025-04-20 15:34:00-042 [reactor-http-nio-3] INFO  c.b.r.b.b.service.ResumeServiceImpl - 2. Creating resume request of product 67fac6f73d4d5b2abeb89bea. 
2025-04-20 15:34:00-042 [reactor-http-nio-3] INFO  c.b.r.b.b.connector.ProductConnector - API findBalanceByProductId RQ: 67fac6f73d4d5b2abeb89bea 
2025-04-20 15:34:00-042 [reactor-http-nio-3] INFO  c.b.r.b.b.config.WebClientProductApi - Request: GET,  http://localhost:8383/api/products/67fac6f73d4d5b2abeb89bea/balance 
2025-04-20 15:34:00-045 [reactor-http-nio-3] INFO  c.b.r.b.b.connector.ProductConnector - API getting product: {"id":"67fb3aaa3d4d5b2abeb89bec","productType":"SA","amountOfOpen":1000.0,"accountNumber":"SA01-4830318062","hasPlasticCard":true,"createdDate":[2025,4,12],"customer":{"customerId":"67ec1aa7fabf6d0f4ada9868"}} 
2025-04-20 15:34:00-045 [reactor-http-nio-3] INFO  c.b.r.b.b.service.ResumeServiceImpl - 1. Getting products SA. 
2025-04-20 15:34:00-045 [reactor-http-nio-3] INFO  c.b.r.b.b.service.ResumeServiceImpl - 2. Creating resume request of product 67fb3aaa3d4d5b2abeb89bec. 
2025-04-20 15:34:00-045 [reactor-http-nio-3] INFO  c.b.r.b.b.connector.ProductConnector - API findBalanceByProductId RQ: 67fb3aaa3d4d5b2abeb89bec 
2025-04-20 15:34:00-045 [reactor-http-nio-3] INFO  c.b.r.b.b.config.WebClientProductApi - Request: GET,  http://localhost:8383/api/products/67fb3aaa3d4d5b2abeb89bec/balance 
2025-04-20 15:34:00-048 [reactor-http-nio-3] INFO  c.b.r.b.b.connector.ProductConnector - API getting product: {"id":"67fe92e0f83aa2186dd5e69c","productType":"SA","amountOfOpen":1000.0,"accountNumber":"SA01-3509644191","hasPlasticCard":true,"createdDate":[2025,4,15],"customer":{"customerId":"67ec1aa7fabf6d0f4ada9868"}} 
2025-04-20 15:34:00-048 [reactor-http-nio-3] INFO  c.b.r.b.b.service.ResumeServiceImpl - 1. Getting products SA. 
2025-04-20 15:34:00-048 [reactor-http-nio-3] INFO  c.b.r.b.b.service.ResumeServiceImpl - 2. Creating resume request of product 67fe92e0f83aa2186dd5e69c. 
2025-04-20 15:34:00-048 [reactor-http-nio-3] INFO  c.b.r.b.b.connector.ProductConnector - API findBalanceByProductId RQ: 67fe92e0f83aa2186dd5e69c 
2025-04-20 15:34:00-049 [reactor-http-nio-3] INFO  c.b.r.b.b.config.WebClientProductApi - Request: GET,  http://localhost:8383/api/products/67fe92e0f83aa2186dd5e69c/balance 
2025-04-20 15:34:00-051 [reactor-http-nio-3] INFO  c.b.r.b.b.connector.ProductConnector - API getting product: {"id":"67fe9360f83aa2186dd5e69e","productType":"SA","amountOfOpen":1000.0,"accountNumber":"SA01-9811236276","hasPlasticCard":true,"createdDate":[2025,4,15],"customer":{"customerId":"67ec1aa7fabf6d0f4ada9868"}} 
2025-04-20 15:34:00-052 [reactor-http-nio-3] INFO  c.b.r.b.b.service.ResumeServiceImpl - 1. Getting products SA. 
2025-04-20 15:34:00-052 [reactor-http-nio-3] INFO  c.b.r.b.b.service.ResumeServiceImpl - 2. Creating resume request of product 67fe9360f83aa2186dd5e69e. 
2025-04-20 15:34:00-052 [reactor-http-nio-3] INFO  c.b.r.b.b.connector.ProductConnector - API findBalanceByProductId RQ: 67fe9360f83aa2186dd5e69e 
2025-04-20 15:34:00-052 [reactor-http-nio-3] INFO  c.b.r.b.b.config.WebClientProductApi - Request: GET,  http://localhost:8383/api/products/67fe9360f83aa2186dd5e69e/balance 
2025-04-20 15:34:00-055 [reactor-http-nio-3] INFO  c.b.r.b.b.connector.ProductConnector - API getting product: {"id":"67fe9db2f83aa2186dd5e6a0","productType":"SA","amountOfOpen":1000.0,"accountNumber":"SA01-2207291036","hasPlasticCard":true,"createdDate":[2025,4,15],"customer":{"customerId":"67ec1aa7fabf6d0f4ada9868"}} 
2025-04-20 15:34:00-055 [reactor-http-nio-3] INFO  c.b.r.b.b.service.ResumeServiceImpl - 1. Getting products SA. 
2025-04-20 15:34:00-055 [reactor-http-nio-3] INFO  c.b.r.b.b.service.ResumeServiceImpl - 2. Creating resume request of product 67fe9db2f83aa2186dd5e6a0. 
2025-04-20 15:34:00-055 [reactor-http-nio-3] INFO  c.b.r.b.b.connector.ProductConnector - API findBalanceByProductId RQ: 67fe9db2f83aa2186dd5e6a0 
2025-04-20 15:34:00-056 [reactor-http-nio-3] INFO  c.b.r.b.b.config.WebClientProductApi - Request: GET,  http://localhost:8383/api/products/67fe9db2f83aa2186dd5e6a0/balance 
2025-04-20 15:34:00-059 [reactor-http-nio-3] INFO  c.b.r.b.b.connector.ProductConnector - API getting product: {"id":"67fec9835c652468edc457d0","productType":"CA","amountOfOpen":1000.0,"accountNumber":"CA01-3433862793","hasPlasticCard":false,"createdDate":[2025,4,15],"customer":{"customerId":"67ec1a63fabf6d0f4ada9866"},"holders":[{"fullName":"ABRAHAM  BERMEJO","email":"mail@gmail.commmm","phone":"11111","identification":{"typeIdentification":"DNI","numberIdentification":"444"}}],"authorizedSignatories":[{"fullName":"VERONICA ARANGO YAMASHIRO","email":"mail@gmail.commmm","phone":"2222222","identification":{"typeIdentification":"DNI","numberIdentification":"22222"}}]} 
2025-04-20 15:34:00-059 [reactor-http-nio-3] INFO  c.b.r.b.b.service.ResumeServiceImpl - 1. Getting products SA. 
2025-04-20 15:34:00-059 [reactor-http-nio-3] INFO  c.b.r.b.b.service.ResumeServiceImpl - 2. Creating resume request of product 67fec9835c652468edc457d0. 
2025-04-20 15:34:00-059 [reactor-http-nio-3] INFO  c.b.r.b.b.connector.ProductConnector - API findBalanceByProductId RQ: 67fec9835c652468edc457d0 
2025-04-20 15:34:00-059 [reactor-http-nio-3] INFO  c.b.r.b.b.config.WebClientProductApi - Request: GET,  http://localhost:8383/api/products/67fec9835c652468edc457d0/balance 
2025-04-20 15:34:00-061 [reactor-http-nio-3] INFO  c.b.r.b.b.config.WebClientProductApi - Response status: 200 OK 
2025-04-20 15:34:00-063 [reactor-http-nio-3] INFO  c.b.r.b.b.connector.ProductConnector - API findBalanceByProductId RS: {"creditLimit":0.0,"creditLimitUsed":0.0,"creditEnabledToUse":0.0,"totalAmountInAccount":505.0} 
2025-04-20 15:34:00-063 [reactor-http-nio-3] INFO  c.b.r.b.b.service.ResumeServiceImpl - 3. Balance of product 67f9cc806e374c0902dcdb73, {"creditLimit":0.0,"creditLimitUsed":0.0,"creditEnabledToUse":0.0,"totalAmountInAccount":505.0} 
2025-04-20 15:34:00-064 [reactor-http-nio-3] INFO  c.b.r.b.b.connector.FinanceConnector - API Create Resume RQ: {"scanAvailable":true} 
2025-04-20 15:34:00-064 [reactor-http-nio-3] INFO  c.b.r.b.b.connector.FinanceConnector - API Create resume RQ: {"productType":"CUENTA DE AHORROS","productId":"67f9cc806e374c0902dcdb73","customerId":"67ec1a41fabf6d0f4ada9865","creditEnabledToUse":0.0,"creditLimitTotal":0.0,"creditLimitUsed":0.0,"totalAmountInAccount":505.0,"informDate":[2025,4,20]} 
2025-04-20 15:34:00-065 [reactor-http-nio-3] INFO  c.b.r.b.b.config.WebClientFinanceApi - Request: POST,  http://localhost:8686/api/finance/resumes 
2025-04-20 15:34:00-067 [reactor-http-nio-3] INFO  c.b.r.b.b.config.WebClientProductApi - Response status: 200 OK 
2025-04-20 15:34:00-069 [reactor-http-nio-3] INFO  c.b.r.b.b.connector.ProductConnector - API findBalanceByProductId RS: {"creditLimit":0.0,"creditLimitUsed":0.0,"creditEnabledToUse":0.0,"totalAmountInAccount":3720.0} 
2025-04-20 15:34:00-069 [reactor-http-nio-3] INFO  c.b.r.b.b.service.ResumeServiceImpl - 3. Balance of product 67f9cd80200fc270ce30e284, {"creditLimit":0.0,"creditLimitUsed":0.0,"creditEnabledToUse":0.0,"totalAmountInAccount":3720.0} 
2025-04-20 15:34:00-070 [reactor-http-nio-3] INFO  c.b.r.b.b.connector.FinanceConnector - API Create Resume RQ: {"scanAvailable":true} 
2025-04-20 15:34:00-070 [reactor-http-nio-3] INFO  c.b.r.b.b.connector.FinanceConnector - API Create resume RQ: {"productType":"CUENTA CORRIENTE","productId":"67f9cd80200fc270ce30e284","customerId":"67ec1a41fabf6d0f4ada9865","creditEnabledToUse":0.0,"creditLimitTotal":0.0,"creditLimitUsed":0.0,"totalAmountInAccount":3720.0,"informDate":[2025,4,20]} 
2025-04-20 15:34:00-071 [reactor-http-nio-3] INFO  c.b.r.b.b.config.WebClientFinanceApi - Request: POST,  http://localhost:8686/api/finance/resumes 
2025-04-20 15:34:00-073 [reactor-http-nio-3] INFO  c.b.r.b.b.config.WebClientProductApi - Response status: 200 OK 
2025-04-20 15:34:00-074 [reactor-http-nio-3] INFO  c.b.r.b.b.connector.ProductConnector - API findBalanceByProductId RS: {"creditLimit":0.0,"creditLimitUsed":0.0,"creditEnabledToUse":0.0,"totalAmountInAccount":100.0} 
2025-04-20 15:34:00-075 [reactor-http-nio-3] INFO  c.b.r.b.b.service.ResumeServiceImpl - 3. Balance of product 67f9e1c9fe034d395c6d23b3, {"creditLimit":0.0,"creditLimitUsed":0.0,"creditEnabledToUse":0.0,"totalAmountInAccount":100.0} 
2025-04-20 15:34:00-076 [reactor-http-nio-3] INFO  c.b.r.b.b.connector.FinanceConnector - API Create Resume RQ: {"scanAvailable":true} 
2025-04-20 15:34:00-077 [reactor-http-nio-3] INFO  c.b.r.b.b.connector.FinanceConnector - API Create resume RQ: {"productType":"PLAZO FIJO","productId":"67f9e1c9fe034d395c6d23b3","customerId":"67ec1a41fabf6d0f4ada9865","creditEnabledToUse":0.0,"creditLimitTotal":0.0,"creditLimitUsed":0.0,"totalAmountInAccount":100.0,"informDate":[2025,4,20]} 
2025-04-20 15:34:00-077 [reactor-http-nio-3] INFO  c.b.r.b.b.config.WebClientFinanceApi - Request: POST,  http://localhost:8686/api/finance/resumes 
2025-04-20 15:34:00-080 [reactor-http-nio-3] INFO  c.b.r.b.b.config.WebClientProductApi - Response status: 200 OK 
2025-04-20 15:34:00-081 [reactor-http-nio-3] INFO  c.b.r.b.b.connector.ProductConnector - API findBalanceByProductId RS: {"creditLimit":3000.0,"creditLimitUsed":80.0,"creditEnabledToUse":2920.0,"totalAmountInAccount":0.0} 
2025-04-20 15:34:00-082 [reactor-http-nio-3] INFO  c.b.r.b.b.service.ResumeServiceImpl - 3. Balance of product 67fabf94ec8287214a828c9c, {"creditLimit":3000.0,"creditLimitUsed":80.0,"creditEnabledToUse":2920.0,"totalAmountInAccount":0.0} 
2025-04-20 15:34:00-083 [reactor-http-nio-3] INFO  c.b.r.b.b.connector.FinanceConnector - API Create Resume RQ: {"scanAvailable":true} 
2025-04-20 15:34:00-084 [reactor-http-nio-3] INFO  c.b.r.b.b.connector.FinanceConnector - API Create resume RQ: {"productType":"TARJETA DE CREDITO","productId":"67fabf94ec8287214a828c9c","customerId":"67ec1a41fabf6d0f4ada9865","creditEnabledToUse":2920.0,"creditLimitTotal":3000.0,"creditLimitUsed":80.0,"totalAmountInAccount":0.0,"informDate":[2025,4,20]} 
2025-04-20 15:34:00-084 [reactor-http-nio-3] INFO  c.b.r.b.b.config.WebClientFinanceApi - Request: POST,  http://localhost:8686/api/finance/resumes 
2025-04-20 15:34:00-087 [reactor-http-nio-3] INFO  c.b.r.b.b.config.WebClientProductApi - Response status: 200 OK 
2025-04-20 15:34:00-088 [reactor-http-nio-3] INFO  c.b.r.b.b.connector.ProductConnector - API findBalanceByProductId RS: {"creditLimit":0.0,"creditLimitUsed":0.0,"creditEnabledToUse":0.0,"totalAmountInAccount":1280.0} 
2025-04-20 15:34:00-089 [reactor-http-nio-3] INFO  c.b.r.b.b.service.ResumeServiceImpl - 3. Balance of product 67fac6f73d4d5b2abeb89bea, {"creditLimit":0.0,"creditLimitUsed":0.0,"creditEnabledToUse":0.0,"totalAmountInAccount":1280.0} 
2025-04-20 15:34:00-090 [reactor-http-nio-3] INFO  c.b.r.b.b.connector.FinanceConnector - API Create Resume RQ: {"scanAvailable":true} 
2025-04-20 15:34:00-091 [reactor-http-nio-3] INFO  c.b.r.b.b.connector.FinanceConnector - API Create resume RQ: {"productType":"CUENTA DE AHORROS","productId":"67fac6f73d4d5b2abeb89bea","customerId":"67ec1aa7fabf6d0f4ada9868","creditEnabledToUse":0.0,"creditLimitTotal":0.0,"creditLimitUsed":0.0,"totalAmountInAccount":1280.0,"informDate":[2025,4,20]} 
2025-04-20 15:34:00-093 [reactor-http-nio-3] INFO  c.b.r.b.b.config.WebClientFinanceApi - Request: POST,  http://localhost:8686/api/finance/resumes 
2025-04-20 15:34:00-096 [reactor-http-nio-3] INFO  c.b.r.b.b.config.WebClientProductApi - Response status: 200 OK 
2025-04-20 15:34:00-098 [reactor-http-nio-3] INFO  c.b.r.b.b.connector.ProductConnector - API findBalanceByProductId RS: {"creditLimit":3000.0,"creditLimitUsed":0.0,"creditEnabledToUse":3000.0,"totalAmountInAccount":0.0} 
2025-04-20 15:34:00-099 [reactor-http-nio-3] INFO  c.b.r.b.b.service.ResumeServiceImpl - 3. Balance of product 67fac6ee3d4d5b2abeb89be8, {"creditLimit":3000.0,"creditLimitUsed":0.0,"creditEnabledToUse":3000.0,"totalAmountInAccount":0.0} 
2025-04-20 15:34:00-100 [reactor-http-nio-3] INFO  c.b.r.b.b.connector.FinanceConnector - API Create Resume RQ: {"scanAvailable":true} 
2025-04-20 15:34:00-101 [reactor-http-nio-3] INFO  c.b.r.b.b.connector.FinanceConnector - API Create resume RQ: {"productType":"TARJETA DE CREDITO","productId":"67fac6ee3d4d5b2abeb89be8","customerId":"67ec1aa7fabf6d0f4ada9868","creditEnabledToUse":3000.0,"creditLimitTotal":3000.0,"creditLimitUsed":0.0,"totalAmountInAccount":0.0,"informDate":[2025,4,20]} 
2025-04-20 15:34:00-102 [reactor-http-nio-3] INFO  c.b.r.b.b.config.WebClientFinanceApi - Request: POST,  http://localhost:8686/api/finance/resumes 
2025-04-20 15:34:00-104 [reactor-http-nio-3] INFO  c.b.r.b.b.config.WebClientProductApi - Response status: 200 OK 
2025-04-20 15:34:00-108 [reactor-http-nio-3] INFO  c.b.r.b.b.connector.ProductConnector - API findBalanceByProductId RS: {"creditLimit":0.0,"creditLimitUsed":0.0,"creditEnabledToUse":0.0,"totalAmountInAccount":1210.0} 
2025-04-20 15:34:00-109 [reactor-http-nio-3] INFO  c.b.r.b.b.service.ResumeServiceImpl - 3. Balance of product 67fb3aaa3d4d5b2abeb89bec, {"creditLimit":0.0,"creditLimitUsed":0.0,"creditEnabledToUse":0.0,"totalAmountInAccount":1210.0} 
2025-04-20 15:34:00-110 [reactor-http-nio-3] INFO  c.b.r.b.b.connector.FinanceConnector - API Create Resume RQ: {"scanAvailable":true} 
2025-04-20 15:34:00-110 [reactor-http-nio-3] INFO  c.b.r.b.b.connector.FinanceConnector - API Create resume RQ: {"productType":"CUENTA DE AHORROS","productId":"67fb3aaa3d4d5b2abeb89bec","customerId":"67ec1aa7fabf6d0f4ada9868","creditEnabledToUse":0.0,"creditLimitTotal":0.0,"creditLimitUsed":0.0,"totalAmountInAccount":1210.0,"informDate":[2025,4,20]} 
2025-04-20 15:34:00-111 [reactor-http-nio-3] INFO  c.b.r.b.b.config.WebClientFinanceApi - Request: POST,  http://localhost:8686/api/finance/resumes 
2025-04-20 15:34:00-113 [reactor-http-nio-3] INFO  c.b.r.b.b.config.WebClientProductApi - Response status: 200 OK 
2025-04-20 15:34:00-114 [reactor-http-nio-3] INFO  c.b.r.b.b.connector.ProductConnector - API findBalanceByProductId RS: {"creditLimit":0.0,"creditLimitUsed":0.0,"creditEnabledToUse":0.0,"totalAmountInAccount":1000.0} 
2025-04-20 15:34:00-115 [reactor-http-nio-3] INFO  c.b.r.b.b.service.ResumeServiceImpl - 3. Balance of product 67fe92e0f83aa2186dd5e69c, {"creditLimit":0.0,"creditLimitUsed":0.0,"creditEnabledToUse":0.0,"totalAmountInAccount":1000.0} 
2025-04-20 15:34:00-116 [reactor-http-nio-3] INFO  c.b.r.b.b.connector.FinanceConnector - API Create Resume RQ: {"scanAvailable":true} 
2025-04-20 15:34:00-116 [reactor-http-nio-3] INFO  c.b.r.b.b.connector.FinanceConnector - API Create resume RQ: {"productType":"CUENTA DE AHORROS","productId":"67fe92e0f83aa2186dd5e69c","customerId":"67ec1aa7fabf6d0f4ada9868","creditEnabledToUse":0.0,"creditLimitTotal":0.0,"creditLimitUsed":0.0,"totalAmountInAccount":1000.0,"informDate":[2025,4,20]} 
2025-04-20 15:34:00-117 [reactor-http-nio-3] INFO  c.b.r.b.b.config.WebClientFinanceApi - Request: POST,  http://localhost:8686/api/finance/resumes 
2025-04-20 15:34:00-121 [reactor-http-nio-3] INFO  c.b.r.b.b.config.WebClientProductApi - Response status: 200 OK 
2025-04-20 15:34:00-123 [reactor-http-nio-3] INFO  c.b.r.b.b.connector.ProductConnector - API findBalanceByProductId RS: {"creditLimit":0.0,"creditLimitUsed":0.0,"creditEnabledToUse":0.0,"totalAmountInAccount":1000.0} 
2025-04-20 15:34:00-124 [reactor-http-nio-3] INFO  c.b.r.b.b.service.ResumeServiceImpl - 3. Balance of product 67fe9360f83aa2186dd5e69e, {"creditLimit":0.0,"creditLimitUsed":0.0,"creditEnabledToUse":0.0,"totalAmountInAccount":1000.0} 
2025-04-20 15:34:00-125 [reactor-http-nio-3] INFO  c.b.r.b.b.connector.FinanceConnector - API Create Resume RQ: {"scanAvailable":true} 
2025-04-20 15:34:00-125 [reactor-http-nio-3] INFO  c.b.r.b.b.connector.FinanceConnector - API Create resume RQ: {"productType":"CUENTA DE AHORROS","productId":"67fe9360f83aa2186dd5e69e","customerId":"67ec1aa7fabf6d0f4ada9868","creditEnabledToUse":0.0,"creditLimitTotal":0.0,"creditLimitUsed":0.0,"totalAmountInAccount":1000.0,"informDate":[2025,4,20]} 
2025-04-20 15:34:00-126 [reactor-http-nio-3] INFO  c.b.r.b.b.config.WebClientFinanceApi - Request: POST,  http://localhost:8686/api/finance/resumes 
2025-04-20 15:34:00-128 [reactor-http-nio-3] INFO  c.b.r.b.b.config.WebClientProductApi - Response status: 200 OK 
2025-04-20 15:34:00-129 [reactor-http-nio-3] INFO  c.b.r.b.b.connector.ProductConnector - API findBalanceByProductId RS: {"creditLimit":0.0,"creditLimitUsed":0.0,"creditEnabledToUse":0.0,"totalAmountInAccount":1000.0} 
2025-04-20 15:34:00-130 [reactor-http-nio-3] INFO  c.b.r.b.b.service.ResumeServiceImpl - 3. Balance of product 67fe9db2f83aa2186dd5e6a0, {"creditLimit":0.0,"creditLimitUsed":0.0,"creditEnabledToUse":0.0,"totalAmountInAccount":1000.0} 
2025-04-20 15:34:00-131 [reactor-http-nio-3] INFO  c.b.r.b.b.connector.FinanceConnector - API Create Resume RQ: {"scanAvailable":true} 
2025-04-20 15:34:00-131 [reactor-http-nio-3] INFO  c.b.r.b.b.connector.FinanceConnector - API Create resume RQ: {"productType":"CUENTA DE AHORROS","productId":"67fe9db2f83aa2186dd5e6a0","customerId":"67ec1aa7fabf6d0f4ada9868","creditEnabledToUse":0.0,"creditLimitTotal":0.0,"creditLimitUsed":0.0,"totalAmountInAccount":1000.0,"informDate":[2025,4,20]} 
2025-04-20 15:34:00-132 [reactor-http-nio-3] INFO  c.b.r.b.b.config.WebClientFinanceApi - Request: POST,  http://localhost:8686/api/finance/resumes 
2025-04-20 15:34:00-135 [reactor-http-nio-3] INFO  c.b.r.b.b.config.WebClientProductApi - Response status: 200 OK 
2025-04-20 15:34:00-137 [reactor-http-nio-3] INFO  c.b.r.b.b.connector.ProductConnector - API findBalanceByProductId RS: {"creditLimit":0.0,"creditLimitUsed":0.0,"creditEnabledToUse":0.0,"totalAmountInAccount":980.0} 
2025-04-20 15:34:00-138 [reactor-http-nio-3] INFO  c.b.r.b.b.service.ResumeServiceImpl - 3. Balance of product 67fec9835c652468edc457d0, {"creditLimit":0.0,"creditLimitUsed":0.0,"creditEnabledToUse":0.0,"totalAmountInAccount":980.0} 
2025-04-20 15:34:00-138 [reactor-http-nio-3] INFO  c.b.r.b.b.connector.FinanceConnector - API Create Resume RQ: {"scanAvailable":true} 
2025-04-20 15:34:00-139 [reactor-http-nio-3] INFO  c.b.r.b.b.connector.FinanceConnector - API Create resume RQ: {"productType":"CUENTA CORRIENTE","productId":"67fec9835c652468edc457d0","customerId":"67ec1a63fabf6d0f4ada9866","creditEnabledToUse":0.0,"creditLimitTotal":0.0,"creditLimitUsed":0.0,"totalAmountInAccount":980.0,"informDate":[2025,4,20]} 
2025-04-20 15:34:00-140 [reactor-http-nio-3] INFO  c.b.r.b.b.config.WebClientFinanceApi - Request: POST,  http://localhost:8686/api/finance/resumes 
2025-04-20 15:34:00-142 [reactor-http-nio-3] INFO  c.b.r.b.b.config.WebClientFinanceApi - Response status: 200 OK 
2025-04-20 15:34:00-144 [reactor-http-nio-3] INFO  c.b.r.b.b.connector.FinanceConnector - API Create Resume RS: {"id":"68055a38530ef227e49e8f60","result":"true","productType":"CUENTA DE AHORROS","productId":"67f9cc806e374c0902dcdb73","customerId":"67ec1a41fabf6d0f4ada9865","creditEnabledToUse":0.0,"creditLimitTotal":0.0,"creditLimitUsed":0.0,"totalAmountInAccount":505.0} 
2025-04-20 15:34:00-144 [reactor-http-nio-3] INFO  c.b.r.b.b.service.ResumeServiceImpl - 4. Saving resume saved successfully: {"id":"68055a38530ef227e49e8f60","result":"true","productType":"CUENTA DE AHORROS","productId":"67f9cc806e374c0902dcdb73","customerId":"67ec1a41fabf6d0f4ada9865","creditEnabledToUse":0.0,"creditLimitTotal":0.0,"creditLimitUsed":0.0,"totalAmountInAccount":505.0} 
2025-04-20 15:34:00-145 [reactor-http-nio-3] INFO  c.b.r.b.b.config.WebClientFinanceApi - Response status: 200 OK 
2025-04-20 15:34:00-146 [reactor-http-nio-3] INFO  c.b.r.b.b.connector.FinanceConnector - API Create Resume RS: {"id":"68055a38530ef227e49e8f61","result":"true","productType":"CUENTA CORRIENTE","productId":"67f9cd80200fc270ce30e284","customerId":"67ec1a41fabf6d0f4ada9865","creditEnabledToUse":0.0,"creditLimitTotal":0.0,"creditLimitUsed":0.0,"totalAmountInAccount":3720.0} 
2025-04-20 15:34:00-147 [reactor-http-nio-3] INFO  c.b.r.b.b.service.ResumeServiceImpl - 4. Saving resume saved successfully: {"id":"68055a38530ef227e49e8f61","result":"true","productType":"CUENTA CORRIENTE","productId":"67f9cd80200fc270ce30e284","customerId":"67ec1a41fabf6d0f4ada9865","creditEnabledToUse":0.0,"creditLimitTotal":0.0,"creditLimitUsed":0.0,"totalAmountInAccount":3720.0} 
2025-04-20 15:34:00-147 [reactor-http-nio-3] INFO  c.b.r.b.b.config.WebClientFinanceApi - Response status: 200 OK 
2025-04-20 15:34:00-149 [reactor-http-nio-3] INFO  c.b.r.b.b.connector.FinanceConnector - API Create Resume RS: {"id":"68055a38530ef227e49e8f62","result":"true","productType":"PLAZO FIJO","productId":"67f9e1c9fe034d395c6d23b3","customerId":"67ec1a41fabf6d0f4ada9865","creditEnabledToUse":0.0,"creditLimitTotal":0.0,"creditLimitUsed":0.0,"totalAmountInAccount":100.0} 
2025-04-20 15:34:00-150 [reactor-http-nio-3] INFO  c.b.r.b.b.service.ResumeServiceImpl - 4. Saving resume saved successfully: {"id":"68055a38530ef227e49e8f62","result":"true","productType":"PLAZO FIJO","productId":"67f9e1c9fe034d395c6d23b3","customerId":"67ec1a41fabf6d0f4ada9865","creditEnabledToUse":0.0,"creditLimitTotal":0.0,"creditLimitUsed":0.0,"totalAmountInAccount":100.0} 
2025-04-20 15:34:00-151 [reactor-http-nio-3] INFO  c.b.r.b.b.config.WebClientFinanceApi - Response status: 200 OK 
2025-04-20 15:34:00-152 [reactor-http-nio-3] INFO  c.b.r.b.b.connector.FinanceConnector - API Create Resume RS: {"id":"68055a38530ef227e49e8f63","result":"true","productType":"TARJETA DE CREDITO","productId":"67fabf94ec8287214a828c9c","customerId":"67ec1a41fabf6d0f4ada9865","creditEnabledToUse":2920.0,"creditLimitTotal":3000.0,"creditLimitUsed":80.0,"totalAmountInAccount":0.0} 
2025-04-20 15:34:00-153 [reactor-http-nio-3] INFO  c.b.r.b.b.service.ResumeServiceImpl - 4. Saving resume saved successfully: {"id":"68055a38530ef227e49e8f63","result":"true","productType":"TARJETA DE CREDITO","productId":"67fabf94ec8287214a828c9c","customerId":"67ec1a41fabf6d0f4ada9865","creditEnabledToUse":2920.0,"creditLimitTotal":3000.0,"creditLimitUsed":80.0,"totalAmountInAccount":0.0} 
2025-04-20 15:34:00-153 [reactor-http-nio-3] INFO  c.b.r.b.b.config.WebClientFinanceApi - Response status: 200 OK 
2025-04-20 15:34:00-154 [reactor-http-nio-3] INFO  c.b.r.b.b.connector.FinanceConnector - API Create Resume RS: {"id":"68055a38530ef227e49e8f64","result":"true","productType":"CUENTA DE AHORROS","productId":"67fac6f73d4d5b2abeb89bea","customerId":"67ec1aa7fabf6d0f4ada9868","creditEnabledToUse":0.0,"creditLimitTotal":0.0,"creditLimitUsed":0.0,"totalAmountInAccount":1280.0} 
2025-04-20 15:34:00-155 [reactor-http-nio-3] INFO  c.b.r.b.b.service.ResumeServiceImpl - 4. Saving resume saved successfully: {"id":"68055a38530ef227e49e8f64","result":"true","productType":"CUENTA DE AHORROS","productId":"67fac6f73d4d5b2abeb89bea","customerId":"67ec1aa7fabf6d0f4ada9868","creditEnabledToUse":0.0,"creditLimitTotal":0.0,"creditLimitUsed":0.0,"totalAmountInAccount":1280.0} 
2025-04-20 15:34:00-155 [reactor-http-nio-3] INFO  c.b.r.b.b.config.WebClientFinanceApi - Response status: 200 OK 
2025-04-20 15:34:00-156 [reactor-http-nio-3] INFO  c.b.r.b.b.connector.FinanceConnector - API Create Resume RS: {"id":"68055a38530ef227e49e8f65","result":"true","productType":"CUENTA DE AHORROS","productId":"67fb3aaa3d4d5b2abeb89bec","customerId":"67ec1aa7fabf6d0f4ada9868","creditEnabledToUse":0.0,"creditLimitTotal":0.0,"creditLimitUsed":0.0,"totalAmountInAccount":1210.0} 
2025-04-20 15:34:00-157 [reactor-http-nio-3] INFO  c.b.r.b.b.service.ResumeServiceImpl - 4. Saving resume saved successfully: {"id":"68055a38530ef227e49e8f65","result":"true","productType":"CUENTA DE AHORROS","productId":"67fb3aaa3d4d5b2abeb89bec","customerId":"67ec1aa7fabf6d0f4ada9868","creditEnabledToUse":0.0,"creditLimitTotal":0.0,"creditLimitUsed":0.0,"totalAmountInAccount":1210.0} 
2025-04-20 15:34:00-157 [reactor-http-nio-3] INFO  c.b.r.b.b.config.WebClientFinanceApi - Response status: 200 OK 
2025-04-20 15:34:00-158 [reactor-http-nio-3] INFO  c.b.r.b.b.connector.FinanceConnector - API Create Resume RS: {"id":"68055a38530ef227e49e8f66","result":"true","productType":"TARJETA DE CREDITO","productId":"67fac6ee3d4d5b2abeb89be8","customerId":"67ec1aa7fabf6d0f4ada9868","creditEnabledToUse":3000.0,"creditLimitTotal":3000.0,"creditLimitUsed":0.0,"totalAmountInAccount":0.0} 
2025-04-20 15:34:00-158 [reactor-http-nio-3] INFO  c.b.r.b.b.service.ResumeServiceImpl - 4. Saving resume saved successfully: {"id":"68055a38530ef227e49e8f66","result":"true","productType":"TARJETA DE CREDITO","productId":"67fac6ee3d4d5b2abeb89be8","customerId":"67ec1aa7fabf6d0f4ada9868","creditEnabledToUse":3000.0,"creditLimitTotal":3000.0,"creditLimitUsed":0.0,"totalAmountInAccount":0.0} 
2025-04-20 15:34:00-159 [reactor-http-nio-3] INFO  c.b.r.b.b.config.WebClientFinanceApi - Response status: 200 OK 
2025-04-20 15:34:00-160 [reactor-http-nio-3] INFO  c.b.r.b.b.connector.FinanceConnector - API Create Resume RS: {"id":"68055a38530ef227e49e8f67","result":"true","productType":"CUENTA DE AHORROS","productId":"67fe9360f83aa2186dd5e69e","customerId":"67ec1aa7fabf6d0f4ada9868","creditEnabledToUse":0.0,"creditLimitTotal":0.0,"creditLimitUsed":0.0,"totalAmountInAccount":1000.0} 
2025-04-20 15:34:00-160 [reactor-http-nio-3] INFO  c.b.r.b.b.service.ResumeServiceImpl - 4. Saving resume saved successfully: {"id":"68055a38530ef227e49e8f67","result":"true","productType":"CUENTA DE AHORROS","productId":"67fe9360f83aa2186dd5e69e","customerId":"67ec1aa7fabf6d0f4ada9868","creditEnabledToUse":0.0,"creditLimitTotal":0.0,"creditLimitUsed":0.0,"totalAmountInAccount":1000.0} 
2025-04-20 15:34:00-160 [reactor-http-nio-3] INFO  c.b.r.b.b.config.WebClientFinanceApi - Response status: 200 OK 
2025-04-20 15:34:00-161 [reactor-http-nio-3] INFO  c.b.r.b.b.connector.FinanceConnector - API Create Resume RS: {"id":"68055a38530ef227e49e8f69","result":"true","productType":"CUENTA DE AHORROS","productId":"67fe9db2f83aa2186dd5e6a0","customerId":"67ec1aa7fabf6d0f4ada9868","creditEnabledToUse":0.0,"creditLimitTotal":0.0,"creditLimitUsed":0.0,"totalAmountInAccount":1000.0} 
2025-04-20 15:34:00-161 [reactor-http-nio-3] INFO  c.b.r.b.b.service.ResumeServiceImpl - 4. Saving resume saved successfully: {"id":"68055a38530ef227e49e8f69","result":"true","productType":"CUENTA DE AHORROS","productId":"67fe9db2f83aa2186dd5e6a0","customerId":"67ec1aa7fabf6d0f4ada9868","creditEnabledToUse":0.0,"creditLimitTotal":0.0,"creditLimitUsed":0.0,"totalAmountInAccount":1000.0} 
2025-04-20 15:34:00-162 [reactor-http-nio-3] INFO  c.b.r.b.b.config.WebClientFinanceApi - Response status: 200 OK 
2025-04-20 15:34:00-162 [reactor-http-nio-3] INFO  c.b.r.b.b.connector.FinanceConnector - API Create Resume RS: {"id":"68055a38530ef227e49e8f68","result":"true","productType":"CUENTA DE AHORROS","productId":"67fe92e0f83aa2186dd5e69c","customerId":"67ec1aa7fabf6d0f4ada9868","creditEnabledToUse":0.0,"creditLimitTotal":0.0,"creditLimitUsed":0.0,"totalAmountInAccount":1000.0} 
2025-04-20 15:34:00-163 [reactor-http-nio-3] INFO  c.b.r.b.b.service.ResumeServiceImpl - 4. Saving resume saved successfully: {"id":"68055a38530ef227e49e8f68","result":"true","productType":"CUENTA DE AHORROS","productId":"67fe92e0f83aa2186dd5e69c","customerId":"67ec1aa7fabf6d0f4ada9868","creditEnabledToUse":0.0,"creditLimitTotal":0.0,"creditLimitUsed":0.0,"totalAmountInAccount":1000.0} 
2025-04-20 15:34:00-163 [reactor-http-nio-3] INFO  c.b.r.b.b.config.WebClientFinanceApi - Response status: 200 OK 
2025-04-20 15:34:00-164 [reactor-http-nio-3] INFO  c.b.r.b.b.connector.FinanceConnector - API Create Resume RS: {"id":"68055a38530ef227e49e8f6a","result":"true","productType":"CUENTA CORRIENTE","productId":"67fec9835c652468edc457d0","customerId":"67ec1a63fabf6d0f4ada9866","creditEnabledToUse":0.0,"creditLimitTotal":0.0,"creditLimitUsed":0.0,"totalAmountInAccount":980.0} 
2025-04-20 15:34:00-164 [reactor-http-nio-3] INFO  c.b.r.b.b.service.ResumeServiceImpl - 4. Saving resume saved successfully: {"id":"68055a38530ef227e49e8f6a","result":"true","productType":"CUENTA CORRIENTE","productId":"67fec9835c652468edc457d0","customerId":"67ec1a63fabf6d0f4ada9866","creditEnabledToUse":0.0,"creditLimitTotal":0.0,"creditLimitUsed":0.0,"totalAmountInAccount":980.0} 
2025-04-20 16:13:35-672 [scheduling-1] INFO  c.b.r.b.b.connector.ProductConnector - API get products 
2025-04-20 16:13:35-694 [AsyncResolver-bootstrap-executor-%d] INFO  c.n.d.s.r.aws.ConfigClusterResolver - Resolving eureka endpoints via configuration 
2025-04-20 16:13:35-732 [scheduling-1] INFO  c.b.r.b.b.config.WebClientProductApi - Request: GET,  http://localhost:8383/api/products 
2025-04-20 16:13:35-788 [SpringApplicationShutdownHook] INFO  o.s.c.n.e.s.EurekaServiceRegistry - Unregistering application RESUME-BALANCE-BOT with eureka with status DOWN 
2025-04-20 16:13:35-788 [reactor-http-nio-3] INFO  c.b.r.b.b.config.WebClientProductApi - Response status: 200 OK 
2025-04-20 16:13:35-789 [SpringApplicationShutdownHook] INFO  c.netflix.discovery.DiscoveryClient - Saw local status change event StatusChangeEvent [timestamp=1745183615789, current=DOWN, previous=UP] 
2025-04-20 16:13:35-790 [DiscoveryClient-InstanceInfoReplicator-%d] INFO  c.netflix.discovery.DiscoveryClient - DiscoveryClient_RESUME-BALANCE-BOT/resume-balance-bot:8787: registering service... 
2025-04-20 16:13:35-808 [reactor-http-nio-3] INFO  c.b.r.b.b.connector.ProductConnector - API getting product: {"id":"67f9cc806e374c0902dcdb73","productType":"SA","amountOfOpen":10.0,"accountNumber":"SA01-7689199523","hasPlasticCard":true,"cardNumber":"67fd7f29c1328463019a244a","createdDate":[2025,4,12],"customer":{"customerId":"67ec1a41fabf6d0f4ada9865"}} 
2025-04-20 16:13:35-809 [reactor-http-nio-3] INFO  c.b.r.b.b.service.ResumeServiceImpl - 1. Getting products SA. 
2025-04-20 16:13:35-809 [reactor-http-nio-3] INFO  c.b.r.b.b.service.ResumeServiceImpl - 2. Creating resume request of product 67f9cc806e374c0902dcdb73. 
2025-04-20 16:13:35-809 [reactor-http-nio-3] INFO  c.b.r.b.b.connector.ProductConnector - API findBalanceByProductId RQ: 67f9cc806e374c0902dcdb73 
2025-04-20 16:13:35-811 [reactor-http-nio-3] INFO  c.b.r.b.b.config.WebClientProductApi - Request: GET,  http://localhost:8383/api/products/67f9cc806e374c0902dcdb73/balance 
2025-04-20 16:13:35-816 [reactor-http-nio-3] INFO  c.b.r.b.b.connector.ProductConnector - API getting product: {"id":"67f9cd80200fc270ce30e284","productType":"CA","amountOfOpen":10.0,"accountNumber":"CA01-8730016551","hasPlasticCard":true,"cardNumber":"67fd7f29c1328463019a244a","createdDate":[2025,4,11],"customer":{"customerId":"67ec1a41fabf6d0f4ada9865"}} 
2025-04-20 16:13:35-816 [reactor-http-nio-3] INFO  c.b.r.b.b.service.ResumeServiceImpl - 1. Getting products SA. 
2025-04-20 16:13:35-816 [reactor-http-nio-3] INFO  c.b.r.b.b.service.ResumeServiceImpl - 2. Creating resume request of product 67f9cd80200fc270ce30e284. 
2025-04-20 16:13:35-816 [reactor-http-nio-3] INFO  c.b.r.b.b.connector.ProductConnector - API findBalanceByProductId RQ: 67f9cd80200fc270ce30e284 
2025-04-20 16:13:35-817 [reactor-http-nio-3] INFO  c.b.r.b.b.config.WebClientProductApi - Request: GET,  http://localhost:8383/api/products/67f9cd80200fc270ce30e284/balance 
2025-04-20 16:13:35-821 [reactor-http-nio-3] INFO  c.b.r.b.b.connector.ProductConnector - API getting product: {"id":"67f9e1c9fe034d395c6d23b3","productType":"FA","amountOfOpen":100.0,"accountNumber":"FA01-9408688263","hasPlasticCard":true,"cardNumber":"67fd7f29c1328463019a244a","createdDate":[2025,4,11],"customer":{"customerId":"67ec1a41fabf6d0f4ada9865"}} 
2025-04-20 16:13:35-821 [reactor-http-nio-3] INFO  c.b.r.b.b.service.ResumeServiceImpl - 1. Getting products SA. 
2025-04-20 16:13:35-821 [reactor-http-nio-3] INFO  c.b.r.b.b.service.ResumeServiceImpl - 2. Creating resume request of product 67f9e1c9fe034d395c6d23b3. 
2025-04-20 16:13:35-821 [reactor-http-nio-3] INFO  c.b.r.b.b.connector.ProductConnector - API findBalanceByProductId RQ: 67f9e1c9fe034d395c6d23b3 
2025-04-20 16:13:35-822 [reactor-http-nio-3] INFO  c.b.r.b.b.config.WebClientProductApi - Request: GET,  http://localhost:8383/api/products/67f9e1c9fe034d395c6d23b3/balance 
2025-04-20 16:13:35-828 [reactor-http-nio-3] INFO  c.b.r.b.b.connector.ProductConnector - API getting product: {"id":"67fabf94ec8287214a828c9c","productType":"CC","amountOfOpen":100.0,"accountNumber":"CC01-4406914878","hasPlasticCard":true,"cardNumber":"67fd811bc1328463019a244c","createdDate":[2025,4,12],"customer":{"customerId":"67ec1a41fabf6d0f4ada9865"}} 
2025-04-20 16:13:35-828 [reactor-http-nio-3] INFO  c.b.r.b.b.service.ResumeServiceImpl - 1. Getting products SA. 
2025-04-20 16:13:35-828 [reactor-http-nio-3] INFO  c.b.r.b.b.service.ResumeServiceImpl - 2. Creating resume request of product 67fabf94ec8287214a828c9c. 
2025-04-20 16:13:35-828 [reactor-http-nio-3] INFO  c.b.r.b.b.connector.ProductConnector - API findBalanceByProductId RQ: 67fabf94ec8287214a828c9c 
2025-04-20 16:13:35-828 [reactor-http-nio-3] INFO  c.b.r.b.b.config.WebClientProductApi - Request: GET,  http://localhost:8383/api/products/67fabf94ec8287214a828c9c/balance 
2025-04-20 16:13:35-834 [reactor-http-nio-3] INFO  c.b.r.b.b.connector.ProductConnector - API getting product: {"id":"67fac6ee3d4d5b2abeb89be8","productType":"CC","amountOfOpen":0.0,"accountNumber":"CC01-1698441355","hasPlasticCard":true,"createdDate":[2025,4,12],"customer":{"customerId":"67ec1aa7fabf6d0f4ada9868"}} 
2025-04-20 16:13:35-834 [reactor-http-nio-3] INFO  c.b.r.b.b.service.ResumeServiceImpl - 1. Getting products SA. 
2025-04-20 16:13:35-834 [reactor-http-nio-3] INFO  c.b.r.b.b.service.ResumeServiceImpl - 2. Creating resume request of product 67fac6ee3d4d5b2abeb89be8. 
2025-04-20 16:13:35-834 [reactor-http-nio-3] INFO  c.b.r.b.b.connector.ProductConnector - API findBalanceByProductId RQ: 67fac6ee3d4d5b2abeb89be8 
2025-04-20 16:13:35-835 [reactor-http-nio-3] INFO  c.b.r.b.b.config.WebClientProductApi - Request: GET,  http://localhost:8383/api/products/67fac6ee3d4d5b2abeb89be8/balance 
2025-04-20 16:13:35-839 [reactor-http-nio-3] INFO  c.b.r.b.b.connector.ProductConnector - API getting product: {"id":"67fac6f73d4d5b2abeb89bea","productType":"SA","amountOfOpen":0.0,"accountNumber":"SA01-3755826271","hasPlasticCard":true,"createdDate":[2025,4,12],"customer":{"customerId":"67ec1aa7fabf6d0f4ada9868"}} 
2025-04-20 16:13:35-840 [reactor-http-nio-3] INFO  c.b.r.b.b.service.ResumeServiceImpl - 1. Getting products SA. 
2025-04-20 16:13:35-840 [reactor-http-nio-3] INFO  c.b.r.b.b.service.ResumeServiceImpl - 2. Creating resume request of product 67fac6f73d4d5b2abeb89bea. 
2025-04-20 16:13:35-840 [reactor-http-nio-3] INFO  c.b.r.b.b.connector.ProductConnector - API findBalanceByProductId RQ: 67fac6f73d4d5b2abeb89bea 
2025-04-20 16:13:35-844 [DiscoveryClient-InstanceInfoReplicator-%d] INFO  c.netflix.discovery.DiscoveryClient - DiscoveryClient_RESUME-BALANCE-BOT/resume-balance-bot:8787 - registration status: 204 
2025-04-20 16:13:35-845 [reactor-http-nio-3] INFO  c.b.r.b.b.config.WebClientProductApi - Request: GET,  http://localhost:8383/api/products/67fac6f73d4d5b2abeb89bea/balance 
2025-04-20 16:13:35-852 [reactor-http-nio-3] INFO  c.b.r.b.b.connector.ProductConnector - API getting product: {"id":"67fb3aaa3d4d5b2abeb89bec","productType":"SA","amountOfOpen":1000.0,"accountNumber":"SA01-4830318062","hasPlasticCard":true,"createdDate":[2025,4,12],"customer":{"customerId":"67ec1aa7fabf6d0f4ada9868"}} 
2025-04-20 16:13:35-852 [reactor-http-nio-3] INFO  c.b.r.b.b.service.ResumeServiceImpl - 1. Getting products SA. 
2025-04-20 16:13:35-852 [reactor-http-nio-3] INFO  c.b.r.b.b.service.ResumeServiceImpl - 2. Creating resume request of product 67fb3aaa3d4d5b2abeb89bec. 
2025-04-20 16:13:35-852 [reactor-http-nio-3] INFO  c.b.r.b.b.connector.ProductConnector - API findBalanceByProductId RQ: 67fb3aaa3d4d5b2abeb89bec 
2025-04-20 16:13:35-853 [reactor-http-nio-3] INFO  c.b.r.b.b.config.WebClientProductApi - Request: GET,  http://localhost:8383/api/products/67fb3aaa3d4d5b2abeb89bec/balance 
2025-04-20 16:13:35-856 [SpringApplicationShutdownHook] INFO  o.s.b.w.e.netty.GracefulShutdown - Commencing graceful shutdown. Waiting for active requests to complete 
2025-04-20 16:13:35-856 [reactor-http-nio-3] INFO  c.b.r.b.b.connector.ProductConnector - API getting product: {"id":"67fe92e0f83aa2186dd5e69c","productType":"SA","amountOfOpen":1000.0,"accountNumber":"SA01-3509644191","hasPlasticCard":true,"createdDate":[2025,4,15],"customer":{"customerId":"67ec1aa7fabf6d0f4ada9868"}} 
2025-04-20 16:13:35-857 [reactor-http-nio-3] INFO  c.b.r.b.b.service.ResumeServiceImpl - 1. Getting products SA. 
2025-04-20 16:13:35-857 [reactor-http-nio-3] INFO  c.b.r.b.b.service.ResumeServiceImpl - 2. Creating resume request of product 67fe92e0f83aa2186dd5e69c. 
2025-04-20 16:13:35-857 [reactor-http-nio-3] INFO  c.b.r.b.b.connector.ProductConnector - API findBalanceByProductId RQ: 67fe92e0f83aa2186dd5e69c 
2025-04-20 16:13:35-857 [reactor-http-nio-3] INFO  c.b.r.b.b.config.WebClientProductApi - Request: GET,  http://localhost:8383/api/products/67fe92e0f83aa2186dd5e69c/balance 
2025-04-20 16:13:35-862 [reactor-http-nio-3] INFO  c.b.r.b.b.connector.ProductConnector - API getting product: {"id":"67fe9360f83aa2186dd5e69e","productType":"SA","amountOfOpen":1000.0,"accountNumber":"SA01-9811236276","hasPlasticCard":true,"createdDate":[2025,4,15],"customer":{"customerId":"67ec1aa7fabf6d0f4ada9868"}} 
2025-04-20 16:13:35-862 [reactor-http-nio-3] INFO  c.b.r.b.b.service.ResumeServiceImpl - 1. Getting products SA. 
2025-04-20 16:13:35-862 [reactor-http-nio-3] INFO  c.b.r.b.b.service.ResumeServiceImpl - 2. Creating resume request of product 67fe9360f83aa2186dd5e69e. 
2025-04-20 16:13:35-862 [reactor-http-nio-3] INFO  c.b.r.b.b.connector.ProductConnector - API findBalanceByProductId RQ: 67fe9360f83aa2186dd5e69e 
2025-04-20 16:13:35-863 [reactor-http-nio-3] INFO  c.b.r.b.b.config.WebClientProductApi - Request: GET,  http://localhost:8383/api/products/67fe9360f83aa2186dd5e69e/balance 
2025-04-20 16:13:35-868 [reactor-http-nio-3] INFO  c.b.r.b.b.connector.ProductConnector - API getting product: {"id":"67fe9db2f83aa2186dd5e6a0","productType":"SA","amountOfOpen":1000.0,"accountNumber":"SA01-2207291036","hasPlasticCard":true,"createdDate":[2025,4,15],"customer":{"customerId":"67ec1aa7fabf6d0f4ada9868"}} 
2025-04-20 16:13:35-869 [reactor-http-nio-3] INFO  c.b.r.b.b.service.ResumeServiceImpl - 1. Getting products SA. 
2025-04-20 16:13:35-869 [reactor-http-nio-3] INFO  c.b.r.b.b.service.ResumeServiceImpl - 2. Creating resume request of product 67fe9db2f83aa2186dd5e6a0. 
2025-04-20 16:13:35-869 [reactor-http-nio-3] INFO  c.b.r.b.b.connector.ProductConnector - API findBalanceByProductId RQ: 67fe9db2f83aa2186dd5e6a0 
2025-04-20 16:13:35-870 [reactor-http-nio-3] INFO  c.b.r.b.b.config.WebClientProductApi - Request: GET,  http://localhost:8383/api/products/67fe9db2f83aa2186dd5e6a0/balance 
2025-04-20 16:13:35-874 [reactor-http-nio-3] INFO  c.b.r.b.b.connector.ProductConnector - API getting product: {"id":"67fec9835c652468edc457d0","productType":"CA","amountOfOpen":1000.0,"accountNumber":"CA01-3433862793","hasPlasticCard":false,"createdDate":[2025,4,15],"customer":{"customerId":"67ec1a63fabf6d0f4ada9866"},"holders":[{"fullName":"ABRAHAM  BERMEJO","email":"mail@gmail.commmm","phone":"11111","identification":{"typeIdentification":"DNI","numberIdentification":"444"}}],"authorizedSignatories":[{"fullName":"VERONICA ARANGO YAMASHIRO","email":"mail@gmail.commmm","phone":"2222222","identification":{"typeIdentification":"DNI","numberIdentification":"22222"}}]} 
2025-04-20 16:13:35-875 [reactor-http-nio-3] INFO  c.b.r.b.b.service.ResumeServiceImpl - 1. Getting products SA. 
2025-04-20 16:13:35-875 [reactor-http-nio-3] INFO  c.b.r.b.b.service.ResumeServiceImpl - 2. Creating resume request of product 67fec9835c652468edc457d0. 
2025-04-20 16:13:35-875 [reactor-http-nio-3] INFO  c.b.r.b.b.connector.ProductConnector - API findBalanceByProductId RQ: 67fec9835c652468edc457d0 
2025-04-20 16:13:35-876 [reactor-http-nio-3] INFO  c.b.r.b.b.config.WebClientProductApi - Request: GET,  http://localhost:8383/api/products/67fec9835c652468edc457d0/balance 
2025-04-20 16:13:35-880 [reactor-http-nio-3] INFO  c.b.r.b.b.config.WebClientProductApi - Response status: 200 OK 
2025-04-20 16:13:35-880 [netty-shutdown] INFO  o.s.b.w.e.netty.GracefulShutdown - Graceful shutdown complete 
2025-04-20 16:13:35-884 [reactor-http-nio-3] INFO  c.b.r.b.b.connector.ProductConnector - API findBalanceByProductId RS: {"creditLimit":0.0,"creditLimitUsed":0.0,"creditEnabledToUse":0.0,"totalAmountInAccount":505.0} 
2025-04-20 16:13:35-885 [reactor-http-nio-3] INFO  c.b.r.b.b.service.ResumeServiceImpl - 3. Balance of product 67f9cc806e374c0902dcdb73, {"creditLimit":0.0,"creditLimitUsed":0.0,"creditEnabledToUse":0.0,"totalAmountInAccount":505.0} 
2025-04-20 16:13:35-887 [reactor-http-nio-3] INFO  c.b.r.b.b.connector.FinanceConnector - API Create Resume RQ: {"scanAvailable":true} 
2025-04-20 16:13:35-888 [reactor-http-nio-3] INFO  c.b.r.b.b.connector.FinanceConnector - API Create resume RQ: {"productType":"CUENTA DE AHORROS","productId":"67f9cc806e374c0902dcdb73","customerId":"67ec1a41fabf6d0f4ada9865","creditEnabledToUse":0.0,"creditLimitTotal":0.0,"creditLimitUsed":0.0,"totalAmountInAccount":505.0,"informDate":[2025,4,20]} 
2025-04-20 16:13:35-889 [reactor-http-nio-3] INFO  c.b.r.b.b.config.WebClientFinanceApi - Request: POST,  http://localhost:8686/api/finance/resumes 
